"result_id","cdm_name","group_name","group_level","strata_name","strata_level","variable_name","variable_level","estimate_name","estimate_type","estimate_value","additional_name","additional_level"
"1","cdm_gold_202512","overall","overall","overall","overall","general",NA,"snapshot_date","date","2026-06-11","overall","overall"
"1","cdm_gold_202512","overall","overall","overall","overall","general",NA,"person_count","integer","17649004","overall","overall"
"1","cdm_gold_202512","overall","overall","overall","overall","general",NA,"vocabulary_version","character","v5.0 27-AUG-25","overall","overall"
"1","cdm_gold_202512","overall","overall","overall","overall","cdm",NA,"source_name","character","Clinical Practice Research Datalink, GOLD 202512  release","overall","overall"
"1","cdm_gold_202512","overall","overall","overall","overall","cdm",NA,"version","character","5.4","overall","overall"
"1","cdm_gold_202512","overall","overall","overall","overall","cdm",NA,"holder_name","character","NDORMS","overall","overall"
"1","cdm_gold_202512","overall","overall","overall","overall","cdm",NA,"release_date","character","2026-03-12","overall","overall"
"1","cdm_gold_202512","overall","overall","overall","overall","cdm",NA,"description","character","The Clinical Practice Research Datalink (CPRD) GOLD is a database of anonymised electronic health records (EHR) from General Practitioner (GP) clinics in the UK.","overall","overall"
"1","cdm_gold_202512","overall","overall","overall","overall","cdm",NA,"documentation_reference","character","https://cprd.com/primary-care-data-public-health-research","overall","overall"
"1","cdm_gold_202512","overall","overall","overall","overall","observation_period",NA,"count","integer","17649004","overall","overall"
"1","cdm_gold_202512","overall","overall","overall","overall","observation_period",NA,"start_date","date","1987-09-09","overall","overall"
"1","cdm_gold_202512","overall","overall","overall","overall","observation_period",NA,"end_date","date","2025-11-17","overall","overall"
"1","cdm_gold_202512","overall","overall","overall","overall","cdm_source",NA,"type","character","postgresql","overall","overall"
"1","cdm_gold_202512","overall","overall","overall","overall","cdm_source",NA,"package","character","CDMConnector","overall","overall"
"1","cdm_gold_202512","overall","overall","overall","overall","cdm_source",NA,"write_schema","character","results","overall","overall"
"1","cdm_gold_202512","overall","overall","overall","overall","cdm_source",NA,"write_prefix","character","jk_12","overall","overall"
"2","cdm_gold_202512","observation_period_ordinal","all","overall","overall","Records per person",NA,"mean","numeric","1","overall","overall"
"2","cdm_gold_202512","observation_period_ordinal","all","overall","overall","Records per person",NA,"sd","numeric","0","overall","overall"
"2","cdm_gold_202512","observation_period_ordinal","all","overall","overall","Records per person",NA,"min","integer","1","overall","overall"
"2","cdm_gold_202512","observation_period_ordinal","all","overall","overall","Records per person",NA,"q05","integer","1","overall","overall"
"2","cdm_gold_202512","observation_period_ordinal","all","overall","overall","Records per person",NA,"q25","integer","1","overall","overall"
"2","cdm_gold_202512","observation_period_ordinal","all","overall","overall","Records per person",NA,"median","integer","1","overall","overall"
"2","cdm_gold_202512","observation_period_ordinal","all","overall","overall","Records per person",NA,"q75","integer","1","overall","overall"
"2","cdm_gold_202512","observation_period_ordinal","all","overall","overall","Records per person",NA,"q95","integer","1","overall","overall"
"2","cdm_gold_202512","observation_period_ordinal","all","overall","overall","Records per person",NA,"max","integer","1","overall","overall"
"2","cdm_gold_202512","observation_period_ordinal","all","overall","overall","Duration in days",NA,"mean","numeric","3060.37843200676","overall","overall"
"2","cdm_gold_202512","observation_period_ordinal","all","overall","overall","Duration in days",NA,"sd","numeric","2742.7109147619","overall","overall"
"2","cdm_gold_202512","observation_period_ordinal","all","overall","overall","Duration in days",NA,"min","numeric","2","overall","overall"
"2","cdm_gold_202512","observation_period_ordinal","all","overall","overall","Duration in days",NA,"q05","numeric","122","overall","overall"
"2","cdm_gold_202512","observation_period_ordinal","all","overall","overall","Duration in days",NA,"q25","numeric","730","overall","overall"
"2","cdm_gold_202512","observation_period_ordinal","all","overall","overall","Duration in days",NA,"median","numeric","2156","overall","overall"
"2","cdm_gold_202512","observation_period_ordinal","all","overall","overall","Duration in days",NA,"q75","numeric","4940","overall","overall"
"2","cdm_gold_202512","observation_period_ordinal","all","overall","overall","Duration in days",NA,"q95","numeric","8338","overall","overall"
"2","cdm_gold_202512","observation_period_ordinal","all","overall","overall","Duration in days",NA,"max","numeric","13308","overall","overall"
"2","cdm_gold_202512","observation_period_ordinal","1st","overall","overall","Duration in days",NA,"mean","numeric","3060.37843200676","overall","overall"
"2","cdm_gold_202512","observation_period_ordinal","1st","overall","overall","Duration in days",NA,"sd","numeric","2742.7109147619","overall","overall"
"2","cdm_gold_202512","observation_period_ordinal","1st","overall","overall","Duration in days",NA,"min","numeric","2","overall","overall"
"2","cdm_gold_202512","observation_period_ordinal","1st","overall","overall","Duration in days",NA,"q05","numeric","122","overall","overall"
"2","cdm_gold_202512","observation_period_ordinal","1st","overall","overall","Duration in days",NA,"q25","numeric","730","overall","overall"
"2","cdm_gold_202512","observation_period_ordinal","1st","overall","overall","Duration in days",NA,"median","numeric","2156","overall","overall"
"2","cdm_gold_202512","observation_period_ordinal","1st","overall","overall","Duration in days",NA,"q75","numeric","4940","overall","overall"
"2","cdm_gold_202512","observation_period_ordinal","1st","overall","overall","Duration in days",NA,"q95","numeric","8338","overall","overall"
"2","cdm_gold_202512","observation_period_ordinal","1st","overall","overall","Duration in days",NA,"max","numeric","13308","overall","overall"
"2","cdm_gold_202512","observation_period_ordinal","all","overall","overall","Number records",NA,"count","integer","17649004","overall","overall"
"2","cdm_gold_202512","observation_period_ordinal","all","overall","overall","Number subjects",NA,"count","integer","17649004","overall","overall"
"2","cdm_gold_202512","observation_period_ordinal","all","overall","overall","Duration in days","density_001","density_x","numeric","14","overall","overall"
"2","cdm_gold_202512","observation_period_ordinal","all","overall","overall","Duration in days","density_001","density_y","numeric","0.000229755615624481","overall","overall"
"2","cdm_gold_202512","observation_period_ordinal","all","overall","overall","Duration in days","density_002","density_x","numeric","35.0156555772994","overall","overall"
"2","cdm_gold_202512","observation_period_ordinal","all","overall","overall","Duration in days","density_002","density_y","numeric","0.000266193900859394","overall","overall"
"2","cdm_gold_202512","observation_period_ordinal","all","overall","overall","Duration in days","density_003","density_x","numeric","56.0313111545988","overall","overall"
"2","cdm_gold_202512","observation_period_ordinal","all","overall","overall","Duration in days","density_003","density_y","numeric","0.000298866470890822","overall","overall"
"2","cdm_gold_202512","observation_period_ordinal","all","overall","overall","Duration in days","density_004","density_x","numeric","77.0469667318982","overall","overall"
"2","cdm_gold_202512","observation_period_ordinal","all","overall","overall","Duration in days","density_004","density_y","numeric","0.000326316076869292","overall","overall"
"2","cdm_gold_202512","observation_period_ordinal","all","overall","overall","Duration in days","density_005","density_x","numeric","98.0626223091976","overall","overall"
"2","cdm_gold_202512","observation_period_ordinal","all","overall","overall","Duration in days","density_005","density_y","numeric","0.000347762550366574","overall","overall"
"2","cdm_gold_202512","observation_period_ordinal","all","overall","overall","Duration in days","density_006","density_x","numeric","119.078277886497","overall","overall"
"2","cdm_gold_202512","observation_period_ordinal","all","overall","overall","Duration in days","density_006","density_y","numeric","0.000363119565261533","overall","overall"
"2","cdm_gold_202512","observation_period_ordinal","all","overall","overall","Duration in days","density_007","density_x","numeric","140.093933463796","overall","overall"
"2","cdm_gold_202512","observation_period_ordinal","all","overall","overall","Duration in days","density_007","density_y","numeric","0.000372886076129865","overall","overall"
"2","cdm_gold_202512","observation_period_ordinal","all","overall","overall","Duration in days","density_008","density_x","numeric","161.109589041096","overall","overall"
"2","cdm_gold_202512","observation_period_ordinal","all","overall","overall","Duration in days","density_008","density_y","numeric","0.000377958372315675","overall","overall"
"2","cdm_gold_202512","observation_period_ordinal","all","overall","overall","Duration in days","density_009","density_x","numeric","182.125244618395","overall","overall"
"2","cdm_gold_202512","observation_period_ordinal","all","overall","overall","Duration in days","density_009","density_y","numeric","0.000379417930513496","overall","overall"
"2","cdm_gold_202512","observation_period_ordinal","all","overall","overall","Duration in days","density_010","density_x","numeric","203.140900195695","overall","overall"
"2","cdm_gold_202512","observation_period_ordinal","all","overall","overall","Duration in days","density_010","density_y","numeric","0.00037834163642434","overall","overall"
"2","cdm_gold_202512","observation_period_ordinal","all","overall","overall","Duration in days","density_011","density_x","numeric","224.156555772994","overall","overall"
"2","cdm_gold_202512","observation_period_ordinal","all","overall","overall","Duration in days","density_011","density_y","numeric","0.00037566195314636","overall","overall"
"2","cdm_gold_202512","observation_period_ordinal","all","overall","overall","Duration in days","density_012","density_x","numeric","245.172211350294","overall","overall"
"2","cdm_gold_202512","observation_period_ordinal","all","overall","overall","Duration in days","density_012","density_y","numeric","0.000372083291903801","overall","overall"
"2","cdm_gold_202512","observation_period_ordinal","all","overall","overall","Duration in days","density_013","density_x","numeric","266.187866927593","overall","overall"
"2","cdm_gold_202512","observation_period_ordinal","all","overall","overall","Duration in days","density_013","density_y","numeric","0.000368043243567822","overall","overall"
"2","cdm_gold_202512","observation_period_ordinal","all","overall","overall","Duration in days","density_014","density_x","numeric","287.203522504892","overall","overall"
"2","cdm_gold_202512","observation_period_ordinal","all","overall","overall","Duration in days","density_014","density_y","numeric","0.000363761678245965","overall","overall"
"2","cdm_gold_202512","observation_period_ordinal","all","overall","overall","Duration in days","density_015","density_x","numeric","308.219178082192","overall","overall"
"2","cdm_gold_202512","observation_period_ordinal","all","overall","overall","Duration in days","density_015","density_y","numeric","0.000359227633486728","overall","overall"
"2","cdm_gold_202512","observation_period_ordinal","all","overall","overall","Duration in days","density_016","density_x","numeric","329.234833659491","overall","overall"
"2","cdm_gold_202512","observation_period_ordinal","all","overall","overall","Duration in days","density_016","density_y","numeric","0.000354333735271113","overall","overall"
"2","cdm_gold_202512","observation_period_ordinal","all","overall","overall","Duration in days","density_017","density_x","numeric","350.250489236791","overall","overall"
"2","cdm_gold_202512","observation_period_ordinal","all","overall","overall","Duration in days","density_017","density_y","numeric","0.000348956477607183","overall","overall"
"2","cdm_gold_202512","observation_period_ordinal","all","overall","overall","Duration in days","density_018","density_x","numeric","371.26614481409","overall","overall"
"2","cdm_gold_202512","observation_period_ordinal","all","overall","overall","Duration in days","density_018","density_y","numeric","0.000343026948429765","overall","overall"
"2","cdm_gold_202512","observation_period_ordinal","all","overall","overall","Duration in days","density_019","density_x","numeric","392.281800391389","overall","overall"
"2","cdm_gold_202512","observation_period_ordinal","all","overall","overall","Duration in days","density_019","density_y","numeric","0.000336578215334082","overall","overall"
"2","cdm_gold_202512","observation_period_ordinal","all","overall","overall","Duration in days","density_020","density_x","numeric","413.297455968689","overall","overall"
"2","cdm_gold_202512","observation_period_ordinal","all","overall","overall","Duration in days","density_020","density_y","numeric","0.000329760278897913","overall","overall"
"2","cdm_gold_202512","observation_period_ordinal","all","overall","overall","Duration in days","density_021","density_x","numeric","434.313111545988","overall","overall"
"2","cdm_gold_202512","observation_period_ordinal","all","overall","overall","Duration in days","density_021","density_y","numeric","0.000322821014919288","overall","overall"
"2","cdm_gold_202512","observation_period_ordinal","all","overall","overall","Duration in days","density_022","density_x","numeric","455.328767123288","overall","overall"
"2","cdm_gold_202512","observation_period_ordinal","all","overall","overall","Duration in days","density_022","density_y","numeric","0.000316059623148231","overall","overall"
"2","cdm_gold_202512","observation_period_ordinal","all","overall","overall","Duration in days","density_023","density_x","numeric","476.344422700587","overall","overall"
"2","cdm_gold_202512","observation_period_ordinal","all","overall","overall","Duration in days","density_023","density_y","numeric","0.000309765422050809","overall","overall"
"2","cdm_gold_202512","observation_period_ordinal","all","overall","overall","Duration in days","density_024","density_x","numeric","497.360078277886","overall","overall"
"2","cdm_gold_202512","observation_period_ordinal","all","overall","overall","Duration in days","density_024","density_y","numeric","0.000304157719777964","overall","overall"
"2","cdm_gold_202512","observation_period_ordinal","all","overall","overall","Duration in days","density_025","density_x","numeric","518.375733855186","overall","overall"
"2","cdm_gold_202512","observation_period_ordinal","all","overall","overall","Duration in days","density_025","density_y","numeric","0.000299341398379526","overall","overall"
"2","cdm_gold_202512","observation_period_ordinal","all","overall","overall","Duration in days","density_026","density_x","numeric","539.391389432485","overall","overall"
"2","cdm_gold_202512","observation_period_ordinal","all","overall","overall","Duration in days","density_026","density_y","numeric","0.00029528831541124","overall","overall"
"2","cdm_gold_202512","observation_period_ordinal","all","overall","overall","Duration in days","density_027","density_x","numeric","560.407045009785","overall","overall"
"2","cdm_gold_202512","observation_period_ordinal","all","overall","overall","Duration in days","density_027","density_y","numeric","0.000291847977324952","overall","overall"
"2","cdm_gold_202512","observation_period_ordinal","all","overall","overall","Duration in days","density_028","density_x","numeric","581.422700587084","overall","overall"
"2","cdm_gold_202512","observation_period_ordinal","all","overall","overall","Duration in days","density_028","density_y","numeric","0.000288783827937286","overall","overall"
"2","cdm_gold_202512","observation_period_ordinal","all","overall","overall","Duration in days","density_029","density_x","numeric","602.438356164384","overall","overall"
"2","cdm_gold_202512","observation_period_ordinal","all","overall","overall","Duration in days","density_029","density_y","numeric","0.00028581691526767","overall","overall"
"2","cdm_gold_202512","observation_period_ordinal","all","overall","overall","Duration in days","density_030","density_x","numeric","623.454011741683","overall","overall"
"2","cdm_gold_202512","observation_period_ordinal","all","overall","overall","Duration in days","density_030","density_y","numeric","0.00028268289630536","overall","overall"
"2","cdm_gold_202512","observation_period_ordinal","all","overall","overall","Duration in days","density_031","density_x","numeric","644.469667318982","overall","overall"
"2","cdm_gold_202512","observation_period_ordinal","all","overall","overall","Duration in days","density_031","density_y","numeric","0.000279219922127365","overall","overall"
"2","cdm_gold_202512","observation_period_ordinal","all","overall","overall","Duration in days","density_032","density_x","numeric","665.485322896282","overall","overall"
"2","cdm_gold_202512","observation_period_ordinal","all","overall","overall","Duration in days","density_032","density_y","numeric","0.000275359478136427","overall","overall"
"2","cdm_gold_202512","observation_period_ordinal","all","overall","overall","Duration in days","density_033","density_x","numeric","686.500978473581","overall","overall"
"2","cdm_gold_202512","observation_period_ordinal","all","overall","overall","Duration in days","density_033","density_y","numeric","0.00027112059735052","overall","overall"
"2","cdm_gold_202512","observation_period_ordinal","all","overall","overall","Duration in days","density_034","density_x","numeric","707.516634050881","overall","overall"
"2","cdm_gold_202512","observation_period_ordinal","all","overall","overall","Duration in days","density_034","density_y","numeric","0.000266590887927581","overall","overall"
"2","cdm_gold_202512","observation_period_ordinal","all","overall","overall","Duration in days","density_035","density_x","numeric","728.53228962818","overall","overall"
"2","cdm_gold_202512","observation_period_ordinal","all","overall","overall","Duration in days","density_035","density_y","numeric","0.000261899999666013","overall","overall"
"2","cdm_gold_202512","observation_period_ordinal","all","overall","overall","Duration in days","density_036","density_x","numeric","749.547945205479","overall","overall"
"2","cdm_gold_202512","observation_period_ordinal","all","overall","overall","Duration in days","density_036","density_y","numeric","0.000257192092743949","overall","overall"
"2","cdm_gold_202512","observation_period_ordinal","all","overall","overall","Duration in days","density_037","density_x","numeric","770.563600782779","overall","overall"
"2","cdm_gold_202512","observation_period_ordinal","all","overall","overall","Duration in days","density_037","density_y","numeric","0.000252601916365183","overall","overall"
"2","cdm_gold_202512","observation_period_ordinal","all","overall","overall","Duration in days","density_038","density_x","numeric","791.579256360078","overall","overall"
"2","cdm_gold_202512","observation_period_ordinal","all","overall","overall","Duration in days","density_038","density_y","numeric","0.000248237056716218","overall","overall"
"2","cdm_gold_202512","observation_period_ordinal","all","overall","overall","Duration in days","density_039","density_x","numeric","812.594911937378","overall","overall"
"2","cdm_gold_202512","observation_period_ordinal","all","overall","overall","Duration in days","density_039","density_y","numeric","0.000244167437333125","overall","overall"
"2","cdm_gold_202512","observation_period_ordinal","all","overall","overall","Duration in days","density_040","density_x","numeric","833.610567514677","overall","overall"
"2","cdm_gold_202512","observation_period_ordinal","all","overall","overall","Duration in days","density_040","density_y","numeric","0.000240422253027819","overall","overall"
"2","cdm_gold_202512","observation_period_ordinal","all","overall","overall","Duration in days","density_041","density_x","numeric","854.626223091976","overall","overall"
"2","cdm_gold_202512","observation_period_ordinal","all","overall","overall","Duration in days","density_041","density_y","numeric","0.000236993790297048","overall","overall"
"2","cdm_gold_202512","observation_period_ordinal","all","overall","overall","Duration in days","density_042","density_x","numeric","875.641878669276","overall","overall"
"2","cdm_gold_202512","observation_period_ordinal","all","overall","overall","Duration in days","density_042","density_y","numeric","0.000233846659069716","overall","overall"
"2","cdm_gold_202512","observation_period_ordinal","all","overall","overall","Duration in days","density_043","density_x","numeric","896.657534246575","overall","overall"
"2","cdm_gold_202512","observation_period_ordinal","all","overall","overall","Duration in days","density_043","density_y","numeric","0.000230929854101941","overall","overall"
"2","cdm_gold_202512","observation_period_ordinal","all","overall","overall","Duration in days","density_044","density_x","numeric","917.673189823875","overall","overall"
"2","cdm_gold_202512","observation_period_ordinal","all","overall","overall","Duration in days","density_044","density_y","numeric","0.000228188291253964","overall","overall"
"2","cdm_gold_202512","observation_period_ordinal","all","overall","overall","Duration in days","density_045","density_x","numeric","938.688845401174","overall","overall"
"2","cdm_gold_202512","observation_period_ordinal","all","overall","overall","Duration in days","density_045","density_y","numeric","0.000225573078467852","overall","overall"
"2","cdm_gold_202512","observation_period_ordinal","all","overall","overall","Duration in days","density_046","density_x","numeric","959.704500978474","overall","overall"
"2","cdm_gold_202512","observation_period_ordinal","all","overall","overall","Duration in days","density_046","density_y","numeric","0.000223035951220712","overall","overall"
"2","cdm_gold_202512","observation_period_ordinal","all","overall","overall","Duration in days","density_047","density_x","numeric","980.720156555773","overall","overall"
"2","cdm_gold_202512","observation_period_ordinal","all","overall","overall","Duration in days","density_047","density_y","numeric","0.000220533599147836","overall","overall"
"2","cdm_gold_202512","observation_period_ordinal","all","overall","overall","Duration in days","density_048","density_x","numeric","1001.73581213307","overall","overall"
"2","cdm_gold_202512","observation_period_ordinal","all","overall","overall","Duration in days","density_048","density_y","numeric","0.000218029998968006","overall","overall"
"2","cdm_gold_202512","observation_period_ordinal","all","overall","overall","Duration in days","density_049","density_x","numeric","1022.75146771037","overall","overall"
"2","cdm_gold_202512","observation_period_ordinal","all","overall","overall","Duration in days","density_049","density_y","numeric","0.000215492092565","overall","overall"
"2","cdm_gold_202512","observation_period_ordinal","all","overall","overall","Duration in days","density_050","density_x","numeric","1043.76712328767","overall","overall"
"2","cdm_gold_202512","observation_period_ordinal","all","overall","overall","Duration in days","density_050","density_y","numeric","0.000212892890369194","overall","overall"
"2","cdm_gold_202512","observation_period_ordinal","all","overall","overall","Duration in days","density_051","density_x","numeric","1064.78277886497","overall","overall"
"2","cdm_gold_202512","observation_period_ordinal","all","overall","overall","Duration in days","density_051","density_y","numeric","0.000210215759913398","overall","overall"
"2","cdm_gold_202512","observation_period_ordinal","all","overall","overall","Duration in days","density_052","density_x","numeric","1085.79843444227","overall","overall"
"2","cdm_gold_202512","observation_period_ordinal","all","overall","overall","Duration in days","density_052","density_y","numeric","0.000207457745426922","overall","overall"
"2","cdm_gold_202512","observation_period_ordinal","all","overall","overall","Duration in days","density_053","density_x","numeric","1106.81409001957","overall","overall"
"2","cdm_gold_202512","observation_period_ordinal","all","overall","overall","Duration in days","density_053","density_y","numeric","0.000204630279059467","overall","overall"
"2","cdm_gold_202512","observation_period_ordinal","all","overall","overall","Duration in days","density_054","density_x","numeric","1127.82974559687","overall","overall"
"2","cdm_gold_202512","observation_period_ordinal","all","overall","overall","Duration in days","density_054","density_y","numeric","0.000201756877093884","overall","overall"
"2","cdm_gold_202512","observation_period_ordinal","all","overall","overall","Duration in days","density_055","density_x","numeric","1148.84540117417","overall","overall"
"2","cdm_gold_202512","observation_period_ordinal","all","overall","overall","Duration in days","density_055","density_y","numeric","0.000198868721142225","overall","overall"
"2","cdm_gold_202512","observation_period_ordinal","all","overall","overall","Duration in days","density_056","density_x","numeric","1169.86105675147","overall","overall"
"2","cdm_gold_202512","observation_period_ordinal","all","overall","overall","Duration in days","density_056","density_y","numeric","0.000195999837854046","overall","overall"
"2","cdm_gold_202512","observation_period_ordinal","all","overall","overall","Duration in days","density_057","density_x","numeric","1190.87671232877","overall","overall"
"2","cdm_gold_202512","observation_period_ordinal","all","overall","overall","Duration in days","density_057","density_y","numeric","0.000193183594306172","overall","overall"
"2","cdm_gold_202512","observation_period_ordinal","all","overall","overall","Duration in days","density_058","density_x","numeric","1211.89236790607","overall","overall"
"2","cdm_gold_202512","observation_period_ordinal","all","overall","overall","Duration in days","density_058","density_y","numeric","0.000190451427605813","overall","overall"
"2","cdm_gold_202512","observation_period_ordinal","all","overall","overall","Duration in days","density_059","density_x","numeric","1232.90802348337","overall","overall"
"2","cdm_gold_202512","observation_period_ordinal","all","overall","overall","Duration in days","density_059","density_y","numeric","0.000187833445314159","overall","overall"
"2","cdm_gold_202512","observation_period_ordinal","all","overall","overall","Duration in days","density_060","density_x","numeric","1253.92367906067","overall","overall"
"2","cdm_gold_202512","observation_period_ordinal","all","overall","overall","Duration in days","density_060","density_y","numeric","0.000185359310541611","overall","overall"
"2","cdm_gold_202512","observation_period_ordinal","all","overall","overall","Duration in days","density_061","density_x","numeric","1274.93933463796","overall","overall"
"2","cdm_gold_202512","observation_period_ordinal","all","overall","overall","Duration in days","density_061","density_y","numeric","0.000183059231189013","overall","overall"
"2","cdm_gold_202512","observation_period_ordinal","all","overall","overall","Duration in days","density_062","density_x","numeric","1295.95499021526","overall","overall"
"2","cdm_gold_202512","observation_period_ordinal","all","overall","overall","Duration in days","density_062","density_y","numeric","0.000180965718420966","overall","overall"
"2","cdm_gold_202512","observation_period_ordinal","all","overall","overall","Duration in days","density_063","density_x","numeric","1316.97064579256","overall","overall"
"2","cdm_gold_202512","observation_period_ordinal","all","overall","overall","Duration in days","density_063","density_y","numeric","0.000179072045384959","overall","overall"
"2","cdm_gold_202512","observation_period_ordinal","all","overall","overall","Duration in days","density_064","density_x","numeric","1337.98630136986","overall","overall"
"2","cdm_gold_202512","observation_period_ordinal","all","overall","overall","Duration in days","density_064","density_y","numeric","0.000177357558111126","overall","overall"
"2","cdm_gold_202512","observation_period_ordinal","all","overall","overall","Duration in days","density_065","density_x","numeric","1359.00195694716","overall","overall"
"2","cdm_gold_202512","observation_period_ordinal","all","overall","overall","Duration in days","density_065","density_y","numeric","0.000175774056923899","overall","overall"
"2","cdm_gold_202512","observation_period_ordinal","all","overall","overall","Duration in days","density_066","density_x","numeric","1380.01761252446","overall","overall"
"2","cdm_gold_202512","observation_period_ordinal","all","overall","overall","Duration in days","density_066","density_y","numeric","0.000174249525204197","overall","overall"
"2","cdm_gold_202512","observation_period_ordinal","all","overall","overall","Duration in days","density_067","density_x","numeric","1401.03326810176","overall","overall"
"2","cdm_gold_202512","observation_period_ordinal","all","overall","overall","Duration in days","density_067","density_y","numeric","0.000172699105157073","overall","overall"
"2","cdm_gold_202512","observation_period_ordinal","all","overall","overall","Duration in days","density_068","density_x","numeric","1422.04892367906","overall","overall"
"2","cdm_gold_202512","observation_period_ordinal","all","overall","overall","Duration in days","density_068","density_y","numeric","0.000171041097861951","overall","overall"
"2","cdm_gold_202512","observation_period_ordinal","all","overall","overall","Duration in days","density_069","density_x","numeric","1443.06457925636","overall","overall"
"2","cdm_gold_202512","observation_period_ordinal","all","overall","overall","Duration in days","density_069","density_y","numeric","0.000169214039444387","overall","overall"
"2","cdm_gold_202512","observation_period_ordinal","all","overall","overall","Duration in days","density_070","density_x","numeric","1464.08023483366","overall","overall"
"2","cdm_gold_202512","observation_period_ordinal","all","overall","overall","Duration in days","density_070","density_y","numeric","0.000167190391784044","overall","overall"
"2","cdm_gold_202512","observation_period_ordinal","all","overall","overall","Duration in days","density_071","density_x","numeric","1485.09589041096","overall","overall"
"2","cdm_gold_202512","observation_period_ordinal","all","overall","overall","Duration in days","density_071","density_y","numeric","0.000164983185124167","overall","overall"
"2","cdm_gold_202512","observation_period_ordinal","all","overall","overall","Duration in days","density_072","density_x","numeric","1506.11154598826","overall","overall"
"2","cdm_gold_202512","observation_period_ordinal","all","overall","overall","Duration in days","density_072","density_y","numeric","0.000162643808645623","overall","overall"
"2","cdm_gold_202512","observation_period_ordinal","all","overall","overall","Duration in days","density_073","density_x","numeric","1527.12720156556","overall","overall"
"2","cdm_gold_202512","observation_period_ordinal","all","overall","overall","Duration in days","density_073","density_y","numeric","0.000160251548726086","overall","overall"
"2","cdm_gold_202512","observation_period_ordinal","all","overall","overall","Duration in days","density_074","density_x","numeric","1548.14285714286","overall","overall"
"2","cdm_gold_202512","observation_period_ordinal","all","overall","overall","Duration in days","density_074","density_y","numeric","0.000157897764202366","overall","overall"
"2","cdm_gold_202512","observation_period_ordinal","all","overall","overall","Duration in days","density_075","density_x","numeric","1569.15851272016","overall","overall"
"2","cdm_gold_202512","observation_period_ordinal","all","overall","overall","Duration in days","density_075","density_y","numeric","0.000155669101687963","overall","overall"
"2","cdm_gold_202512","observation_period_ordinal","all","overall","overall","Duration in days","density_076","density_x","numeric","1590.17416829746","overall","overall"
"2","cdm_gold_202512","observation_period_ordinal","all","overall","overall","Duration in days","density_076","density_y","numeric","0.000153634383944354","overall","overall"
"2","cdm_gold_202512","observation_period_ordinal","all","overall","overall","Duration in days","density_077","density_x","numeric","1611.18982387476","overall","overall"
"2","cdm_gold_202512","observation_period_ordinal","all","overall","overall","Duration in days","density_077","density_y","numeric","0.000151838552652154","overall","overall"
"2","cdm_gold_202512","observation_period_ordinal","all","overall","overall","Duration in days","density_078","density_x","numeric","1632.20547945205","overall","overall"
"2","cdm_gold_202512","observation_period_ordinal","all","overall","overall","Duration in days","density_078","density_y","numeric","0.000150320441059248","overall","overall"
"2","cdm_gold_202512","observation_period_ordinal","all","overall","overall","Duration in days","density_079","density_x","numeric","1653.22113502935","overall","overall"
"2","cdm_gold_202512","observation_period_ordinal","all","overall","overall","Duration in days","density_079","density_y","numeric","0.000149075951455408","overall","overall"
"2","cdm_gold_202512","observation_period_ordinal","all","overall","overall","Duration in days","density_080","density_x","numeric","1674.23679060665","overall","overall"
"2","cdm_gold_202512","observation_period_ordinal","all","overall","overall","Duration in days","density_080","density_y","numeric","0.000148103715954869","overall","overall"
"2","cdm_gold_202512","observation_period_ordinal","all","overall","overall","Duration in days","density_081","density_x","numeric","1695.25244618395","overall","overall"
"2","cdm_gold_202512","observation_period_ordinal","all","overall","overall","Duration in days","density_081","density_y","numeric","0.000147400536864011","overall","overall"
"2","cdm_gold_202512","observation_period_ordinal","all","overall","overall","Duration in days","density_082","density_x","numeric","1716.26810176125","overall","overall"
"2","cdm_gold_202512","observation_period_ordinal","all","overall","overall","Duration in days","density_082","density_y","numeric","0.00014695042693419","overall","overall"
"2","cdm_gold_202512","observation_period_ordinal","all","overall","overall","Duration in days","density_083","density_x","numeric","1737.28375733855","overall","overall"
"2","cdm_gold_202512","observation_period_ordinal","all","overall","overall","Duration in days","density_083","density_y","numeric","0.000146711272203786","overall","overall"
"2","cdm_gold_202512","observation_period_ordinal","all","overall","overall","Duration in days","density_084","density_x","numeric","1758.29941291585","overall","overall"
"2","cdm_gold_202512","observation_period_ordinal","all","overall","overall","Duration in days","density_084","density_y","numeric","0.00014660257925063","overall","overall"
"2","cdm_gold_202512","observation_period_ordinal","all","overall","overall","Duration in days","density_085","density_x","numeric","1779.31506849315","overall","overall"
"2","cdm_gold_202512","observation_period_ordinal","all","overall","overall","Duration in days","density_085","density_y","numeric","0.00014650178903648","overall","overall"
"2","cdm_gold_202512","observation_period_ordinal","all","overall","overall","Duration in days","density_086","density_x","numeric","1800.33072407045","overall","overall"
"2","cdm_gold_202512","observation_period_ordinal","all","overall","overall","Duration in days","density_086","density_y","numeric","0.000146254514600518","overall","overall"
"2","cdm_gold_202512","observation_period_ordinal","all","overall","overall","Duration in days","density_087","density_x","numeric","1821.34637964775","overall","overall"
"2","cdm_gold_202512","observation_period_ordinal","all","overall","overall","Duration in days","density_087","density_y","numeric","0.000145699293240638","overall","overall"
"2","cdm_gold_202512","observation_period_ordinal","all","overall","overall","Duration in days","density_088","density_x","numeric","1842.36203522505","overall","overall"
"2","cdm_gold_202512","observation_period_ordinal","all","overall","overall","Duration in days","density_088","density_y","numeric","0.000144701791122226","overall","overall"
"2","cdm_gold_202512","observation_period_ordinal","all","overall","overall","Duration in days","density_089","density_x","numeric","1863.37769080235","overall","overall"
"2","cdm_gold_202512","observation_period_ordinal","all","overall","overall","Duration in days","density_089","density_y","numeric","0.000143189078549752","overall","overall"
"2","cdm_gold_202512","observation_period_ordinal","all","overall","overall","Duration in days","density_090","density_x","numeric","1884.39334637965","overall","overall"
"2","cdm_gold_202512","observation_period_ordinal","all","overall","overall","Duration in days","density_090","density_y","numeric","0.000141173384956128","overall","overall"
"2","cdm_gold_202512","observation_period_ordinal","all","overall","overall","Duration in days","density_091","density_x","numeric","1905.40900195695","overall","overall"
"2","cdm_gold_202512","observation_period_ordinal","all","overall","overall","Duration in days","density_091","density_y","numeric","0.000138757257734148","overall","overall"
"2","cdm_gold_202512","observation_period_ordinal","all","overall","overall","Duration in days","density_092","density_x","numeric","1926.42465753425","overall","overall"
"2","cdm_gold_202512","observation_period_ordinal","all","overall","overall","Duration in days","density_092","density_y","numeric","0.000136117462897104","overall","overall"
"2","cdm_gold_202512","observation_period_ordinal","all","overall","overall","Duration in days","density_093","density_x","numeric","1947.44031311155","overall","overall"
"2","cdm_gold_202512","observation_period_ordinal","all","overall","overall","Duration in days","density_093","density_y","numeric","0.000133471327157961","overall","overall"
"2","cdm_gold_202512","observation_period_ordinal","all","overall","overall","Duration in days","density_094","density_x","numeric","1968.45596868885","overall","overall"
"2","cdm_gold_202512","observation_period_ordinal","all","overall","overall","Duration in days","density_094","density_y","numeric","0.000131048997995082","overall","overall"
"2","cdm_gold_202512","observation_period_ordinal","all","overall","overall","Duration in days","density_095","density_x","numeric","1989.47162426614","overall","overall"
"2","cdm_gold_202512","observation_period_ordinal","all","overall","overall","Duration in days","density_095","density_y","numeric","0.0001290316501471","overall","overall"
"2","cdm_gold_202512","observation_period_ordinal","all","overall","overall","Duration in days","density_096","density_x","numeric","2010.48727984344","overall","overall"
"2","cdm_gold_202512","observation_period_ordinal","all","overall","overall","Duration in days","density_096","density_y","numeric","0.000127496033250294","overall","overall"
"2","cdm_gold_202512","observation_period_ordinal","all","overall","overall","Duration in days","density_097","density_x","numeric","2031.50293542074","overall","overall"
"2","cdm_gold_202512","observation_period_ordinal","all","overall","overall","Duration in days","density_097","density_y","numeric","0.00012644784083608","overall","overall"
"2","cdm_gold_202512","observation_period_ordinal","all","overall","overall","Duration in days","density_098","density_x","numeric","2052.51859099804","overall","overall"
"2","cdm_gold_202512","observation_period_ordinal","all","overall","overall","Duration in days","density_098","density_y","numeric","0.000125827026517209","overall","overall"
"2","cdm_gold_202512","observation_period_ordinal","all","overall","overall","Duration in days","density_099","density_x","numeric","2073.53424657534","overall","overall"
"2","cdm_gold_202512","observation_period_ordinal","all","overall","overall","Duration in days","density_099","density_y","numeric","0.000125529140123973","overall","overall"
"2","cdm_gold_202512","observation_period_ordinal","all","overall","overall","Duration in days","density_100","density_x","numeric","2094.54990215264","overall","overall"
"2","cdm_gold_202512","observation_period_ordinal","all","overall","overall","Duration in days","density_100","density_y","numeric","0.000125428522230392","overall","overall"
"2","cdm_gold_202512","observation_period_ordinal","all","overall","overall","Duration in days","density_101","density_x","numeric","2115.56555772994","overall","overall"
"2","cdm_gold_202512","observation_period_ordinal","all","overall","overall","Duration in days","density_101","density_y","numeric","0.000125397695318133","overall","overall"
"2","cdm_gold_202512","observation_period_ordinal","all","overall","overall","Duration in days","density_102","density_x","numeric","2136.58121330724","overall","overall"
"2","cdm_gold_202512","observation_period_ordinal","all","overall","overall","Duration in days","density_102","density_y","numeric","0.000125320323742613","overall","overall"
"2","cdm_gold_202512","observation_period_ordinal","all","overall","overall","Duration in days","density_103","density_x","numeric","2157.59686888454","overall","overall"
"2","cdm_gold_202512","observation_period_ordinal","all","overall","overall","Duration in days","density_103","density_y","numeric","0.000125098245228617","overall","overall"
"2","cdm_gold_202512","observation_period_ordinal","all","overall","overall","Duration in days","density_104","density_x","numeric","2178.61252446184","overall","overall"
"2","cdm_gold_202512","observation_period_ordinal","all","overall","overall","Duration in days","density_104","density_y","numeric","0.000124655020759211","overall","overall"
"2","cdm_gold_202512","observation_period_ordinal","all","overall","overall","Duration in days","density_105","density_x","numeric","2199.62818003914","overall","overall"
"2","cdm_gold_202512","observation_period_ordinal","all","overall","overall","Duration in days","density_105","density_y","numeric","0.000123938618159435","overall","overall"
"2","cdm_gold_202512","observation_period_ordinal","all","overall","overall","Duration in days","density_106","density_x","numeric","2220.64383561644","overall","overall"
"2","cdm_gold_202512","observation_period_ordinal","all","overall","overall","Duration in days","density_106","density_y","numeric","0.000122924522064863","overall","overall"
"2","cdm_gold_202512","observation_period_ordinal","all","overall","overall","Duration in days","density_107","density_x","numeric","2241.65949119374","overall","overall"
"2","cdm_gold_202512","observation_period_ordinal","all","overall","overall","Duration in days","density_107","density_y","numeric","0.000121618693949575","overall","overall"
"2","cdm_gold_202512","observation_period_ordinal","all","overall","overall","Duration in days","density_108","density_x","numeric","2262.67514677104","overall","overall"
"2","cdm_gold_202512","observation_period_ordinal","all","overall","overall","Duration in days","density_108","density_y","numeric","0.000120058507697057","overall","overall"
"2","cdm_gold_202512","observation_period_ordinal","all","overall","overall","Duration in days","density_109","density_x","numeric","2283.69080234834","overall","overall"
"2","cdm_gold_202512","observation_period_ordinal","all","overall","overall","Duration in days","density_109","density_y","numeric","0.000118309787356675","overall","overall"
"2","cdm_gold_202512","observation_period_ordinal","all","overall","overall","Duration in days","density_110","density_x","numeric","2304.70645792564","overall","overall"
"2","cdm_gold_202512","observation_period_ordinal","all","overall","overall","Duration in days","density_110","density_y","numeric","0.000116459405569896","overall","overall"
"2","cdm_gold_202512","observation_period_ordinal","all","overall","overall","Duration in days","density_111","density_x","numeric","2325.72211350294","overall","overall"
"2","cdm_gold_202512","observation_period_ordinal","all","overall","overall","Duration in days","density_111","density_y","numeric","0.000114613141829865","overall","overall"
"2","cdm_gold_202512","observation_period_ordinal","all","overall","overall","Duration in days","density_112","density_x","numeric","2346.73776908024","overall","overall"
"2","cdm_gold_202512","observation_period_ordinal","all","overall","overall","Duration in days","density_112","density_y","numeric","0.000112869292933603","overall","overall"
"2","cdm_gold_202512","observation_period_ordinal","all","overall","overall","Duration in days","density_113","density_x","numeric","2367.75342465753","overall","overall"
"2","cdm_gold_202512","observation_period_ordinal","all","overall","overall","Duration in days","density_113","density_y","numeric","0.000111307009140438","overall","overall"
"2","cdm_gold_202512","observation_period_ordinal","all","overall","overall","Duration in days","density_114","density_x","numeric","2388.76908023483","overall","overall"
"2","cdm_gold_202512","observation_period_ordinal","all","overall","overall","Duration in days","density_114","density_y","numeric","0.000109986023213459","overall","overall"
"2","cdm_gold_202512","observation_period_ordinal","all","overall","overall","Duration in days","density_115","density_x","numeric","2409.78473581213","overall","overall"
"2","cdm_gold_202512","observation_period_ordinal","all","overall","overall","Duration in days","density_115","density_y","numeric","0.000108943545816299","overall","overall"
"2","cdm_gold_202512","observation_period_ordinal","all","overall","overall","Duration in days","density_116","density_x","numeric","2430.80039138943","overall","overall"
"2","cdm_gold_202512","observation_period_ordinal","all","overall","overall","Duration in days","density_116","density_y","numeric","0.000108192811190175","overall","overall"
"2","cdm_gold_202512","observation_period_ordinal","all","overall","overall","Duration in days","density_117","density_x","numeric","2451.81604696673","overall","overall"
"2","cdm_gold_202512","observation_period_ordinal","all","overall","overall","Duration in days","density_117","density_y","numeric","0.000107722837297135","overall","overall"
"2","cdm_gold_202512","observation_period_ordinal","all","overall","overall","Duration in days","density_118","density_x","numeric","2472.83170254403","overall","overall"
"2","cdm_gold_202512","observation_period_ordinal","all","overall","overall","Duration in days","density_118","density_y","numeric","0.000107499672639023","overall","overall"
"2","cdm_gold_202512","observation_period_ordinal","all","overall","overall","Duration in days","density_119","density_x","numeric","2493.84735812133","overall","overall"
"2","cdm_gold_202512","observation_period_ordinal","all","overall","overall","Duration in days","density_119","density_y","numeric","0.000107469812156154","overall","overall"
"2","cdm_gold_202512","observation_period_ordinal","all","overall","overall","Duration in days","density_120","density_x","numeric","2514.86301369863","overall","overall"
"2","cdm_gold_202512","observation_period_ordinal","all","overall","overall","Duration in days","density_120","density_y","numeric","0.000107566229721107","overall","overall"
"2","cdm_gold_202512","observation_period_ordinal","all","overall","overall","Duration in days","density_121","density_x","numeric","2535.87866927593","overall","overall"
"2","cdm_gold_202512","observation_period_ordinal","all","overall","overall","Duration in days","density_121","density_y","numeric","0.000107716634457627","overall","overall"
"2","cdm_gold_202512","observation_period_ordinal","all","overall","overall","Duration in days","density_122","density_x","numeric","2556.89432485323","overall","overall"
"2","cdm_gold_202512","observation_period_ordinal","all","overall","overall","Duration in days","density_122","density_y","numeric","0.000107852521327268","overall","overall"
"2","cdm_gold_202512","observation_period_ordinal","all","overall","overall","Duration in days","density_123","density_x","numeric","2577.90998043053","overall","overall"
"2","cdm_gold_202512","observation_period_ordinal","all","overall","overall","Duration in days","density_123","density_y","numeric","0.000107916937640964","overall","overall"
"2","cdm_gold_202512","observation_period_ordinal","all","overall","overall","Duration in days","density_124","density_x","numeric","2598.92563600783","overall","overall"
"2","cdm_gold_202512","observation_period_ordinal","all","overall","overall","Duration in days","density_124","density_y","numeric","0.00010786909336187","overall","overall"
"2","cdm_gold_202512","observation_period_ordinal","all","overall","overall","Duration in days","density_125","density_x","numeric","2619.94129158513","overall","overall"
"2","cdm_gold_202512","observation_period_ordinal","all","overall","overall","Duration in days","density_125","density_y","numeric","0.000107685070811301","overall","overall"
"2","cdm_gold_202512","observation_period_ordinal","all","overall","overall","Duration in days","density_126","density_x","numeric","2640.95694716243","overall","overall"
"2","cdm_gold_202512","observation_period_ordinal","all","overall","overall","Duration in days","density_126","density_y","numeric","0.000107355467589111","overall","overall"
"2","cdm_gold_202512","observation_period_ordinal","all","overall","overall","Duration in days","density_127","density_x","numeric","2661.97260273973","overall","overall"
"2","cdm_gold_202512","observation_period_ordinal","all","overall","overall","Duration in days","density_127","density_y","numeric","0.000106873479914651","overall","overall"
"2","cdm_gold_202512","observation_period_ordinal","all","overall","overall","Duration in days","density_128","density_x","numeric","2682.98825831703","overall","overall"
"2","cdm_gold_202512","observation_period_ordinal","all","overall","overall","Duration in days","density_128","density_y","numeric","0.000106260077096991","overall","overall"
"2","cdm_gold_202512","observation_period_ordinal","all","overall","overall","Duration in days","density_129","density_x","numeric","2704.00391389432","overall","overall"
"2","cdm_gold_202512","observation_period_ordinal","all","overall","overall","Duration in days","density_129","density_y","numeric","0.000105535515289852","overall","overall"
"2","cdm_gold_202512","observation_period_ordinal","all","overall","overall","Duration in days","density_130","density_x","numeric","2725.01956947162","overall","overall"
"2","cdm_gold_202512","observation_period_ordinal","all","overall","overall","Duration in days","density_130","density_y","numeric","0.000104725649507122","overall","overall"
"2","cdm_gold_202512","observation_period_ordinal","all","overall","overall","Duration in days","density_131","density_x","numeric","2746.03522504892","overall","overall"
"2","cdm_gold_202512","observation_period_ordinal","all","overall","overall","Duration in days","density_131","density_y","numeric","0.000103859710449449","overall","overall"
"2","cdm_gold_202512","observation_period_ordinal","all","overall","overall","Duration in days","density_132","density_x","numeric","2767.05088062622","overall","overall"
"2","cdm_gold_202512","observation_period_ordinal","all","overall","overall","Duration in days","density_132","density_y","numeric","0.000102965366123862","overall","overall"
"2","cdm_gold_202512","observation_period_ordinal","all","overall","overall","Duration in days","density_133","density_x","numeric","2788.06653620352","overall","overall"
"2","cdm_gold_202512","observation_period_ordinal","all","overall","overall","Duration in days","density_133","density_y","numeric","0.00010206323301125","overall","overall"
"2","cdm_gold_202512","observation_period_ordinal","all","overall","overall","Duration in days","density_134","density_x","numeric","2809.08219178082","overall","overall"
"2","cdm_gold_202512","observation_period_ordinal","all","overall","overall","Duration in days","density_134","density_y","numeric","0.000101163101988125","overall","overall"
"2","cdm_gold_202512","observation_period_ordinal","all","overall","overall","Duration in days","density_135","density_x","numeric","2830.09784735812","overall","overall"
"2","cdm_gold_202512","observation_period_ordinal","all","overall","overall","Duration in days","density_135","density_y","numeric","0.000100263748330118","overall","overall"
"2","cdm_gold_202512","observation_period_ordinal","all","overall","overall","Duration in days","density_136","density_x","numeric","2851.11350293542","overall","overall"
"2","cdm_gold_202512","observation_period_ordinal","all","overall","overall","Duration in days","density_136","density_y","numeric","9.93568463447305e-05","overall","overall"
"2","cdm_gold_202512","observation_period_ordinal","all","overall","overall","Duration in days","density_137","density_x","numeric","2872.12915851272","overall","overall"
"2","cdm_gold_202512","observation_period_ordinal","all","overall","overall","Duration in days","density_137","density_y","numeric","9.84338884370224e-05","overall","overall"
"2","cdm_gold_202512","observation_period_ordinal","all","overall","overall","Duration in days","density_138","density_x","numeric","2893.14481409002","overall","overall"
"2","cdm_gold_202512","observation_period_ordinal","all","overall","overall","Duration in days","density_138","density_y","numeric","9.74938449340509e-05","overall","overall"
"2","cdm_gold_202512","observation_period_ordinal","all","overall","overall","Duration in days","density_139","density_x","numeric","2914.16046966732","overall","overall"
"2","cdm_gold_202512","observation_period_ordinal","all","overall","overall","Duration in days","density_139","density_y","numeric","9.65490492360782e-05","overall","overall"
"2","cdm_gold_202512","observation_period_ordinal","all","overall","overall","Duration in days","density_140","density_x","numeric","2935.17612524462","overall","overall"
"2","cdm_gold_202512","observation_period_ordinal","all","overall","overall","Duration in days","density_140","density_y","numeric","9.56274710367762e-05","overall","overall"
"2","cdm_gold_202512","observation_period_ordinal","all","overall","overall","Duration in days","density_141","density_x","numeric","2956.19178082192","overall","overall"
"2","cdm_gold_202512","observation_period_ordinal","all","overall","overall","Duration in days","density_141","density_y","numeric","9.47707666064371e-05","overall","overall"
"2","cdm_gold_202512","observation_period_ordinal","all","overall","overall","Duration in days","density_142","density_x","numeric","2977.20743639922","overall","overall"
"2","cdm_gold_202512","observation_period_ordinal","all","overall","overall","Duration in days","density_142","density_y","numeric","9.40286977411233e-05","overall","overall"
"2","cdm_gold_202512","observation_period_ordinal","all","overall","overall","Duration in days","density_143","density_x","numeric","2998.22309197652","overall","overall"
"2","cdm_gold_202512","observation_period_ordinal","all","overall","overall","Duration in days","density_143","density_y","numeric","9.34603276696532e-05","overall","overall"
"2","cdm_gold_202512","observation_period_ordinal","all","overall","overall","Duration in days","density_144","density_x","numeric","3019.23874755382","overall","overall"
"2","cdm_gold_202512","observation_period_ordinal","all","overall","overall","Duration in days","density_144","density_y","numeric","9.31055857766217e-05","overall","overall"
"2","cdm_gold_202512","observation_period_ordinal","all","overall","overall","Duration in days","density_145","density_x","numeric","3040.25440313112","overall","overall"
"2","cdm_gold_202512","observation_period_ordinal","all","overall","overall","Duration in days","density_145","density_y","numeric","9.2978149033729e-05","overall","overall"
"2","cdm_gold_202512","observation_period_ordinal","all","overall","overall","Duration in days","density_146","density_x","numeric","3061.27005870841","overall","overall"
"2","cdm_gold_202512","observation_period_ordinal","all","overall","overall","Duration in days","density_146","density_y","numeric","9.30703243204876e-05","overall","overall"
"2","cdm_gold_202512","observation_period_ordinal","all","overall","overall","Duration in days","density_147","density_x","numeric","3082.28571428571","overall","overall"
"2","cdm_gold_202512","observation_period_ordinal","all","overall","overall","Duration in days","density_147","density_y","numeric","9.33460756167247e-05","overall","overall"
"2","cdm_gold_202512","observation_period_ordinal","all","overall","overall","Duration in days","density_148","density_x","numeric","3103.30136986301","overall","overall"
"2","cdm_gold_202512","observation_period_ordinal","all","overall","overall","Duration in days","density_148","density_y","numeric","9.37431304408125e-05","overall","overall"
"2","cdm_gold_202512","observation_period_ordinal","all","overall","overall","Duration in days","density_149","density_x","numeric","3124.31702544031","overall","overall"
"2","cdm_gold_202512","observation_period_ordinal","all","overall","overall","Duration in days","density_149","density_y","numeric","9.41803902788291e-05","overall","overall"
"2","cdm_gold_202512","observation_period_ordinal","all","overall","overall","Duration in days","density_150","density_x","numeric","3145.33268101761","overall","overall"
"2","cdm_gold_202512","observation_period_ordinal","all","overall","overall","Duration in days","density_150","density_y","numeric","9.45698329383648e-05","overall","overall"
"2","cdm_gold_202512","observation_period_ordinal","all","overall","overall","Duration in days","density_151","density_x","numeric","3166.34833659491","overall","overall"
"2","cdm_gold_202512","observation_period_ordinal","all","overall","overall","Duration in days","density_151","density_y","numeric","9.48305868735839e-05","overall","overall"
"2","cdm_gold_202512","observation_period_ordinal","all","overall","overall","Duration in days","density_152","density_x","numeric","3187.36399217221","overall","overall"
"2","cdm_gold_202512","observation_period_ordinal","all","overall","overall","Duration in days","density_152","density_y","numeric","9.49019288989644e-05","overall","overall"
"2","cdm_gold_202512","observation_period_ordinal","all","overall","overall","Duration in days","density_153","density_x","numeric","3208.37964774951","overall","overall"
"2","cdm_gold_202512","observation_period_ordinal","all","overall","overall","Duration in days","density_153","density_y","numeric","9.47520744020613e-05","overall","overall"
"2","cdm_gold_202512","observation_period_ordinal","all","overall","overall","Duration in days","density_154","density_x","numeric","3229.39530332681","overall","overall"
"2","cdm_gold_202512","observation_period_ordinal","all","overall","overall","Duration in days","density_154","density_y","numeric","9.43807951123362e-05","overall","overall"
"2","cdm_gold_202512","observation_period_ordinal","all","overall","overall","Duration in days","density_155","density_x","numeric","3250.41095890411","overall","overall"
"2","cdm_gold_202512","observation_period_ordinal","all","overall","overall","Duration in days","density_155","density_y","numeric","9.38156600319676e-05","overall","overall"
"2","cdm_gold_202512","observation_period_ordinal","all","overall","overall","Duration in days","density_156","density_x","numeric","3271.42661448141","overall","overall"
"2","cdm_gold_202512","observation_period_ordinal","all","overall","overall","Duration in days","density_156","density_y","numeric","9.31033589697617e-05","overall","overall"
"2","cdm_gold_202512","observation_period_ordinal","all","overall","overall","Duration in days","density_157","density_x","numeric","3292.44227005871","overall","overall"
"2","cdm_gold_202512","observation_period_ordinal","all","overall","overall","Duration in days","density_157","density_y","numeric","9.22985295268678e-05","overall","overall"
"2","cdm_gold_202512","observation_period_ordinal","all","overall","overall","Duration in days","density_158","density_x","numeric","3313.45792563601","overall","overall"
"2","cdm_gold_202512","observation_period_ordinal","all","overall","overall","Duration in days","density_158","density_y","numeric","9.14525402034228e-05","overall","overall"
"2","cdm_gold_202512","observation_period_ordinal","all","overall","overall","Duration in days","density_159","density_x","numeric","3334.47358121331","overall","overall"
"2","cdm_gold_202512","observation_period_ordinal","all","overall","overall","Duration in days","density_159","density_y","numeric","9.06044106075204e-05","overall","overall"
"2","cdm_gold_202512","observation_period_ordinal","all","overall","overall","Duration in days","density_160","density_x","numeric","3355.48923679061","overall","overall"
"2","cdm_gold_202512","observation_period_ordinal","all","overall","overall","Duration in days","density_160","density_y","numeric","8.97732663115797e-05","overall","overall"
"2","cdm_gold_202512","observation_period_ordinal","all","overall","overall","Duration in days","density_161","density_x","numeric","3376.50489236791","overall","overall"
"2","cdm_gold_202512","observation_period_ordinal","all","overall","overall","Duration in days","density_161","density_y","numeric","8.89516475785947e-05","overall","overall"
"2","cdm_gold_202512","observation_period_ordinal","all","overall","overall","Duration in days","density_162","density_x","numeric","3397.52054794521","overall","overall"
"2","cdm_gold_202512","observation_period_ordinal","all","overall","overall","Duration in days","density_162","density_y","numeric","8.8113896084762e-05","overall","overall"
"2","cdm_gold_202512","observation_period_ordinal","all","overall","overall","Duration in days","density_163","density_x","numeric","3418.5362035225","overall","overall"
"2","cdm_gold_202512","observation_period_ordinal","all","overall","overall","Duration in days","density_163","density_y","numeric","8.72250460649541e-05","overall","overall"
"2","cdm_gold_202512","observation_period_ordinal","all","overall","overall","Duration in days","density_164","density_x","numeric","3439.5518590998","overall","overall"
"2","cdm_gold_202512","observation_period_ordinal","all","overall","overall","Duration in days","density_164","density_y","numeric","8.62534821434974e-05","overall","overall"
"2","cdm_gold_202512","observation_period_ordinal","all","overall","overall","Duration in days","density_165","density_x","numeric","3460.5675146771","overall","overall"
"2","cdm_gold_202512","observation_period_ordinal","all","overall","overall","Duration in days","density_165","density_y","numeric","8.51847786414325e-05","overall","overall"
"2","cdm_gold_202512","observation_period_ordinal","all","overall","overall","Duration in days","density_166","density_x","numeric","3481.5831702544","overall","overall"
"2","cdm_gold_202512","observation_period_ordinal","all","overall","overall","Duration in days","density_166","density_y","numeric","8.40329785510161e-05","overall","overall"
"2","cdm_gold_202512","observation_period_ordinal","all","overall","overall","Duration in days","density_167","density_x","numeric","3502.5988258317","overall","overall"
"2","cdm_gold_202512","observation_period_ordinal","all","overall","overall","Duration in days","density_167","density_y","numeric","8.28456862176256e-05","overall","overall"
"2","cdm_gold_202512","observation_period_ordinal","all","overall","overall","Duration in days","density_168","density_x","numeric","3523.614481409","overall","overall"
"2","cdm_gold_202512","observation_period_ordinal","all","overall","overall","Duration in days","density_168","density_y","numeric","8.17007375250591e-05","overall","overall"
"2","cdm_gold_202512","observation_period_ordinal","all","overall","overall","Duration in days","density_169","density_x","numeric","3544.6301369863","overall","overall"
"2","cdm_gold_202512","observation_period_ordinal","all","overall","overall","Duration in days","density_169","density_y","numeric","8.06944149737896e-05","overall","overall"
"2","cdm_gold_202512","observation_period_ordinal","all","overall","overall","Duration in days","density_170","density_x","numeric","3565.6457925636","overall","overall"
"2","cdm_gold_202512","observation_period_ordinal","all","overall","overall","Duration in days","density_170","density_y","numeric","7.99234428672984e-05","overall","overall"
"2","cdm_gold_202512","observation_period_ordinal","all","overall","overall","Duration in days","density_171","density_x","numeric","3586.6614481409","overall","overall"
"2","cdm_gold_202512","observation_period_ordinal","all","overall","overall","Duration in days","density_171","density_y","numeric","7.9464642390804e-05","overall","overall"
"2","cdm_gold_202512","observation_period_ordinal","all","overall","overall","Duration in days","density_172","density_x","numeric","3607.6771037182","overall","overall"
"2","cdm_gold_202512","observation_period_ordinal","all","overall","overall","Duration in days","density_172","density_y","numeric","7.93567734020576e-05","overall","overall"
"2","cdm_gold_202512","observation_period_ordinal","all","overall","overall","Duration in days","density_173","density_x","numeric","3628.6927592955","overall","overall"
"2","cdm_gold_202512","observation_period_ordinal","all","overall","overall","Duration in days","density_173","density_y","numeric","7.95887405326166e-05","overall","overall"
"2","cdm_gold_202512","observation_period_ordinal","all","overall","overall","Duration in days","density_174","density_x","numeric","3649.7084148728","overall","overall"
"2","cdm_gold_202512","observation_period_ordinal","all","overall","overall","Duration in days","density_174","density_y","numeric","8.0097237546288e-05","overall","overall"
"2","cdm_gold_202512","observation_period_ordinal","all","overall","overall","Duration in days","density_175","density_x","numeric","3670.7240704501","overall","overall"
"2","cdm_gold_202512","observation_period_ordinal","all","overall","overall","Duration in days","density_175","density_y","numeric","8.07753134913853e-05","overall","overall"
"2","cdm_gold_202512","observation_period_ordinal","all","overall","overall","Duration in days","density_176","density_x","numeric","3691.7397260274","overall","overall"
"2","cdm_gold_202512","observation_period_ordinal","all","overall","overall","Duration in days","density_176","density_y","numeric","8.14833310971338e-05","overall","overall"
"2","cdm_gold_202512","observation_period_ordinal","all","overall","overall","Duration in days","density_177","density_x","numeric","3712.7553816047","overall","overall"
"2","cdm_gold_202512","observation_period_ordinal","all","overall","overall","Duration in days","density_177","density_y","numeric","8.20843395949967e-05","overall","overall"
"2","cdm_gold_202512","observation_period_ordinal","all","overall","overall","Duration in days","density_178","density_x","numeric","3733.771037182","overall","overall"
"2","cdm_gold_202512","observation_period_ordinal","all","overall","overall","Duration in days","density_178","density_y","numeric","8.2487233713932e-05","overall","overall"
"2","cdm_gold_202512","observation_period_ordinal","all","overall","overall","Duration in days","density_179","density_x","numeric","3754.7866927593","overall","overall"
"2","cdm_gold_202512","observation_period_ordinal","all","overall","overall","Duration in days","density_179","density_y","numeric","8.26501105313151e-05","overall","overall"
"2","cdm_gold_202512","observation_period_ordinal","all","overall","overall","Duration in days","density_180","density_x","numeric","3775.8023483366","overall","overall"
"2","cdm_gold_202512","observation_period_ordinal","all","overall","overall","Duration in days","density_180","density_y","numeric","8.25820816702318e-05","overall","overall"
"2","cdm_gold_202512","observation_period_ordinal","all","overall","overall","Duration in days","density_181","density_x","numeric","3796.81800391389","overall","overall"
"2","cdm_gold_202512","observation_period_ordinal","all","overall","overall","Duration in days","density_181","density_y","numeric","8.23327289987495e-05","overall","overall"
"2","cdm_gold_202512","observation_period_ordinal","all","overall","overall","Duration in days","density_182","density_x","numeric","3817.83365949119","overall","overall"
"2","cdm_gold_202512","observation_period_ordinal","all","overall","overall","Duration in days","density_182","density_y","numeric","8.1974099611727e-05","overall","overall"
"2","cdm_gold_202512","observation_period_ordinal","all","overall","overall","Duration in days","density_183","density_x","numeric","3838.84931506849","overall","overall"
"2","cdm_gold_202512","observation_period_ordinal","all","overall","overall","Duration in days","density_183","density_y","numeric","8.15819224521075e-05","overall","overall"
"2","cdm_gold_202512","observation_period_ordinal","all","overall","overall","Duration in days","density_184","density_x","numeric","3859.86497064579","overall","overall"
"2","cdm_gold_202512","observation_period_ordinal","all","overall","overall","Duration in days","density_184","density_y","numeric","8.12215662583311e-05","overall","overall"
"2","cdm_gold_202512","observation_period_ordinal","all","overall","overall","Duration in days","density_185","density_x","numeric","3880.88062622309","overall","overall"
"2","cdm_gold_202512","observation_period_ordinal","all","overall","overall","Duration in days","density_185","density_y","numeric","8.0940997150386e-05","overall","overall"
"2","cdm_gold_202512","observation_period_ordinal","all","overall","overall","Duration in days","density_186","density_x","numeric","3901.89628180039","overall","overall"
"2","cdm_gold_202512","observation_period_ordinal","all","overall","overall","Duration in days","density_186","density_y","numeric","8.07694377677484e-05","overall","overall"
"2","cdm_gold_202512","observation_period_ordinal","all","overall","overall","Duration in days","density_187","density_x","numeric","3922.91193737769","overall","overall"
"2","cdm_gold_202512","observation_period_ordinal","all","overall","overall","Duration in days","density_187","density_y","numeric","8.07183731397429e-05","overall","overall"
"2","cdm_gold_202512","observation_period_ordinal","all","overall","overall","Duration in days","density_188","density_x","numeric","3943.92759295499","overall","overall"
"2","cdm_gold_202512","observation_period_ordinal","all","overall","overall","Duration in days","density_188","density_y","numeric","8.07819065363186e-05","overall","overall"
"2","cdm_gold_202512","observation_period_ordinal","all","overall","overall","Duration in days","density_189","density_x","numeric","3964.94324853229","overall","overall"
"2","cdm_gold_202512","observation_period_ordinal","all","overall","overall","Duration in days","density_189","density_y","numeric","8.09358421603267e-05","overall","overall"
"2","cdm_gold_202512","observation_period_ordinal","all","overall","overall","Duration in days","density_190","density_x","numeric","3985.95890410959","overall","overall"
"2","cdm_gold_202512","observation_period_ordinal","all","overall","overall","Duration in days","density_190","density_y","numeric","8.11377148896972e-05","overall","overall"
"2","cdm_gold_202512","observation_period_ordinal","all","overall","overall","Duration in days","density_191","density_x","numeric","4006.97455968689","overall","overall"
"2","cdm_gold_202512","observation_period_ordinal","all","overall","overall","Duration in days","density_191","density_y","numeric","8.13313649546199e-05","overall","overall"
"2","cdm_gold_202512","observation_period_ordinal","all","overall","overall","Duration in days","density_192","density_x","numeric","4027.99021526419","overall","overall"
"2","cdm_gold_202512","observation_period_ordinal","all","overall","overall","Duration in days","density_192","density_y","numeric","8.14527446489185e-05","overall","overall"
"2","cdm_gold_202512","observation_period_ordinal","all","overall","overall","Duration in days","density_193","density_x","numeric","4049.00587084149","overall","overall"
"2","cdm_gold_202512","observation_period_ordinal","all","overall","overall","Duration in days","density_193","density_y","numeric","8.14603658457721e-05","overall","overall"
"2","cdm_gold_202512","observation_period_ordinal","all","overall","overall","Duration in days","density_194","density_x","numeric","4070.02152641879","overall","overall"
"2","cdm_gold_202512","observation_period_ordinal","all","overall","overall","Duration in days","density_194","density_y","numeric","8.13506529359926e-05","overall","overall"
"2","cdm_gold_202512","observation_period_ordinal","all","overall","overall","Duration in days","density_195","density_x","numeric","4091.03718199609","overall","overall"
"2","cdm_gold_202512","observation_period_ordinal","all","overall","overall","Duration in days","density_195","density_y","numeric","8.11540629972301e-05","overall","overall"
"2","cdm_gold_202512","observation_period_ordinal","all","overall","overall","Duration in days","density_196","density_x","numeric","4112.05283757339","overall","overall"
"2","cdm_gold_202512","observation_period_ordinal","all","overall","overall","Duration in days","density_196","density_y","numeric","8.09258632417034e-05","overall","overall"
"2","cdm_gold_202512","observation_period_ordinal","all","overall","overall","Duration in days","density_197","density_x","numeric","4133.06849315068","overall","overall"
"2","cdm_gold_202512","observation_period_ordinal","all","overall","overall","Duration in days","density_197","density_y","numeric","8.07262093401235e-05","overall","overall"
"2","cdm_gold_202512","observation_period_ordinal","all","overall","overall","Duration in days","density_198","density_x","numeric","4154.08414872798","overall","overall"
"2","cdm_gold_202512","observation_period_ordinal","all","overall","overall","Duration in days","density_198","density_y","numeric","8.05985174103591e-05","overall","overall"
"2","cdm_gold_202512","observation_period_ordinal","all","overall","overall","Duration in days","density_199","density_x","numeric","4175.09980430528","overall","overall"
"2","cdm_gold_202512","observation_period_ordinal","all","overall","overall","Duration in days","density_199","density_y","numeric","8.05543402055031e-05","overall","overall"
"2","cdm_gold_202512","observation_period_ordinal","all","overall","overall","Duration in days","density_200","density_x","numeric","4196.11545988258","overall","overall"
"2","cdm_gold_202512","observation_period_ordinal","all","overall","overall","Duration in days","density_200","density_y","numeric","8.05701131489699e-05","overall","overall"
"2","cdm_gold_202512","observation_period_ordinal","all","overall","overall","Duration in days","density_201","density_x","numeric","4217.13111545988","overall","overall"
"2","cdm_gold_202512","observation_period_ordinal","all","overall","overall","Duration in days","density_201","density_y","numeric","8.05963047705768e-05","overall","overall"
"2","cdm_gold_202512","observation_period_ordinal","all","overall","overall","Duration in days","density_202","density_x","numeric","4238.14677103718","overall","overall"
"2","cdm_gold_202512","observation_period_ordinal","all","overall","overall","Duration in days","density_202","density_y","numeric","8.05748054261047e-05","overall","overall"
"2","cdm_gold_202512","observation_period_ordinal","all","overall","overall","Duration in days","density_203","density_x","numeric","4259.16242661448","overall","overall"
"2","cdm_gold_202512","observation_period_ordinal","all","overall","overall","Duration in days","density_203","density_y","numeric","8.04576593345566e-05","overall","overall"
"2","cdm_gold_202512","observation_period_ordinal","all","overall","overall","Duration in days","density_204","density_x","numeric","4280.17808219178","overall","overall"
"2","cdm_gold_202512","observation_period_ordinal","all","overall","overall","Duration in days","density_204","density_y","numeric","8.02203679156563e-05","overall","overall"
"2","cdm_gold_202512","observation_period_ordinal","all","overall","overall","Duration in days","density_205","density_x","numeric","4301.19373776908","overall","overall"
"2","cdm_gold_202512","observation_period_ordinal","all","overall","overall","Duration in days","density_205","density_y","numeric","7.98656459664572e-05","overall","overall"
"2","cdm_gold_202512","observation_period_ordinal","all","overall","overall","Duration in days","density_206","density_x","numeric","4322.20939334638","overall","overall"
"2","cdm_gold_202512","observation_period_ordinal","all","overall","overall","Duration in days","density_206","density_y","numeric","7.94174105976221e-05","overall","overall"
"2","cdm_gold_202512","observation_period_ordinal","all","overall","overall","Duration in days","density_207","density_x","numeric","4343.22504892368","overall","overall"
"2","cdm_gold_202512","observation_period_ordinal","all","overall","overall","Duration in days","density_207","density_y","numeric","7.89082880506294e-05","overall","overall"
"2","cdm_gold_202512","observation_period_ordinal","all","overall","overall","Duration in days","density_208","density_x","numeric","4364.24070450098","overall","overall"
"2","cdm_gold_202512","observation_period_ordinal","all","overall","overall","Duration in days","density_208","density_y","numeric","7.83651494079185e-05","overall","overall"
"2","cdm_gold_202512","observation_period_ordinal","all","overall","overall","Duration in days","density_209","density_x","numeric","4385.25636007828","overall","overall"
"2","cdm_gold_202512","observation_period_ordinal","all","overall","overall","Duration in days","density_209","density_y","numeric","7.77990451222617e-05","overall","overall"
"2","cdm_gold_202512","observation_period_ordinal","all","overall","overall","Duration in days","density_210","density_x","numeric","4406.27201565558","overall","overall"
"2","cdm_gold_202512","observation_period_ordinal","all","overall","overall","Duration in days","density_210","density_y","numeric","7.72022063237585e-05","overall","overall"
"2","cdm_gold_202512","observation_period_ordinal","all","overall","overall","Duration in days","density_211","density_x","numeric","4427.28767123288","overall","overall"
"2","cdm_gold_202512","observation_period_ordinal","all","overall","overall","Duration in days","density_211","density_y","numeric","7.65555862589866e-05","overall","overall"
"2","cdm_gold_202512","observation_period_ordinal","all","overall","overall","Duration in days","density_212","density_x","numeric","4448.30332681018","overall","overall"
"2","cdm_gold_202512","observation_period_ordinal","all","overall","overall","Duration in days","density_212","density_y","numeric","7.58421869187385e-05","overall","overall"
"2","cdm_gold_202512","observation_period_ordinal","all","overall","overall","Duration in days","density_213","density_x","numeric","4469.31898238748","overall","overall"
"2","cdm_gold_202512","observation_period_ordinal","all","overall","overall","Duration in days","density_213","density_y","numeric","7.5059651063126e-05","overall","overall"
"2","cdm_gold_202512","observation_period_ordinal","all","overall","overall","Duration in days","density_214","density_x","numeric","4490.33463796477","overall","overall"
"2","cdm_gold_202512","observation_period_ordinal","all","overall","overall","Duration in days","density_214","density_y","numeric","7.42293700207768e-05","overall","overall"
"2","cdm_gold_202512","observation_period_ordinal","all","overall","overall","Duration in days","density_215","density_x","numeric","4511.35029354207","overall","overall"
"2","cdm_gold_202512","observation_period_ordinal","all","overall","overall","Duration in days","density_215","density_y","numeric","7.33989464470391e-05","overall","overall"
"2","cdm_gold_202512","observation_period_ordinal","all","overall","overall","Duration in days","density_216","density_x","numeric","4532.36594911937","overall","overall"
"2","cdm_gold_202512","observation_period_ordinal","all","overall","overall","Duration in days","density_216","density_y","numeric","7.26368848944978e-05","overall","overall"
"2","cdm_gold_202512","observation_period_ordinal","all","overall","overall","Duration in days","density_217","density_x","numeric","4553.38160469667","overall","overall"
"2","cdm_gold_202512","observation_period_ordinal","all","overall","overall","Duration in days","density_217","density_y","numeric","7.20209111298015e-05","overall","overall"
"2","cdm_gold_202512","observation_period_ordinal","all","overall","overall","Duration in days","density_218","density_x","numeric","4574.39726027397","overall","overall"
"2","cdm_gold_202512","observation_period_ordinal","all","overall","overall","Duration in days","density_218","density_y","numeric","7.16234099771994e-05","overall","overall"
"2","cdm_gold_202512","observation_period_ordinal","all","overall","overall","Duration in days","density_219","density_x","numeric","4595.41291585127","overall","overall"
"2","cdm_gold_202512","observation_period_ordinal","all","overall","overall","Duration in days","density_219","density_y","numeric","7.14982454050715e-05","overall","overall"
"2","cdm_gold_202512","observation_period_ordinal","all","overall","overall","Duration in days","density_220","density_x","numeric","4616.42857142857","overall","overall"
"2","cdm_gold_202512","observation_period_ordinal","all","overall","overall","Duration in days","density_220","density_y","numeric","7.1672303131189e-05","overall","overall"
"2","cdm_gold_202512","observation_period_ordinal","all","overall","overall","Duration in days","density_221","density_x","numeric","4637.44422700587","overall","overall"
"2","cdm_gold_202512","observation_period_ordinal","all","overall","overall","Duration in days","density_221","density_y","numeric","7.21428407718059e-05","overall","overall"
"2","cdm_gold_202512","observation_period_ordinal","all","overall","overall","Duration in days","density_222","density_x","numeric","4658.45988258317","overall","overall"
"2","cdm_gold_202512","observation_period_ordinal","all","overall","overall","Duration in days","density_222","density_y","numeric","7.28792011420488e-05","overall","overall"
"2","cdm_gold_202512","observation_period_ordinal","all","overall","overall","Duration in days","density_223","density_x","numeric","4679.47553816047","overall","overall"
"2","cdm_gold_202512","observation_period_ordinal","all","overall","overall","Duration in days","density_223","density_y","numeric","7.38259838962833e-05","overall","overall"
"2","cdm_gold_202512","observation_period_ordinal","all","overall","overall","Duration in days","density_224","density_x","numeric","4700.49119373777","overall","overall"
"2","cdm_gold_202512","observation_period_ordinal","all","overall","overall","Duration in days","density_224","density_y","numeric","7.49055038021244e-05","overall","overall"
"2","cdm_gold_202512","observation_period_ordinal","all","overall","overall","Duration in days","density_225","density_x","numeric","4721.50684931507","overall","overall"
"2","cdm_gold_202512","observation_period_ordinal","all","overall","overall","Duration in days","density_225","density_y","numeric","7.60104585930115e-05","overall","overall"
"2","cdm_gold_202512","observation_period_ordinal","all","overall","overall","Duration in days","density_226","density_x","numeric","4742.52250489237","overall","overall"
"2","cdm_gold_202512","observation_period_ordinal","all","overall","overall","Duration in days","density_226","density_y","numeric","7.7014511121917e-05","overall","overall"
"2","cdm_gold_202512","observation_period_ordinal","all","overall","overall","Duration in days","density_227","density_x","numeric","4763.53816046967","overall","overall"
"2","cdm_gold_202512","observation_period_ordinal","all","overall","overall","Duration in days","density_227","density_y","numeric","7.77970445505891e-05","overall","overall"
"2","cdm_gold_202512","observation_period_ordinal","all","overall","overall","Duration in days","density_228","density_x","numeric","4784.55381604697","overall","overall"
"2","cdm_gold_202512","observation_period_ordinal","all","overall","overall","Duration in days","density_228","density_y","numeric","7.82528706162443e-05","overall","overall"
"2","cdm_gold_202512","observation_period_ordinal","all","overall","overall","Duration in days","density_229","density_x","numeric","4805.56947162427","overall","overall"
"2","cdm_gold_202512","observation_period_ordinal","all","overall","overall","Duration in days","density_229","density_y","numeric","7.83110289523932e-05","overall","overall"
"2","cdm_gold_202512","observation_period_ordinal","all","overall","overall","Duration in days","density_230","density_x","numeric","4826.58512720157","overall","overall"
"2","cdm_gold_202512","observation_period_ordinal","all","overall","overall","Duration in days","density_230","density_y","numeric","7.7948132726057e-05","overall","overall"
"2","cdm_gold_202512","observation_period_ordinal","all","overall","overall","Duration in days","density_231","density_x","numeric","4847.60078277887","overall","overall"
"2","cdm_gold_202512","observation_period_ordinal","all","overall","overall","Duration in days","density_231","density_y","numeric","7.719169176507e-05","overall","overall"
"2","cdm_gold_202512","observation_period_ordinal","all","overall","overall","Duration in days","density_232","density_x","numeric","4868.61643835616","overall","overall"
"2","cdm_gold_202512","observation_period_ordinal","all","overall","overall","Duration in days","density_232","density_y","numeric","7.61126323247749e-05","overall","overall"
"2","cdm_gold_202512","observation_period_ordinal","all","overall","overall","Duration in days","density_233","density_x","numeric","4889.63209393346","overall","overall"
"2","cdm_gold_202512","observation_period_ordinal","all","overall","overall","Duration in days","density_233","density_y","numeric","7.4809980306212e-05","overall","overall"
"2","cdm_gold_202512","observation_period_ordinal","all","overall","overall","Duration in days","density_234","density_x","numeric","4910.64774951076","overall","overall"
"2","cdm_gold_202512","observation_period_ordinal","all","overall","overall","Duration in days","density_234","density_y","numeric","7.33926924315245e-05","overall","overall"
"2","cdm_gold_202512","observation_period_ordinal","all","overall","overall","Duration in days","density_235","density_x","numeric","4931.66340508806","overall","overall"
"2","cdm_gold_202512","observation_period_ordinal","all","overall","overall","Duration in days","density_235","density_y","numeric","7.19633780823666e-05","overall","overall"
"2","cdm_gold_202512","observation_period_ordinal","all","overall","overall","Duration in days","density_236","density_x","numeric","4952.67906066536","overall","overall"
"2","cdm_gold_202512","observation_period_ordinal","all","overall","overall","Duration in days","density_236","density_y","numeric","7.06067922226956e-05","overall","overall"
"2","cdm_gold_202512","observation_period_ordinal","all","overall","overall","Duration in days","density_237","density_x","numeric","4973.69471624266","overall","overall"
"2","cdm_gold_202512","observation_period_ordinal","all","overall","overall","Duration in days","density_237","density_y","numeric","6.93837602701042e-05","overall","overall"
"2","cdm_gold_202512","observation_period_ordinal","all","overall","overall","Duration in days","density_238","density_x","numeric","4994.71037181996","overall","overall"
"2","cdm_gold_202512","observation_period_ordinal","all","overall","overall","Duration in days","density_238","density_y","numeric","6.83297588586382e-05","overall","overall"
"2","cdm_gold_202512","observation_period_ordinal","all","overall","overall","Duration in days","density_239","density_x","numeric","5015.72602739726","overall","overall"
"2","cdm_gold_202512","observation_period_ordinal","all","overall","overall","Duration in days","density_239","density_y","numeric","6.74571320537674e-05","overall","overall"
"2","cdm_gold_202512","observation_period_ordinal","all","overall","overall","Duration in days","density_240","density_x","numeric","5036.74168297456","overall","overall"
"2","cdm_gold_202512","observation_period_ordinal","all","overall","overall","Duration in days","density_240","density_y","numeric","6.67603852689058e-05","overall","overall"
"2","cdm_gold_202512","observation_period_ordinal","all","overall","overall","Duration in days","density_241","density_x","numeric","5057.75733855186","overall","overall"
"2","cdm_gold_202512","observation_period_ordinal","all","overall","overall","Duration in days","density_241","density_y","numeric","6.62322856931604e-05","overall","overall"
"2","cdm_gold_202512","observation_period_ordinal","all","overall","overall","Duration in days","density_242","density_x","numeric","5078.77299412916","overall","overall"
"2","cdm_gold_202512","observation_period_ordinal","all","overall","overall","Duration in days","density_242","density_y","numeric","6.58502951054533e-05","overall","overall"
"2","cdm_gold_202512","observation_period_ordinal","all","overall","overall","Duration in days","density_243","density_x","numeric","5099.78864970646","overall","overall"
"2","cdm_gold_202512","observation_period_ordinal","all","overall","overall","Duration in days","density_243","density_y","numeric","6.56065407268122e-05","overall","overall"
"2","cdm_gold_202512","observation_period_ordinal","all","overall","overall","Duration in days","density_244","density_x","numeric","5120.80430528376","overall","overall"
"2","cdm_gold_202512","observation_period_ordinal","all","overall","overall","Duration in days","density_244","density_y","numeric","6.55034411178809e-05","overall","overall"
"2","cdm_gold_202512","observation_period_ordinal","all","overall","overall","Duration in days","density_245","density_x","numeric","5141.81996086106","overall","overall"
"2","cdm_gold_202512","observation_period_ordinal","all","overall","overall","Duration in days","density_245","density_y","numeric","6.5542964786901e-05","overall","overall"
"2","cdm_gold_202512","observation_period_ordinal","all","overall","overall","Duration in days","density_246","density_x","numeric","5162.83561643836","overall","overall"
"2","cdm_gold_202512","observation_period_ordinal","all","overall","overall","Duration in days","density_246","density_y","numeric","6.57127181622908e-05","overall","overall"
"2","cdm_gold_202512","observation_period_ordinal","all","overall","overall","Duration in days","density_247","density_x","numeric","5183.85127201566","overall","overall"
"2","cdm_gold_202512","observation_period_ordinal","all","overall","overall","Duration in days","density_247","density_y","numeric","6.59726634799091e-05","overall","overall"
"2","cdm_gold_202512","observation_period_ordinal","all","overall","overall","Duration in days","density_248","density_x","numeric","5204.86692759296","overall","overall"
"2","cdm_gold_202512","observation_period_ordinal","all","overall","overall","Duration in days","density_248","density_y","numeric","6.62496747587457e-05","overall","overall"
"2","cdm_gold_202512","observation_period_ordinal","all","overall","overall","Duration in days","density_249","density_x","numeric","5225.88258317025","overall","overall"
"2","cdm_gold_202512","observation_period_ordinal","all","overall","overall","Duration in days","density_249","density_y","numeric","6.64452170821397e-05","overall","overall"
"2","cdm_gold_202512","observation_period_ordinal","all","overall","overall","Duration in days","density_250","density_x","numeric","5246.89823874755","overall","overall"
"2","cdm_gold_202512","observation_period_ordinal","all","overall","overall","Duration in days","density_250","density_y","numeric","6.64568298114828e-05","overall","overall"
"2","cdm_gold_202512","observation_period_ordinal","all","overall","overall","Duration in days","density_251","density_x","numeric","5267.91389432485","overall","overall"
"2","cdm_gold_202512","observation_period_ordinal","all","overall","overall","Duration in days","density_251","density_y","numeric","6.62085028639028e-05","overall","overall"
"2","cdm_gold_202512","observation_period_ordinal","all","overall","overall","Duration in days","density_252","density_x","numeric","5288.92954990215","overall","overall"
"2","cdm_gold_202512","observation_period_ordinal","all","overall","overall","Duration in days","density_252","density_y","numeric","6.56806774575952e-05","overall","overall"
"2","cdm_gold_202512","observation_period_ordinal","all","overall","overall","Duration in days","density_253","density_x","numeric","5309.94520547945","overall","overall"
"2","cdm_gold_202512","observation_period_ordinal","all","overall","overall","Duration in days","density_253","density_y","numeric","6.49293160898195e-05","overall","overall"
"2","cdm_gold_202512","observation_period_ordinal","all","overall","overall","Duration in days","density_254","density_x","numeric","5330.96086105675","overall","overall"
"2","cdm_gold_202512","observation_period_ordinal","all","overall","overall","Duration in days","density_254","density_y","numeric","6.40859795355945e-05","overall","overall"
"2","cdm_gold_202512","observation_period_ordinal","all","overall","overall","Duration in days","density_255","density_x","numeric","5351.97651663405","overall","overall"
"2","cdm_gold_202512","observation_period_ordinal","all","overall","overall","Duration in days","density_255","density_y","numeric","6.33363845091542e-05","overall","overall"
"2","cdm_gold_202512","observation_period_ordinal","all","overall","overall","Duration in days","density_256","density_x","numeric","5372.99217221135","overall","overall"
"2","cdm_gold_202512","observation_period_ordinal","all","overall","overall","Duration in days","density_256","density_y","numeric","6.28815750678095e-05","overall","overall"
"2","cdm_gold_202512","observation_period_ordinal","all","overall","overall","Duration in days","density_257","density_x","numeric","5394.00782778865","overall","overall"
"2","cdm_gold_202512","observation_period_ordinal","all","overall","overall","Duration in days","density_257","density_y","numeric","6.29108333600398e-05","overall","overall"
"2","cdm_gold_202512","observation_period_ordinal","all","overall","overall","Duration in days","density_258","density_x","numeric","5415.02348336595","overall","overall"
"2","cdm_gold_202512","observation_period_ordinal","all","overall","overall","Duration in days","density_258","density_y","numeric","6.35178629536324e-05","overall","overall"
"2","cdm_gold_202512","observation_period_ordinal","all","overall","overall","Duration in days","density_259","density_x","numeric","5436.03913894325","overall","overall"
"2","cdm_gold_202512","observation_period_ordinal","all","overall","overall","Duration in days","density_259","density_y","numeric","6.46592896462282e-05","overall","overall"
"2","cdm_gold_202512","observation_period_ordinal","all","overall","overall","Duration in days","density_260","density_x","numeric","5457.05479452055","overall","overall"
"2","cdm_gold_202512","observation_period_ordinal","all","overall","overall","Duration in days","density_260","density_y","numeric","6.62131743965496e-05","overall","overall"
"2","cdm_gold_202512","observation_period_ordinal","all","overall","overall","Duration in days","density_261","density_x","numeric","5478.07045009785","overall","overall"
"2","cdm_gold_202512","observation_period_ordinal","all","overall","overall","Duration in days","density_261","density_y","numeric","6.79905300974894e-05","overall","overall"
"2","cdm_gold_202512","observation_period_ordinal","all","overall","overall","Duration in days","density_262","density_x","numeric","5499.08610567515","overall","overall"
"2","cdm_gold_202512","observation_period_ordinal","all","overall","overall","Duration in days","density_262","density_y","numeric","6.97758281478376e-05","overall","overall"
"2","cdm_gold_202512","observation_period_ordinal","all","overall","overall","Duration in days","density_263","density_x","numeric","5520.10176125245","overall","overall"
"2","cdm_gold_202512","observation_period_ordinal","all","overall","overall","Duration in days","density_263","density_y","numeric","7.13691778091807e-05","overall","overall"
"2","cdm_gold_202512","observation_period_ordinal","all","overall","overall","Duration in days","density_264","density_x","numeric","5541.11741682975","overall","overall"
"2","cdm_gold_202512","observation_period_ordinal","all","overall","overall","Duration in days","density_264","density_y","numeric","7.26196689600229e-05","overall","overall"
"2","cdm_gold_202512","observation_period_ordinal","all","overall","overall","Duration in days","density_265","density_x","numeric","5562.13307240704","overall","overall"
"2","cdm_gold_202512","observation_period_ordinal","all","overall","overall","Duration in days","density_265","density_y","numeric","7.34429040085001e-05","overall","overall"
"2","cdm_gold_202512","observation_period_ordinal","all","overall","overall","Duration in days","density_266","density_x","numeric","5583.14872798434","overall","overall"
"2","cdm_gold_202512","observation_period_ordinal","all","overall","overall","Duration in days","density_266","density_y","numeric","7.38210929241129e-05","overall","overall"
"2","cdm_gold_202512","observation_period_ordinal","all","overall","overall","Duration in days","density_267","density_x","numeric","5604.16438356164","overall","overall"
"2","cdm_gold_202512","observation_period_ordinal","all","overall","overall","Duration in days","density_267","density_y","numeric","7.37893231625616e-05","overall","overall"
"2","cdm_gold_202512","observation_period_ordinal","all","overall","overall","Duration in days","density_268","density_x","numeric","5625.18003913894","overall","overall"
"2","cdm_gold_202512","observation_period_ordinal","all","overall","overall","Duration in days","density_268","density_y","numeric","7.34149478567753e-05","overall","overall"
"2","cdm_gold_202512","observation_period_ordinal","all","overall","overall","Duration in days","density_269","density_x","numeric","5646.19569471624","overall","overall"
"2","cdm_gold_202512","observation_period_ordinal","all","overall","overall","Duration in days","density_269","density_y","numeric","7.27774958935844e-05","overall","overall"
"2","cdm_gold_202512","observation_period_ordinal","all","overall","overall","Duration in days","density_270","density_x","numeric","5667.21135029354","overall","overall"
"2","cdm_gold_202512","observation_period_ordinal","all","overall","overall","Duration in days","density_270","density_y","numeric","7.19543008631772e-05","overall","overall"
"2","cdm_gold_202512","observation_period_ordinal","all","overall","overall","Duration in days","density_271","density_x","numeric","5688.22700587084","overall","overall"
"2","cdm_gold_202512","observation_period_ordinal","all","overall","overall","Duration in days","density_271","density_y","numeric","7.10134174778308e-05","overall","overall"
"2","cdm_gold_202512","observation_period_ordinal","all","overall","overall","Duration in days","density_272","density_x","numeric","5709.24266144814","overall","overall"
"2","cdm_gold_202512","observation_period_ordinal","all","overall","overall","Duration in days","density_272","density_y","numeric","7.00120687958805e-05","overall","overall"
"2","cdm_gold_202512","observation_period_ordinal","all","overall","overall","Duration in days","density_273","density_x","numeric","5730.25831702544","overall","overall"
"2","cdm_gold_202512","observation_period_ordinal","all","overall","overall","Duration in days","density_273","density_y","numeric","6.89976045084887e-05","overall","overall"
"2","cdm_gold_202512","observation_period_ordinal","all","overall","overall","Duration in days","density_274","density_x","numeric","5751.27397260274","overall","overall"
"2","cdm_gold_202512","observation_period_ordinal","all","overall","overall","Duration in days","density_274","density_y","numeric","6.80098658137857e-05","overall","overall"
"2","cdm_gold_202512","observation_period_ordinal","all","overall","overall","Duration in days","density_275","density_x","numeric","5772.28962818004","overall","overall"
"2","cdm_gold_202512","observation_period_ordinal","all","overall","overall","Duration in days","density_275","density_y","numeric","6.7071415367504e-05","overall","overall"
"2","cdm_gold_202512","observation_period_ordinal","all","overall","overall","Duration in days","density_276","density_x","numeric","5793.30528375734","overall","overall"
"2","cdm_gold_202512","observation_period_ordinal","all","overall","overall","Duration in days","density_276","density_y","numeric","6.61910171560285e-05","overall","overall"
"2","cdm_gold_202512","observation_period_ordinal","all","overall","overall","Duration in days","density_277","density_x","numeric","5814.32093933464","overall","overall"
"2","cdm_gold_202512","observation_period_ordinal","all","overall","overall","Duration in days","density_277","density_y","numeric","6.53662889855968e-05","overall","overall"
"2","cdm_gold_202512","observation_period_ordinal","all","overall","overall","Duration in days","density_278","density_x","numeric","5835.33659491194","overall","overall"
"2","cdm_gold_202512","observation_period_ordinal","all","overall","overall","Duration in days","density_278","density_y","numeric","6.45889608694158e-05","overall","overall"
"2","cdm_gold_202512","observation_period_ordinal","all","overall","overall","Duration in days","density_279","density_x","numeric","5856.35225048924","overall","overall"
"2","cdm_gold_202512","observation_period_ordinal","all","overall","overall","Duration in days","density_279","density_y","numeric","6.38523707466256e-05","overall","overall"
"2","cdm_gold_202512","observation_period_ordinal","all","overall","overall","Duration in days","density_280","density_x","numeric","5877.36790606654","overall","overall"
"2","cdm_gold_202512","observation_period_ordinal","all","overall","overall","Duration in days","density_280","density_y","numeric","6.31589016811297e-05","overall","overall"
"2","cdm_gold_202512","observation_period_ordinal","all","overall","overall","Duration in days","density_281","density_x","numeric","5898.38356164384","overall","overall"
"2","cdm_gold_202512","observation_period_ordinal","all","overall","overall","Duration in days","density_281","density_y","numeric","6.25246406005416e-05","overall","overall"
"2","cdm_gold_202512","observation_period_ordinal","all","overall","overall","Duration in days","density_282","density_x","numeric","5919.39921722113","overall","overall"
"2","cdm_gold_202512","observation_period_ordinal","all","overall","overall","Duration in days","density_282","density_y","numeric","6.19789603381078e-05","overall","overall"
"2","cdm_gold_202512","observation_period_ordinal","all","overall","overall","Duration in days","density_283","density_x","numeric","5940.41487279843","overall","overall"
"2","cdm_gold_202512","observation_period_ordinal","all","overall","overall","Duration in days","density_283","density_y","numeric","6.1557924433619e-05","overall","overall"
"2","cdm_gold_202512","observation_period_ordinal","all","overall","overall","Duration in days","density_284","density_x","numeric","5961.43052837573","overall","overall"
"2","cdm_gold_202512","observation_period_ordinal","all","overall","overall","Duration in days","density_284","density_y","numeric","6.12922201212992e-05","overall","overall"
"2","cdm_gold_202512","observation_period_ordinal","all","overall","overall","Duration in days","density_285","density_x","numeric","5982.44618395303","overall","overall"
"2","cdm_gold_202512","observation_period_ordinal","all","overall","overall","Duration in days","density_285","density_y","numeric","6.11924192019471e-05","overall","overall"
"2","cdm_gold_202512","observation_period_ordinal","all","overall","overall","Duration in days","density_286","density_x","numeric","6003.46183953033","overall","overall"
"2","cdm_gold_202512","observation_period_ordinal","all","overall","overall","Duration in days","density_286","density_y","numeric","6.12362124591309e-05","overall","overall"
"2","cdm_gold_202512","observation_period_ordinal","all","overall","overall","Duration in days","density_287","density_x","numeric","6024.47749510763","overall","overall"
"2","cdm_gold_202512","observation_period_ordinal","all","overall","overall","Duration in days","density_287","density_y","numeric","6.13631281868417e-05","overall","overall"
"2","cdm_gold_202512","observation_period_ordinal","all","overall","overall","Duration in days","density_288","density_x","numeric","6045.49315068493","overall","overall"
"2","cdm_gold_202512","observation_period_ordinal","all","overall","overall","Duration in days","density_288","density_y","numeric","6.14813724002989e-05","overall","overall"
"2","cdm_gold_202512","observation_period_ordinal","all","overall","overall","Duration in days","density_289","density_x","numeric","6066.50880626223","overall","overall"
"2","cdm_gold_202512","observation_period_ordinal","all","overall","overall","Duration in days","density_289","density_y","numeric","6.14883858589613e-05","overall","overall"
"2","cdm_gold_202512","observation_period_ordinal","all","overall","overall","Duration in days","density_290","density_x","numeric","6087.52446183953","overall","overall"
"2","cdm_gold_202512","observation_period_ordinal","all","overall","overall","Duration in days","density_290","density_y","numeric","6.1288508124326e-05","overall","overall"
"2","cdm_gold_202512","observation_period_ordinal","all","overall","overall","Duration in days","density_291","density_x","numeric","6108.54011741683","overall","overall"
"2","cdm_gold_202512","observation_period_ordinal","all","overall","overall","Duration in days","density_291","density_y","numeric","6.08732735854124e-05","overall","overall"
"2","cdm_gold_202512","observation_period_ordinal","all","overall","overall","Duration in days","density_292","density_x","numeric","6129.55577299413","overall","overall"
"2","cdm_gold_202512","observation_period_ordinal","all","overall","overall","Duration in days","density_292","density_y","numeric","6.0307717318542e-05","overall","overall"
"2","cdm_gold_202512","observation_period_ordinal","all","overall","overall","Duration in days","density_293","density_x","numeric","6150.57142857143","overall","overall"
"2","cdm_gold_202512","observation_period_ordinal","all","overall","overall","Duration in days","density_293","density_y","numeric","5.9723056271624e-05","overall","overall"
"2","cdm_gold_202512","observation_period_ordinal","all","overall","overall","Duration in days","density_294","density_x","numeric","6171.58708414873","overall","overall"
"2","cdm_gold_202512","observation_period_ordinal","all","overall","overall","Duration in days","density_294","density_y","numeric","5.928742806425e-05","overall","overall"
"2","cdm_gold_202512","observation_period_ordinal","all","overall","overall","Duration in days","density_295","density_x","numeric","6192.60273972603","overall","overall"
"2","cdm_gold_202512","observation_period_ordinal","all","overall","overall","Duration in days","density_295","density_y","numeric","5.91617237139733e-05","overall","overall"
"2","cdm_gold_202512","observation_period_ordinal","all","overall","overall","Duration in days","density_296","density_x","numeric","6213.61839530333","overall","overall"
"2","cdm_gold_202512","observation_period_ordinal","all","overall","overall","Duration in days","density_296","density_y","numeric","5.94553030202661e-05","overall","overall"
"2","cdm_gold_202512","observation_period_ordinal","all","overall","overall","Duration in days","density_297","density_x","numeric","6234.63405088063","overall","overall"
"2","cdm_gold_202512","observation_period_ordinal","all","overall","overall","Duration in days","density_297","density_y","numeric","6.01947938092273e-05","overall","overall"
"2","cdm_gold_202512","observation_period_ordinal","all","overall","overall","Duration in days","density_298","density_x","numeric","6255.64970645793","overall","overall"
"2","cdm_gold_202512","observation_period_ordinal","all","overall","overall","Duration in days","density_298","density_y","numeric","6.1314622446104e-05","overall","overall"
"2","cdm_gold_202512","observation_period_ordinal","all","overall","overall","Duration in days","density_299","density_x","numeric","6276.66536203522","overall","overall"
"2","cdm_gold_202512","observation_period_ordinal","all","overall","overall","Duration in days","density_299","density_y","numeric","6.26708249518346e-05","overall","overall"
"2","cdm_gold_202512","observation_period_ordinal","all","overall","overall","Duration in days","density_300","density_x","numeric","6297.68101761252","overall","overall"
"2","cdm_gold_202512","observation_period_ordinal","all","overall","overall","Duration in days","density_300","density_y","numeric","6.40726471828504e-05","overall","overall"
"2","cdm_gold_202512","observation_period_ordinal","all","overall","overall","Duration in days","density_301","density_x","numeric","6318.69667318982","overall","overall"
"2","cdm_gold_202512","observation_period_ordinal","all","overall","overall","Duration in days","density_301","density_y","numeric","6.53218241078152e-05","overall","overall"
"2","cdm_gold_202512","observation_period_ordinal","all","overall","overall","Duration in days","density_302","density_x","numeric","6339.71232876712","overall","overall"
"2","cdm_gold_202512","observation_period_ordinal","all","overall","overall","Duration in days","density_302","density_y","numeric","6.62485793163847e-05","overall","overall"
"2","cdm_gold_202512","observation_period_ordinal","all","overall","overall","Duration in days","density_303","density_x","numeric","6360.72798434442","overall","overall"
"2","cdm_gold_202512","observation_period_ordinal","all","overall","overall","Duration in days","density_303","density_y","numeric","6.67362226922242e-05","overall","overall"
"2","cdm_gold_202512","observation_period_ordinal","all","overall","overall","Duration in days","density_304","density_x","numeric","6381.74363992172","overall","overall"
"2","cdm_gold_202512","observation_period_ordinal","all","overall","overall","Duration in days","density_304","density_y","numeric","6.67312980142623e-05","overall","overall"
"2","cdm_gold_202512","observation_period_ordinal","all","overall","overall","Duration in days","density_305","density_x","numeric","6402.75929549902","overall","overall"
"2","cdm_gold_202512","observation_period_ordinal","all","overall","overall","Duration in days","density_305","density_y","numeric","6.62412916880115e-05","overall","overall"
"2","cdm_gold_202512","observation_period_ordinal","all","overall","overall","Duration in days","density_306","density_x","numeric","6423.77495107632","overall","overall"
"2","cdm_gold_202512","observation_period_ordinal","all","overall","overall","Duration in days","density_306","density_y","numeric","6.53119247763856e-05","overall","overall"
"2","cdm_gold_202512","observation_period_ordinal","all","overall","overall","Duration in days","density_307","density_x","numeric","6444.79060665362","overall","overall"
"2","cdm_gold_202512","observation_period_ordinal","all","overall","overall","Duration in days","density_307","density_y","numeric","6.40594960941474e-05","overall","overall"
"2","cdm_gold_202512","observation_period_ordinal","all","overall","overall","Duration in days","density_308","density_x","numeric","6465.80626223092","overall","overall"
"2","cdm_gold_202512","observation_period_ordinal","all","overall","overall","Duration in days","density_308","density_y","numeric","6.26223345286819e-05","overall","overall"
"2","cdm_gold_202512","observation_period_ordinal","all","overall","overall","Duration in days","density_309","density_x","numeric","6486.82191780822","overall","overall"
"2","cdm_gold_202512","observation_period_ordinal","all","overall","overall","Duration in days","density_309","density_y","numeric","6.11349015601183e-05","overall","overall"
"2","cdm_gold_202512","observation_period_ordinal","all","overall","overall","Duration in days","density_310","density_x","numeric","6507.83757338552","overall","overall"
"2","cdm_gold_202512","observation_period_ordinal","all","overall","overall","Duration in days","density_310","density_y","numeric","5.97255051438495e-05","overall","overall"
"2","cdm_gold_202512","observation_period_ordinal","all","overall","overall","Duration in days","density_311","density_x","numeric","6528.85322896282","overall","overall"
"2","cdm_gold_202512","observation_period_ordinal","all","overall","overall","Duration in days","density_311","density_y","numeric","5.85017805643004e-05","overall","overall"
"2","cdm_gold_202512","observation_period_ordinal","all","overall","overall","Duration in days","density_312","density_x","numeric","6549.86888454012","overall","overall"
"2","cdm_gold_202512","observation_period_ordinal","all","overall","overall","Duration in days","density_312","density_y","numeric","5.7538223623434e-05","overall","overall"
"2","cdm_gold_202512","observation_period_ordinal","all","overall","overall","Duration in days","density_313","density_x","numeric","6570.88454011742","overall","overall"
"2","cdm_gold_202512","observation_period_ordinal","all","overall","overall","Duration in days","density_313","density_y","numeric","5.68680353486786e-05","overall","overall"
"2","cdm_gold_202512","observation_period_ordinal","all","overall","overall","Duration in days","density_314","density_x","numeric","6591.90019569472","overall","overall"
"2","cdm_gold_202512","observation_period_ordinal","all","overall","overall","Duration in days","density_314","density_y","numeric","5.64807813369834e-05","overall","overall"
"2","cdm_gold_202512","observation_period_ordinal","all","overall","overall","Duration in days","density_315","density_x","numeric","6612.91585127202","overall","overall"
"2","cdm_gold_202512","observation_period_ordinal","all","overall","overall","Duration in days","density_315","density_y","numeric","5.63263723838031e-05","overall","overall"
"2","cdm_gold_202512","observation_period_ordinal","all","overall","overall","Duration in days","density_316","density_x","numeric","6633.93150684932","overall","overall"
"2","cdm_gold_202512","observation_period_ordinal","all","overall","overall","Duration in days","density_316","density_y","numeric","5.63250656037388e-05","overall","overall"
"2","cdm_gold_202512","observation_period_ordinal","all","overall","overall","Duration in days","density_317","density_x","numeric","6654.94716242661","overall","overall"
"2","cdm_gold_202512","observation_period_ordinal","all","overall","overall","Duration in days","density_317","density_y","numeric","5.63825685269283e-05","overall","overall"
"2","cdm_gold_202512","observation_period_ordinal","all","overall","overall","Duration in days","density_318","density_x","numeric","6675.96281800391","overall","overall"
"2","cdm_gold_202512","observation_period_ordinal","all","overall","overall","Duration in days","density_318","density_y","numeric","5.64086156200212e-05","overall","overall"
"2","cdm_gold_202512","observation_period_ordinal","all","overall","overall","Duration in days","density_319","density_x","numeric","6696.97847358121","overall","overall"
"2","cdm_gold_202512","observation_period_ordinal","all","overall","overall","Duration in days","density_319","density_y","numeric","5.6336345800783e-05","overall","overall"
"2","cdm_gold_202512","observation_period_ordinal","all","overall","overall","Duration in days","density_320","density_x","numeric","6717.99412915851","overall","overall"
"2","cdm_gold_202512","observation_period_ordinal","all","overall","overall","Duration in days","density_320","density_y","numeric","5.61385968470096e-05","overall","overall"
"2","cdm_gold_202512","observation_period_ordinal","all","overall","overall","Duration in days","density_321","density_x","numeric","6739.00978473581","overall","overall"
"2","cdm_gold_202512","observation_period_ordinal","all","overall","overall","Duration in days","density_321","density_y","numeric","5.58365026947629e-05","overall","overall"
"2","cdm_gold_202512","observation_period_ordinal","all","overall","overall","Duration in days","density_322","density_x","numeric","6760.02544031311","overall","overall"
"2","cdm_gold_202512","observation_period_ordinal","all","overall","overall","Duration in days","density_322","density_y","numeric","5.54977433405591e-05","overall","overall"
"2","cdm_gold_202512","observation_period_ordinal","all","overall","overall","Duration in days","density_323","density_x","numeric","6781.04109589041","overall","overall"
"2","cdm_gold_202512","observation_period_ordinal","all","overall","overall","Duration in days","density_323","density_y","numeric","5.52285407649229e-05","overall","overall"
"2","cdm_gold_202512","observation_period_ordinal","all","overall","overall","Duration in days","density_324","density_x","numeric","6802.05675146771","overall","overall"
"2","cdm_gold_202512","observation_period_ordinal","all","overall","overall","Duration in days","density_324","density_y","numeric","5.51218389399735e-05","overall","overall"
"2","cdm_gold_202512","observation_period_ordinal","all","overall","overall","Duration in days","density_325","density_x","numeric","6823.07240704501","overall","overall"
"2","cdm_gold_202512","observation_period_ordinal","all","overall","overall","Duration in days","density_325","density_y","numeric","5.52325682357838e-05","overall","overall"
"2","cdm_gold_202512","observation_period_ordinal","all","overall","overall","Duration in days","density_326","density_x","numeric","6844.08806262231","overall","overall"
"2","cdm_gold_202512","observation_period_ordinal","all","overall","overall","Duration in days","density_326","density_y","numeric","5.55592703219562e-05","overall","overall"
"2","cdm_gold_202512","observation_period_ordinal","all","overall","overall","Duration in days","density_327","density_x","numeric","6865.10371819961","overall","overall"
"2","cdm_gold_202512","observation_period_ordinal","all","overall","overall","Duration in days","density_327","density_y","numeric","5.60375902381414e-05","overall","overall"
"2","cdm_gold_202512","observation_period_ordinal","all","overall","overall","Duration in days","density_328","density_x","numeric","6886.11937377691","overall","overall"
"2","cdm_gold_202512","observation_period_ordinal","all","overall","overall","Duration in days","density_328","density_y","numeric","5.65487910200874e-05","overall","overall"
"2","cdm_gold_202512","observation_period_ordinal","all","overall","overall","Duration in days","density_329","density_x","numeric","6907.13502935421","overall","overall"
"2","cdm_gold_202512","observation_period_ordinal","all","overall","overall","Duration in days","density_329","density_y","numeric","5.69411176973944e-05","overall","overall"
"2","cdm_gold_202512","observation_period_ordinal","all","overall","overall","Duration in days","density_330","density_x","numeric","6928.15068493151","overall","overall"
"2","cdm_gold_202512","observation_period_ordinal","all","overall","overall","Duration in days","density_330","density_y","numeric","5.70592439748909e-05","overall","overall"
"2","cdm_gold_202512","observation_period_ordinal","all","overall","overall","Duration in days","density_331","density_x","numeric","6949.16634050881","overall","overall"
"2","cdm_gold_202512","observation_period_ordinal","all","overall","overall","Duration in days","density_331","density_y","numeric","5.67755471030209e-05","overall","overall"
"2","cdm_gold_202512","observation_period_ordinal","all","overall","overall","Duration in days","density_332","density_x","numeric","6970.18199608611","overall","overall"
"2","cdm_gold_202512","observation_period_ordinal","all","overall","overall","Duration in days","density_332","density_y","numeric","5.60165776542244e-05","overall","overall"
"2","cdm_gold_202512","observation_period_ordinal","all","overall","overall","Duration in days","density_333","density_x","numeric","6991.1976516634","overall","overall"
"2","cdm_gold_202512","observation_period_ordinal","all","overall","overall","Duration in days","density_333","density_y","numeric","5.47788900377762e-05","overall","overall"
"2","cdm_gold_202512","observation_period_ordinal","all","overall","overall","Duration in days","density_334","density_x","numeric","7012.2133072407","overall","overall"
"2","cdm_gold_202512","observation_period_ordinal","all","overall","overall","Duration in days","density_334","density_y","numeric","5.31304629620109e-05","overall","overall"
"2","cdm_gold_202512","observation_period_ordinal","all","overall","overall","Duration in days","density_335","density_x","numeric","7033.228962818","overall","overall"
"2","cdm_gold_202512","observation_period_ordinal","all","overall","overall","Duration in days","density_335","density_y","numeric","5.11971461828423e-05","overall","overall"
"2","cdm_gold_202512","observation_period_ordinal","all","overall","overall","Duration in days","density_336","density_x","numeric","7054.2446183953","overall","overall"
"2","cdm_gold_202512","observation_period_ordinal","all","overall","overall","Duration in days","density_336","density_y","numeric","4.91373687558478e-05","overall","overall"
"2","cdm_gold_202512","observation_period_ordinal","all","overall","overall","Duration in days","density_337","density_x","numeric","7075.2602739726","overall","overall"
"2","cdm_gold_202512","observation_period_ordinal","all","overall","overall","Duration in days","density_337","density_y","numeric","4.71116975832562e-05","overall","overall"
"2","cdm_gold_202512","observation_period_ordinal","all","overall","overall","Duration in days","density_338","density_x","numeric","7096.2759295499","overall","overall"
"2","cdm_gold_202512","observation_period_ordinal","all","overall","overall","Duration in days","density_338","density_y","numeric","4.52554781688914e-05","overall","overall"
"2","cdm_gold_202512","observation_period_ordinal","all","overall","overall","Duration in days","density_339","density_x","numeric","7117.2915851272","overall","overall"
"2","cdm_gold_202512","observation_period_ordinal","all","overall","overall","Duration in days","density_339","density_y","numeric","4.36831686200816e-05","overall","overall"
"2","cdm_gold_202512","observation_period_ordinal","all","overall","overall","Duration in days","density_340","density_x","numeric","7138.3072407045","overall","overall"
"2","cdm_gold_202512","observation_period_ordinal","all","overall","overall","Duration in days","density_340","density_y","numeric","4.24226962673122e-05","overall","overall"
"2","cdm_gold_202512","observation_period_ordinal","all","overall","overall","Duration in days","density_341","density_x","numeric","7159.3228962818","overall","overall"
"2","cdm_gold_202512","observation_period_ordinal","all","overall","overall","Duration in days","density_341","density_y","numeric","4.14816098161609e-05","overall","overall"
"2","cdm_gold_202512","observation_period_ordinal","all","overall","overall","Duration in days","density_342","density_x","numeric","7180.3385518591","overall","overall"
"2","cdm_gold_202512","observation_period_ordinal","all","overall","overall","Duration in days","density_342","density_y","numeric","4.08519122854775e-05","overall","overall"
"2","cdm_gold_202512","observation_period_ordinal","all","overall","overall","Duration in days","density_343","density_x","numeric","7201.3542074364","overall","overall"
"2","cdm_gold_202512","observation_period_ordinal","all","overall","overall","Duration in days","density_343","density_y","numeric","4.05208679207715e-05","overall","overall"
"2","cdm_gold_202512","observation_period_ordinal","all","overall","overall","Duration in days","density_344","density_x","numeric","7222.3698630137","overall","overall"
"2","cdm_gold_202512","observation_period_ordinal","all","overall","overall","Duration in days","density_344","density_y","numeric","4.04745111791334e-05","overall","overall"
"2","cdm_gold_202512","observation_period_ordinal","all","overall","overall","Duration in days","density_345","density_x","numeric","7243.385518591","overall","overall"
"2","cdm_gold_202512","observation_period_ordinal","all","overall","overall","Duration in days","density_345","density_y","numeric","4.06938821072105e-05","overall","overall"
"2","cdm_gold_202512","observation_period_ordinal","all","overall","overall","Duration in days","density_346","density_x","numeric","7264.4011741683","overall","overall"
"2","cdm_gold_202512","observation_period_ordinal","all","overall","overall","Duration in days","density_346","density_y","numeric","4.11477106696626e-05","overall","overall"
"2","cdm_gold_202512","observation_period_ordinal","all","overall","overall","Duration in days","density_347","density_x","numeric","7285.4168297456","overall","overall"
"2","cdm_gold_202512","observation_period_ordinal","all","overall","overall","Duration in days","density_347","density_y","numeric","4.17868352695333e-05","overall","overall"
"2","cdm_gold_202512","observation_period_ordinal","all","overall","overall","Duration in days","density_348","density_x","numeric","7306.4324853229","overall","overall"
"2","cdm_gold_202512","observation_period_ordinal","all","overall","overall","Duration in days","density_348","density_y","numeric","4.25449035565172e-05","overall","overall"
"2","cdm_gold_202512","observation_period_ordinal","all","overall","overall","Duration in days","density_349","density_x","numeric","7327.4481409002","overall","overall"
"2","cdm_gold_202512","observation_period_ordinal","all","overall","overall","Duration in days","density_349","density_y","numeric","4.33471724763605e-05","overall","overall"
"2","cdm_gold_202512","observation_period_ordinal","all","overall","overall","Duration in days","density_350","density_x","numeric","7348.46379647749","overall","overall"
"2","cdm_gold_202512","observation_period_ordinal","all","overall","overall","Duration in days","density_350","density_y","numeric","4.41255245660615e-05","overall","overall"
"2","cdm_gold_202512","observation_period_ordinal","all","overall","overall","Duration in days","density_351","density_x","numeric","7369.47945205479","overall","overall"
"2","cdm_gold_202512","observation_period_ordinal","all","overall","overall","Duration in days","density_351","density_y","numeric","4.4834589329425e-05","overall","overall"
"2","cdm_gold_202512","observation_period_ordinal","all","overall","overall","Duration in days","density_352","density_x","numeric","7390.49510763209","overall","overall"
"2","cdm_gold_202512","observation_period_ordinal","all","overall","overall","Duration in days","density_352","density_y","numeric","4.546249327797e-05","overall","overall"
"2","cdm_gold_202512","observation_period_ordinal","all","overall","overall","Duration in days","density_353","density_x","numeric","7411.51076320939","overall","overall"
"2","cdm_gold_202512","observation_period_ordinal","all","overall","overall","Duration in days","density_353","density_y","numeric","4.60310776925881e-05","overall","overall"
"2","cdm_gold_202512","observation_period_ordinal","all","overall","overall","Duration in days","density_354","density_x","numeric","7432.52641878669","overall","overall"
"2","cdm_gold_202512","observation_period_ordinal","all","overall","overall","Duration in days","density_354","density_y","numeric","4.65842246972538e-05","overall","overall"
"2","cdm_gold_202512","observation_period_ordinal","all","overall","overall","Duration in days","density_355","density_x","numeric","7453.54207436399","overall","overall"
"2","cdm_gold_202512","observation_period_ordinal","all","overall","overall","Duration in days","density_355","density_y","numeric","4.71705227339694e-05","overall","overall"
"2","cdm_gold_202512","observation_period_ordinal","all","overall","overall","Duration in days","density_356","density_x","numeric","7474.55772994129","overall","overall"
"2","cdm_gold_202512","observation_period_ordinal","all","overall","overall","Duration in days","density_356","density_y","numeric","4.78142504399791e-05","overall","overall"
"2","cdm_gold_202512","observation_period_ordinal","all","overall","overall","Duration in days","density_357","density_x","numeric","7495.57338551859","overall","overall"
"2","cdm_gold_202512","observation_period_ordinal","all","overall","overall","Duration in days","density_357","density_y","numeric","4.85025015895858e-05","overall","overall"
"2","cdm_gold_202512","observation_period_ordinal","all","overall","overall","Duration in days","density_358","density_x","numeric","7516.58904109589","overall","overall"
"2","cdm_gold_202512","observation_period_ordinal","all","overall","overall","Duration in days","density_358","density_y","numeric","4.91945487549789e-05","overall","overall"
"2","cdm_gold_202512","observation_period_ordinal","all","overall","overall","Duration in days","density_359","density_x","numeric","7537.60469667319","overall","overall"
"2","cdm_gold_202512","observation_period_ordinal","all","overall","overall","Duration in days","density_359","density_y","numeric","4.98347195881166e-05","overall","overall"
"2","cdm_gold_202512","observation_period_ordinal","all","overall","overall","Duration in days","density_360","density_x","numeric","7558.62035225049","overall","overall"
"2","cdm_gold_202512","observation_period_ordinal","all","overall","overall","Duration in days","density_360","density_y","numeric","5.03689524290234e-05","overall","overall"
"2","cdm_gold_202512","observation_period_ordinal","all","overall","overall","Duration in days","density_361","density_x","numeric","7579.63600782779","overall","overall"
"2","cdm_gold_202512","observation_period_ordinal","all","overall","overall","Duration in days","density_361","density_y","numeric","5.07581619210737e-05","overall","overall"
"2","cdm_gold_202512","observation_period_ordinal","all","overall","overall","Duration in days","density_362","density_x","numeric","7600.65166340509","overall","overall"
"2","cdm_gold_202512","observation_period_ordinal","all","overall","overall","Duration in days","density_362","density_y","numeric","5.09848908837009e-05","overall","overall"
"2","cdm_gold_202512","observation_period_ordinal","all","overall","overall","Duration in days","density_363","density_x","numeric","7621.66731898239","overall","overall"
"2","cdm_gold_202512","observation_period_ordinal","all","overall","overall","Duration in days","density_363","density_y","numeric","5.10532649299163e-05","overall","overall"
"2","cdm_gold_202512","observation_period_ordinal","all","overall","overall","Duration in days","density_364","density_x","numeric","7642.68297455969","overall","overall"
"2","cdm_gold_202512","observation_period_ordinal","all","overall","overall","Duration in days","density_364","density_y","numeric","5.09851071257548e-05","overall","overall"
"2","cdm_gold_202512","observation_period_ordinal","all","overall","overall","Duration in days","density_365","density_x","numeric","7663.69863013699","overall","overall"
"2","cdm_gold_202512","observation_period_ordinal","all","overall","overall","Duration in days","density_365","density_y","numeric","5.0816112088136e-05","overall","overall"
"2","cdm_gold_202512","observation_period_ordinal","all","overall","overall","Duration in days","density_366","density_x","numeric","7684.71428571429","overall","overall"
"2","cdm_gold_202512","observation_period_ordinal","all","overall","overall","Duration in days","density_366","density_y","numeric","5.05949321390565e-05","overall","overall"
"2","cdm_gold_202512","observation_period_ordinal","all","overall","overall","Duration in days","density_367","density_x","numeric","7705.72994129159","overall","overall"
"2","cdm_gold_202512","observation_period_ordinal","all","overall","overall","Duration in days","density_367","density_y","numeric","5.03854505611601e-05","overall","overall"
"2","cdm_gold_202512","observation_period_ordinal","all","overall","overall","Duration in days","density_368","density_x","numeric","7726.74559686888","overall","overall"
"2","cdm_gold_202512","observation_period_ordinal","all","overall","overall","Duration in days","density_368","density_y","numeric","5.02696085131527e-05","overall","overall"
"2","cdm_gold_202512","observation_period_ordinal","all","overall","overall","Duration in days","density_369","density_x","numeric","7747.76125244618","overall","overall"
"2","cdm_gold_202512","observation_period_ordinal","all","overall","overall","Duration in days","density_369","density_y","numeric","5.03463430270934e-05","overall","overall"
"2","cdm_gold_202512","observation_period_ordinal","all","overall","overall","Duration in days","density_370","density_x","numeric","7768.77690802348","overall","overall"
"2","cdm_gold_202512","observation_period_ordinal","all","overall","overall","Duration in days","density_370","density_y","numeric","5.07226020073186e-05","overall","overall"
"2","cdm_gold_202512","observation_period_ordinal","all","overall","overall","Duration in days","density_371","density_x","numeric","7789.79256360078","overall","overall"
"2","cdm_gold_202512","observation_period_ordinal","all","overall","overall","Duration in days","density_371","density_y","numeric","5.15072888476645e-05","overall","overall"
"2","cdm_gold_202512","observation_period_ordinal","all","overall","overall","Duration in days","density_372","density_x","numeric","7810.80821917808","overall","overall"
"2","cdm_gold_202512","observation_period_ordinal","all","overall","overall","Duration in days","density_372","density_y","numeric","5.2770767785587e-05","overall","overall"
"2","cdm_gold_202512","observation_period_ordinal","all","overall","overall","Duration in days","density_373","density_x","numeric","7831.82387475538","overall","overall"
"2","cdm_gold_202512","observation_period_ordinal","all","overall","overall","Duration in days","density_373","density_y","numeric","5.44863592145557e-05","overall","overall"
"2","cdm_gold_202512","observation_period_ordinal","all","overall","overall","Duration in days","density_374","density_x","numeric","7852.83953033268","overall","overall"
"2","cdm_gold_202512","observation_period_ordinal","all","overall","overall","Duration in days","density_374","density_y","numeric","5.65778886070084e-05","overall","overall"
"2","cdm_gold_202512","observation_period_ordinal","all","overall","overall","Duration in days","density_375","density_x","numeric","7873.85518590998","overall","overall"
"2","cdm_gold_202512","observation_period_ordinal","all","overall","overall","Duration in days","density_375","density_y","numeric","5.89118134040395e-05","overall","overall"
"2","cdm_gold_202512","observation_period_ordinal","all","overall","overall","Duration in days","density_376","density_x","numeric","7894.87084148728","overall","overall"
"2","cdm_gold_202512","observation_period_ordinal","all","overall","overall","Duration in days","density_376","density_y","numeric","6.13190608733908e-05","overall","overall"
"2","cdm_gold_202512","observation_period_ordinal","all","overall","overall","Duration in days","density_377","density_x","numeric","7915.88649706458","overall","overall"
"2","cdm_gold_202512","observation_period_ordinal","all","overall","overall","Duration in days","density_377","density_y","numeric","6.36220822962227e-05","overall","overall"
"2","cdm_gold_202512","observation_period_ordinal","all","overall","overall","Duration in days","density_378","density_x","numeric","7936.90215264188","overall","overall"
"2","cdm_gold_202512","observation_period_ordinal","all","overall","overall","Duration in days","density_378","density_y","numeric","6.56591521497273e-05","overall","overall"
"2","cdm_gold_202512","observation_period_ordinal","all","overall","overall","Duration in days","density_379","density_x","numeric","7957.91780821918","overall","overall"
"2","cdm_gold_202512","observation_period_ordinal","all","overall","overall","Duration in days","density_379","density_y","numeric","6.73000251319879e-05","overall","overall"
"2","cdm_gold_202512","observation_period_ordinal","all","overall","overall","Duration in days","density_380","density_x","numeric","7978.93346379648","overall","overall"
"2","cdm_gold_202512","observation_period_ordinal","all","overall","overall","Duration in days","density_380","density_y","numeric","6.84509926899474e-05","overall","overall"
"2","cdm_gold_202512","observation_period_ordinal","all","overall","overall","Duration in days","density_381","density_x","numeric","7999.94911937378","overall","overall"
"2","cdm_gold_202512","observation_period_ordinal","all","overall","overall","Duration in days","density_381","density_y","numeric","6.90515456183158e-05","overall","overall"
"2","cdm_gold_202512","observation_period_ordinal","all","overall","overall","Duration in days","density_382","density_x","numeric","8020.96477495108","overall","overall"
"2","cdm_gold_202512","observation_period_ordinal","all","overall","overall","Duration in days","density_382","density_y","numeric","6.90677549002573e-05","overall","overall"
"2","cdm_gold_202512","observation_period_ordinal","all","overall","overall","Duration in days","density_383","density_x","numeric","8041.98043052838","overall","overall"
"2","cdm_gold_202512","observation_period_ordinal","all","overall","overall","Duration in days","density_383","density_y","numeric","6.8488167149019e-05","overall","overall"
"2","cdm_gold_202512","observation_period_ordinal","all","overall","overall","Duration in days","density_384","density_x","numeric","8062.99608610568","overall","overall"
"2","cdm_gold_202512","observation_period_ordinal","all","overall","overall","Duration in days","density_384","density_y","numeric","6.73262570338365e-05","overall","overall"
"2","cdm_gold_202512","observation_period_ordinal","all","overall","overall","Duration in days","density_385","density_x","numeric","8084.01174168297","overall","overall"
"2","cdm_gold_202512","observation_period_ordinal","all","overall","overall","Duration in days","density_385","density_y","numeric","6.56298388476314e-05","overall","overall"
"2","cdm_gold_202512","observation_period_ordinal","all","overall","overall","Duration in days","density_386","density_x","numeric","8105.02739726027","overall","overall"
"2","cdm_gold_202512","observation_period_ordinal","all","overall","overall","Duration in days","density_386","density_y","numeric","6.34935050936074e-05","overall","overall"
"2","cdm_gold_202512","observation_period_ordinal","all","overall","overall","Duration in days","density_387","density_x","numeric","8126.04305283757","overall","overall"
"2","cdm_gold_202512","observation_period_ordinal","all","overall","overall","Duration in days","density_387","density_y","numeric","6.10663669696429e-05","overall","overall"
"2","cdm_gold_202512","observation_period_ordinal","all","overall","overall","Duration in days","density_388","density_x","numeric","8147.05870841487","overall","overall"
"2","cdm_gold_202512","observation_period_ordinal","all","overall","overall","Duration in days","density_388","density_y","numeric","5.85619077467457e-05","overall","overall"
"2","cdm_gold_202512","observation_period_ordinal","all","overall","overall","Duration in days","density_389","density_x","numeric","8168.07436399217","overall","overall"
"2","cdm_gold_202512","observation_period_ordinal","all","overall","overall","Duration in days","density_389","density_y","numeric","5.62240574020234e-05","overall","overall"
"2","cdm_gold_202512","observation_period_ordinal","all","overall","overall","Duration in days","density_390","density_x","numeric","8189.09001956947","overall","overall"
"2","cdm_gold_202512","observation_period_ordinal","all","overall","overall","Duration in days","density_390","density_y","numeric","5.42506542624567e-05","overall","overall"
"2","cdm_gold_202512","observation_period_ordinal","all","overall","overall","Duration in days","density_391","density_x","numeric","8210.10567514677","overall","overall"
"2","cdm_gold_202512","observation_period_ordinal","all","overall","overall","Duration in days","density_391","density_y","numeric","5.27683968681066e-05","overall","overall"
"2","cdm_gold_202512","observation_period_ordinal","all","overall","overall","Duration in days","density_392","density_x","numeric","8231.12133072407","overall","overall"
"2","cdm_gold_202512","observation_period_ordinal","all","overall","overall","Duration in days","density_392","density_y","numeric","5.18025029498608e-05","overall","overall"
"2","cdm_gold_202512","observation_period_ordinal","all","overall","overall","Duration in days","density_393","density_x","numeric","8252.13698630137","overall","overall"
"2","cdm_gold_202512","observation_period_ordinal","all","overall","overall","Duration in days","density_393","density_y","numeric","5.1270248646313e-05","overall","overall"
"2","cdm_gold_202512","observation_period_ordinal","all","overall","overall","Duration in days","density_394","density_x","numeric","8273.15264187867","overall","overall"
"2","cdm_gold_202512","observation_period_ordinal","all","overall","overall","Duration in days","density_394","density_y","numeric","5.10011865549569e-05","overall","overall"
"2","cdm_gold_202512","observation_period_ordinal","all","overall","overall","Duration in days","density_395","density_x","numeric","8294.16829745597","overall","overall"
"2","cdm_gold_202512","observation_period_ordinal","all","overall","overall","Duration in days","density_395","density_y","numeric","5.07783858956661e-05","overall","overall"
"2","cdm_gold_202512","observation_period_ordinal","all","overall","overall","Duration in days","density_396","density_x","numeric","8315.18395303327","overall","overall"
"2","cdm_gold_202512","observation_period_ordinal","all","overall","overall","Duration in days","density_396","density_y","numeric","5.03887890991605e-05","overall","overall"
"2","cdm_gold_202512","observation_period_ordinal","all","overall","overall","Duration in days","density_397","density_x","numeric","8336.19960861057","overall","overall"
"2","cdm_gold_202512","observation_period_ordinal","all","overall","overall","Duration in days","density_397","density_y","numeric","4.96687556402203e-05","overall","overall"
"2","cdm_gold_202512","observation_period_ordinal","all","overall","overall","Duration in days","density_398","density_x","numeric","8357.21526418787","overall","overall"
"2","cdm_gold_202512","observation_period_ordinal","all","overall","overall","Duration in days","density_398","density_y","numeric","4.85334475210641e-05","overall","overall"
"2","cdm_gold_202512","observation_period_ordinal","all","overall","overall","Duration in days","density_399","density_x","numeric","8378.23091976517","overall","overall"
"2","cdm_gold_202512","observation_period_ordinal","all","overall","overall","Duration in days","density_399","density_y","numeric","4.69846873032477e-05","overall","overall"
"2","cdm_gold_202512","observation_period_ordinal","all","overall","overall","Duration in days","density_400","density_x","numeric","8399.24657534247","overall","overall"
"2","cdm_gold_202512","observation_period_ordinal","all","overall","overall","Duration in days","density_400","density_y","numeric","4.50989973686094e-05","overall","overall"
"2","cdm_gold_202512","observation_period_ordinal","all","overall","overall","Duration in days","density_401","density_x","numeric","8420.26223091976","overall","overall"
"2","cdm_gold_202512","observation_period_ordinal","all","overall","overall","Duration in days","density_401","density_y","numeric","4.30031512323829e-05","overall","overall"
"2","cdm_gold_202512","observation_period_ordinal","all","overall","overall","Duration in days","density_402","density_x","numeric","8441.27788649706","overall","overall"
"2","cdm_gold_202512","observation_period_ordinal","all","overall","overall","Duration in days","density_402","density_y","numeric","4.08468025918434e-05","overall","overall"
"2","cdm_gold_202512","observation_period_ordinal","all","overall","overall","Duration in days","density_403","density_x","numeric","8462.29354207436","overall","overall"
"2","cdm_gold_202512","observation_period_ordinal","all","overall","overall","Duration in days","density_403","density_y","numeric","3.87800308612337e-05","overall","overall"
"2","cdm_gold_202512","observation_period_ordinal","all","overall","overall","Duration in days","density_404","density_x","numeric","8483.30919765166","overall","overall"
"2","cdm_gold_202512","observation_period_ordinal","all","overall","overall","Duration in days","density_404","density_y","numeric","3.69578503171873e-05","overall","overall"
"2","cdm_gold_202512","observation_period_ordinal","all","overall","overall","Duration in days","density_405","density_x","numeric","8504.32485322896","overall","overall"
"2","cdm_gold_202512","observation_period_ordinal","all","overall","overall","Duration in days","density_405","density_y","numeric","3.54919393414052e-05","overall","overall"
"2","cdm_gold_202512","observation_period_ordinal","all","overall","overall","Duration in days","density_406","density_x","numeric","8525.34050880626","overall","overall"
"2","cdm_gold_202512","observation_period_ordinal","all","overall","overall","Duration in days","density_406","density_y","numeric","3.44557232501395e-05","overall","overall"
"2","cdm_gold_202512","observation_period_ordinal","all","overall","overall","Duration in days","density_407","density_x","numeric","8546.35616438356","overall","overall"
"2","cdm_gold_202512","observation_period_ordinal","all","overall","overall","Duration in days","density_407","density_y","numeric","3.3887388267579e-05","overall","overall"
"2","cdm_gold_202512","observation_period_ordinal","all","overall","overall","Duration in days","density_408","density_x","numeric","8567.37181996086","overall","overall"
"2","cdm_gold_202512","observation_period_ordinal","all","overall","overall","Duration in days","density_408","density_y","numeric","3.37778634999912e-05","overall","overall"
"2","cdm_gold_202512","observation_period_ordinal","all","overall","overall","Duration in days","density_409","density_x","numeric","8588.38747553816","overall","overall"
"2","cdm_gold_202512","observation_period_ordinal","all","overall","overall","Duration in days","density_409","density_y","numeric","3.40670040937146e-05","overall","overall"
"2","cdm_gold_202512","observation_period_ordinal","all","overall","overall","Duration in days","density_410","density_x","numeric","8609.40313111546","overall","overall"
"2","cdm_gold_202512","observation_period_ordinal","all","overall","overall","Duration in days","density_410","density_y","numeric","3.46478571406672e-05","overall","overall"
"2","cdm_gold_202512","observation_period_ordinal","all","overall","overall","Duration in days","density_411","density_x","numeric","8630.41878669276","overall","overall"
"2","cdm_gold_202512","observation_period_ordinal","all","overall","overall","Duration in days","density_411","density_y","numeric","3.53799964329911e-05","overall","overall"
"2","cdm_gold_202512","observation_period_ordinal","all","overall","overall","Duration in days","density_412","density_x","numeric","8651.43444227006","overall","overall"
"2","cdm_gold_202512","observation_period_ordinal","all","overall","overall","Duration in days","density_412","density_y","numeric","3.61097146128545e-05","overall","overall"
"2","cdm_gold_202512","observation_period_ordinal","all","overall","overall","Duration in days","density_413","density_x","numeric","8672.45009784736","overall","overall"
"2","cdm_gold_202512","observation_period_ordinal","all","overall","overall","Duration in days","density_413","density_y","numeric","3.66926094480246e-05","overall","overall"
"2","cdm_gold_202512","observation_period_ordinal","all","overall","overall","Duration in days","density_414","density_x","numeric","8693.46575342466","overall","overall"
"2","cdm_gold_202512","observation_period_ordinal","all","overall","overall","Duration in days","density_414","density_y","numeric","3.70135905379872e-05","overall","overall"
"2","cdm_gold_202512","observation_period_ordinal","all","overall","overall","Duration in days","density_415","density_x","numeric","8714.48140900196","overall","overall"
"2","cdm_gold_202512","observation_period_ordinal","all","overall","overall","Duration in days","density_415","density_y","numeric","3.70005219774796e-05","overall","overall"
"2","cdm_gold_202512","observation_period_ordinal","all","overall","overall","Duration in days","density_416","density_x","numeric","8735.49706457926","overall","overall"
"2","cdm_gold_202512","observation_period_ordinal","all","overall","overall","Duration in days","density_416","density_y","numeric","3.6629903492463e-05","overall","overall"
"2","cdm_gold_202512","observation_period_ordinal","all","overall","overall","Duration in days","density_417","density_x","numeric","8756.51272015656","overall","overall"
"2","cdm_gold_202512","observation_period_ordinal","all","overall","overall","Duration in days","density_417","density_y","numeric","3.59251899719631e-05","overall","overall"
"2","cdm_gold_202512","observation_period_ordinal","all","overall","overall","Duration in days","density_418","density_x","numeric","8777.52837573385","overall","overall"
"2","cdm_gold_202512","observation_period_ordinal","all","overall","overall","Duration in days","density_418","density_y","numeric","3.49497120204917e-05","overall","overall"
"2","cdm_gold_202512","observation_period_ordinal","all","overall","overall","Duration in days","density_419","density_x","numeric","8798.54403131115","overall","overall"
"2","cdm_gold_202512","observation_period_ordinal","all","overall","overall","Duration in days","density_419","density_y","numeric","3.3796327511462e-05","overall","overall"
"2","cdm_gold_202512","observation_period_ordinal","all","overall","overall","Duration in days","density_420","density_x","numeric","8819.55968688845","overall","overall"
"2","cdm_gold_202512","observation_period_ordinal","all","overall","overall","Duration in days","density_420","density_y","numeric","3.25770056783114e-05","overall","overall"
"2","cdm_gold_202512","observation_period_ordinal","all","overall","overall","Duration in days","density_421","density_x","numeric","8840.57534246575","overall","overall"
"2","cdm_gold_202512","observation_period_ordinal","all","overall","overall","Duration in days","density_421","density_y","numeric","3.14163492004227e-05","overall","overall"
"2","cdm_gold_202512","observation_period_ordinal","all","overall","overall","Duration in days","density_422","density_x","numeric","8861.59099804305","overall","overall"
"2","cdm_gold_202512","observation_period_ordinal","all","overall","overall","Duration in days","density_422","density_y","numeric","3.04124736710233e-05","overall","overall"
"2","cdm_gold_202512","observation_period_ordinal","all","overall","overall","Duration in days","density_423","density_x","numeric","8882.60665362035","overall","overall"
"2","cdm_gold_202512","observation_period_ordinal","all","overall","overall","Duration in days","density_423","density_y","numeric","2.96305793658016e-05","overall","overall"
"2","cdm_gold_202512","observation_period_ordinal","all","overall","overall","Duration in days","density_424","density_x","numeric","8903.62230919765","overall","overall"
"2","cdm_gold_202512","observation_period_ordinal","all","overall","overall","Duration in days","density_424","density_y","numeric","2.90950833562442e-05","overall","overall"
"2","cdm_gold_202512","observation_period_ordinal","all","overall","overall","Duration in days","density_425","density_x","numeric","8924.63796477495","overall","overall"
"2","cdm_gold_202512","observation_period_ordinal","all","overall","overall","Duration in days","density_425","density_y","numeric","2.87859259128314e-05","overall","overall"
"2","cdm_gold_202512","observation_period_ordinal","all","overall","overall","Duration in days","density_426","density_x","numeric","8945.65362035225","overall","overall"
"2","cdm_gold_202512","observation_period_ordinal","all","overall","overall","Duration in days","density_426","density_y","numeric","2.86431301640003e-05","overall","overall"
"2","cdm_gold_202512","observation_period_ordinal","all","overall","overall","Duration in days","density_427","density_x","numeric","8966.66927592955","overall","overall"
"2","cdm_gold_202512","observation_period_ordinal","all","overall","overall","Duration in days","density_427","density_y","numeric","2.85794339276425e-05","overall","overall"
"2","cdm_gold_202512","observation_period_ordinal","all","overall","overall","Duration in days","density_428","density_x","numeric","8987.68493150685","overall","overall"
"2","cdm_gold_202512","observation_period_ordinal","all","overall","overall","Duration in days","density_428","density_y","numeric","2.84987491148075e-05","overall","overall"
"2","cdm_gold_202512","observation_period_ordinal","all","overall","overall","Duration in days","density_429","density_x","numeric","9008.70058708415","overall","overall"
"2","cdm_gold_202512","observation_period_ordinal","all","overall","overall","Duration in days","density_429","density_y","numeric","2.8316464177104e-05","overall","overall"
"2","cdm_gold_202512","observation_period_ordinal","all","overall","overall","Duration in days","density_430","density_x","numeric","9029.71624266145","overall","overall"
"2","cdm_gold_202512","observation_period_ordinal","all","overall","overall","Duration in days","density_430","density_y","numeric","2.79766731752466e-05","overall","overall"
"2","cdm_gold_202512","observation_period_ordinal","all","overall","overall","Duration in days","density_431","density_x","numeric","9050.73189823875","overall","overall"
"2","cdm_gold_202512","observation_period_ordinal","all","overall","overall","Duration in days","density_431","density_y","numeric","2.74617152667419e-05","overall","overall"
"2","cdm_gold_202512","observation_period_ordinal","all","overall","overall","Duration in days","density_432","density_x","numeric","9071.74755381605","overall","overall"
"2","cdm_gold_202512","observation_period_ordinal","all","overall","overall","Duration in days","density_432","density_y","numeric","2.67911590210371e-05","overall","overall"
"2","cdm_gold_202512","observation_period_ordinal","all","overall","overall","Duration in days","density_433","density_x","numeric","9092.76320939335","overall","overall"
"2","cdm_gold_202512","observation_period_ordinal","all","overall","overall","Duration in days","density_433","density_y","numeric","2.60103697602457e-05","overall","overall"
"2","cdm_gold_202512","observation_period_ordinal","all","overall","overall","Duration in days","density_434","density_x","numeric","9113.77886497065","overall","overall"
"2","cdm_gold_202512","observation_period_ordinal","all","overall","overall","Duration in days","density_434","density_y","numeric","2.51723015222563e-05","overall","overall"
"2","cdm_gold_202512","observation_period_ordinal","all","overall","overall","Duration in days","density_435","density_x","numeric","9134.79452054794","overall","overall"
"2","cdm_gold_202512","observation_period_ordinal","all","overall","overall","Duration in days","density_435","density_y","numeric","2.43189151659676e-05","overall","overall"
"2","cdm_gold_202512","observation_period_ordinal","all","overall","overall","Duration in days","density_436","density_x","numeric","9155.81017612524","overall","overall"
"2","cdm_gold_202512","observation_period_ordinal","all","overall","overall","Duration in days","density_436","density_y","numeric","2.34692866075752e-05","overall","overall"
"2","cdm_gold_202512","observation_period_ordinal","all","overall","overall","Duration in days","density_437","density_x","numeric","9176.82583170254","overall","overall"
"2","cdm_gold_202512","observation_period_ordinal","all","overall","overall","Duration in days","density_437","density_y","numeric","2.26181798741627e-05","overall","overall"
"2","cdm_gold_202512","observation_period_ordinal","all","overall","overall","Duration in days","density_438","density_x","numeric","9197.84148727984","overall","overall"
"2","cdm_gold_202512","observation_period_ordinal","all","overall","overall","Duration in days","density_438","density_y","numeric","2.17516458005658e-05","overall","overall"
"2","cdm_gold_202512","observation_period_ordinal","all","overall","overall","Duration in days","density_439","density_x","numeric","9218.85714285714","overall","overall"
"2","cdm_gold_202512","observation_period_ordinal","all","overall","overall","Duration in days","density_439","density_y","numeric","2.08693209721504e-05","overall","overall"
"2","cdm_gold_202512","observation_period_ordinal","all","overall","overall","Duration in days","density_440","density_x","numeric","9239.87279843444","overall","overall"
"2","cdm_gold_202512","observation_period_ordinal","all","overall","overall","Duration in days","density_440","density_y","numeric","1.99985094451395e-05","overall","overall"
"2","cdm_gold_202512","observation_period_ordinal","all","overall","overall","Duration in days","density_441","density_x","numeric","9260.88845401174","overall","overall"
"2","cdm_gold_202512","observation_period_ordinal","all","overall","overall","Duration in days","density_441","density_y","numeric","1.91980286202363e-05","overall","overall"
"2","cdm_gold_202512","observation_period_ordinal","all","overall","overall","Duration in days","density_442","density_x","numeric","9281.90410958904","overall","overall"
"2","cdm_gold_202512","observation_period_ordinal","all","overall","overall","Duration in days","density_442","density_y","numeric","1.85499984458331e-05","overall","overall"
"2","cdm_gold_202512","observation_period_ordinal","all","overall","overall","Duration in days","density_443","density_x","numeric","9302.91976516634","overall","overall"
"2","cdm_gold_202512","observation_period_ordinal","all","overall","overall","Duration in days","density_443","density_y","numeric","1.81420377775648e-05","overall","overall"
"2","cdm_gold_202512","observation_period_ordinal","all","overall","overall","Duration in days","density_444","density_x","numeric","9323.93542074364","overall","overall"
"2","cdm_gold_202512","observation_period_ordinal","all","overall","overall","Duration in days","density_444","density_y","numeric","1.80451085893691e-05","overall","overall"
"2","cdm_gold_202512","observation_period_ordinal","all","overall","overall","Duration in days","density_445","density_x","numeric","9344.95107632094","overall","overall"
"2","cdm_gold_202512","observation_period_ordinal","all","overall","overall","Duration in days","density_445","density_y","numeric","1.82931569564322e-05","overall","overall"
"2","cdm_gold_202512","observation_period_ordinal","all","overall","overall","Duration in days","density_446","density_x","numeric","9365.96673189824","overall","overall"
"2","cdm_gold_202512","observation_period_ordinal","all","overall","overall","Duration in days","density_446","density_y","numeric","1.88698262002993e-05","overall","overall"
"2","cdm_gold_202512","observation_period_ordinal","all","overall","overall","Duration in days","density_447","density_x","numeric","9386.98238747554","overall","overall"
"2","cdm_gold_202512","observation_period_ordinal","all","overall","overall","Duration in days","density_447","density_y","numeric","1.97054030386883e-05","overall","overall"
"2","cdm_gold_202512","observation_period_ordinal","all","overall","overall","Duration in days","density_448","density_x","numeric","9407.99804305284","overall","overall"
"2","cdm_gold_202512","observation_period_ordinal","all","overall","overall","Duration in days","density_448","density_y","numeric","2.06845387327785e-05","overall","overall"
"2","cdm_gold_202512","observation_period_ordinal","all","overall","overall","Duration in days","density_449","density_x","numeric","9429.01369863014","overall","overall"
"2","cdm_gold_202512","observation_period_ordinal","all","overall","overall","Duration in days","density_449","density_y","numeric","2.16628667911533e-05","overall","overall"
"2","cdm_gold_202512","observation_period_ordinal","all","overall","overall","Duration in days","density_450","density_x","numeric","9450.02935420744","overall","overall"
"2","cdm_gold_202512","observation_period_ordinal","all","overall","overall","Duration in days","density_450","density_y","numeric","2.24889261192993e-05","overall","overall"
"2","cdm_gold_202512","observation_period_ordinal","all","overall","overall","Duration in days","density_451","density_x","numeric","9471.04500978474","overall","overall"
"2","cdm_gold_202512","observation_period_ordinal","all","overall","overall","Duration in days","density_451","density_y","numeric","2.30270402366686e-05","overall","overall"
"2","cdm_gold_202512","observation_period_ordinal","all","overall","overall","Duration in days","density_452","density_x","numeric","9492.06066536203","overall","overall"
"2","cdm_gold_202512","observation_period_ordinal","all","overall","overall","Duration in days","density_452","density_y","numeric","2.31770003653444e-05","overall","overall"
"2","cdm_gold_202512","observation_period_ordinal","all","overall","overall","Duration in days","density_453","density_x","numeric","9513.07632093933","overall","overall"
"2","cdm_gold_202512","observation_period_ordinal","all","overall","overall","Duration in days","density_453","density_y","numeric","2.28617481556193e-05","overall","overall"
"2","cdm_gold_202512","observation_period_ordinal","all","overall","overall","Duration in days","density_454","density_x","numeric","9534.09197651663","overall","overall"
"2","cdm_gold_202512","observation_period_ordinal","all","overall","overall","Duration in days","density_454","density_y","numeric","2.21139114285191e-05","overall","overall"
"2","cdm_gold_202512","observation_period_ordinal","all","overall","overall","Duration in days","density_455","density_x","numeric","9555.10763209393","overall","overall"
"2","cdm_gold_202512","observation_period_ordinal","all","overall","overall","Duration in days","density_455","density_y","numeric","2.10007660740223e-05","overall","overall"
"2","cdm_gold_202512","observation_period_ordinal","all","overall","overall","Duration in days","density_456","density_x","numeric","9576.12328767123","overall","overall"
"2","cdm_gold_202512","observation_period_ordinal","all","overall","overall","Duration in days","density_456","density_y","numeric","1.96215680492653e-05","overall","overall"
"2","cdm_gold_202512","observation_period_ordinal","all","overall","overall","Duration in days","density_457","density_x","numeric","9597.13894324853","overall","overall"
"2","cdm_gold_202512","observation_period_ordinal","all","overall","overall","Duration in days","density_457","density_y","numeric","1.80971272279709e-05","overall","overall"
"2","cdm_gold_202512","observation_period_ordinal","all","overall","overall","Duration in days","density_458","density_x","numeric","9618.15459882583","overall","overall"
"2","cdm_gold_202512","observation_period_ordinal","all","overall","overall","Duration in days","density_458","density_y","numeric","1.65538370137762e-05","overall","overall"
"2","cdm_gold_202512","observation_period_ordinal","all","overall","overall","Duration in days","density_459","density_x","numeric","9639.17025440313","overall","overall"
"2","cdm_gold_202512","observation_period_ordinal","all","overall","overall","Duration in days","density_459","density_y","numeric","1.51084896974543e-05","overall","overall"
"2","cdm_gold_202512","observation_period_ordinal","all","overall","overall","Duration in days","density_460","density_x","numeric","9660.18590998043","overall","overall"
"2","cdm_gold_202512","observation_period_ordinal","all","overall","overall","Duration in days","density_460","density_y","numeric","1.38556311636117e-05","overall","overall"
"2","cdm_gold_202512","observation_period_ordinal","all","overall","overall","Duration in days","density_461","density_x","numeric","9681.20156555773","overall","overall"
"2","cdm_gold_202512","observation_period_ordinal","all","overall","overall","Duration in days","density_461","density_y","numeric","1.28589980596331e-05","overall","overall"
"2","cdm_gold_202512","observation_period_ordinal","all","overall","overall","Duration in days","density_462","density_x","numeric","9702.21722113503","overall","overall"
"2","cdm_gold_202512","observation_period_ordinal","all","overall","overall","Duration in days","density_462","density_y","numeric","1.21480816792044e-05","overall","overall"
"2","cdm_gold_202512","observation_period_ordinal","all","overall","overall","Duration in days","density_463","density_x","numeric","9723.23287671233","overall","overall"
"2","cdm_gold_202512","observation_period_ordinal","all","overall","overall","Duration in days","density_463","density_y","numeric","1.17199505252218e-05","overall","overall"
"2","cdm_gold_202512","observation_period_ordinal","all","overall","overall","Duration in days","density_464","density_x","numeric","9744.24853228963","overall","overall"
"2","cdm_gold_202512","observation_period_ordinal","all","overall","overall","Duration in days","density_464","density_y","numeric","1.15452849779885e-05","overall","overall"
"2","cdm_gold_202512","observation_period_ordinal","all","overall","overall","Duration in days","density_465","density_x","numeric","9765.26418786693","overall","overall"
"2","cdm_gold_202512","observation_period_ordinal","all","overall","overall","Duration in days","density_465","density_y","numeric","1.15765401734256e-05","overall","overall"
"2","cdm_gold_202512","observation_period_ordinal","all","overall","overall","Duration in days","density_466","density_x","numeric","9786.27984344423","overall","overall"
"2","cdm_gold_202512","observation_period_ordinal","all","overall","overall","Duration in days","density_466","density_y","numeric","1.17557528857267e-05","overall","overall"
"2","cdm_gold_202512","observation_period_ordinal","all","overall","overall","Duration in days","density_467","density_x","numeric","9807.29549902153","overall","overall"
"2","cdm_gold_202512","observation_period_ordinal","all","overall","overall","Duration in days","density_467","density_y","numeric","1.20200679969376e-05","overall","overall"
"2","cdm_gold_202512","observation_period_ordinal","all","overall","overall","Duration in days","density_468","density_x","numeric","9828.31115459882","overall","overall"
"2","cdm_gold_202512","observation_period_ordinal","all","overall","overall","Duration in days","density_468","density_y","numeric","1.2304491639919e-05","overall","overall"
"2","cdm_gold_202512","observation_period_ordinal","all","overall","overall","Duration in days","density_469","density_x","numeric","9849.32681017612","overall","overall"
"2","cdm_gold_202512","observation_period_ordinal","all","overall","overall","Duration in days","density_469","density_y","numeric","1.25385866221059e-05","overall","overall"
"2","cdm_gold_202512","observation_period_ordinal","all","overall","overall","Duration in days","density_470","density_x","numeric","9870.34246575343","overall","overall"
"2","cdm_gold_202512","observation_period_ordinal","all","overall","overall","Duration in days","density_470","density_y","numeric","1.26520164335222e-05","overall","overall"
"2","cdm_gold_202512","observation_period_ordinal","all","overall","overall","Duration in days","density_471","density_x","numeric","9891.35812133072","overall","overall"
"2","cdm_gold_202512","observation_period_ordinal","all","overall","overall","Duration in days","density_471","density_y","numeric","1.25916866415144e-05","overall","overall"
"2","cdm_gold_202512","observation_period_ordinal","all","overall","overall","Duration in days","density_472","density_x","numeric","9912.37377690802","overall","overall"
"2","cdm_gold_202512","observation_period_ordinal","all","overall","overall","Duration in days","density_472","density_y","numeric","1.23209141286581e-05","overall","overall"
"2","cdm_gold_202512","observation_period_ordinal","all","overall","overall","Duration in days","density_473","density_x","numeric","9933.38943248532","overall","overall"
"2","cdm_gold_202512","observation_period_ordinal","all","overall","overall","Duration in days","density_473","density_y","numeric","1.18295006710385e-05","overall","overall"
"2","cdm_gold_202512","observation_period_ordinal","all","overall","overall","Duration in days","density_474","density_x","numeric","9954.40508806262","overall","overall"
"2","cdm_gold_202512","observation_period_ordinal","all","overall","overall","Duration in days","density_474","density_y","numeric","1.11382558002376e-05","overall","overall"
"2","cdm_gold_202512","observation_period_ordinal","all","overall","overall","Duration in days","density_475","density_x","numeric","9975.42074363992","overall","overall"
"2","cdm_gold_202512","observation_period_ordinal","all","overall","overall","Duration in days","density_475","density_y","numeric","1.02970071559086e-05","overall","overall"
"2","cdm_gold_202512","observation_period_ordinal","all","overall","overall","Duration in days","density_476","density_x","numeric","9996.43639921722","overall","overall"
"2","cdm_gold_202512","observation_period_ordinal","all","overall","overall","Duration in days","density_476","density_y","numeric","9.37584667334936e-06","overall","overall"
"2","cdm_gold_202512","observation_period_ordinal","all","overall","overall","Duration in days","density_477","density_x","numeric","10017.4520547945","overall","overall"
"2","cdm_gold_202512","observation_period_ordinal","all","overall","overall","Duration in days","density_477","density_y","numeric","8.45171206696355e-06","overall","overall"
"2","cdm_gold_202512","observation_period_ordinal","all","overall","overall","Duration in days","density_478","density_x","numeric","10038.4677103718","overall","overall"
"2","cdm_gold_202512","observation_period_ordinal","all","overall","overall","Duration in days","density_478","density_y","numeric","7.59393890118093e-06","overall","overall"
"2","cdm_gold_202512","observation_period_ordinal","all","overall","overall","Duration in days","density_479","density_x","numeric","10059.4833659491","overall","overall"
"2","cdm_gold_202512","observation_period_ordinal","all","overall","overall","Duration in days","density_479","density_y","numeric","6.8526335852911e-06","overall","overall"
"2","cdm_gold_202512","observation_period_ordinal","all","overall","overall","Duration in days","density_480","density_x","numeric","10080.4990215264","overall","overall"
"2","cdm_gold_202512","observation_period_ordinal","all","overall","overall","Duration in days","density_480","density_y","numeric","6.25265831123244e-06","overall","overall"
"2","cdm_gold_202512","observation_period_ordinal","all","overall","overall","Duration in days","density_481","density_x","numeric","10101.5146771037","overall","overall"
"2","cdm_gold_202512","observation_period_ordinal","all","overall","overall","Duration in days","density_481","density_y","numeric","5.79417288734373e-06","overall","overall"
"2","cdm_gold_202512","observation_period_ordinal","all","overall","overall","Duration in days","density_482","density_x","numeric","10122.530332681","overall","overall"
"2","cdm_gold_202512","observation_period_ordinal","all","overall","overall","Duration in days","density_482","density_y","numeric","5.45873420080215e-06","overall","overall"
"2","cdm_gold_202512","observation_period_ordinal","all","overall","overall","Duration in days","density_483","density_x","numeric","10143.5459882583","overall","overall"
"2","cdm_gold_202512","observation_period_ordinal","all","overall","overall","Duration in days","density_483","density_y","numeric","5.21853447064875e-06","overall","overall"
"2","cdm_gold_202512","observation_period_ordinal","all","overall","overall","Duration in days","density_484","density_x","numeric","10164.5616438356","overall","overall"
"2","cdm_gold_202512","observation_period_ordinal","all","overall","overall","Duration in days","density_484","density_y","numeric","5.04582191704481e-06","overall","overall"
"2","cdm_gold_202512","observation_period_ordinal","all","overall","overall","Duration in days","density_485","density_x","numeric","10185.5772994129","overall","overall"
"2","cdm_gold_202512","observation_period_ordinal","all","overall","overall","Duration in days","density_485","density_y","numeric","4.92054723278217e-06","overall","overall"
"2","cdm_gold_202512","observation_period_ordinal","all","overall","overall","Duration in days","density_486","density_x","numeric","10206.5929549902","overall","overall"
"2","cdm_gold_202512","observation_period_ordinal","all","overall","overall","Duration in days","density_486","density_y","numeric","4.83336686990393e-06","overall","overall"
"2","cdm_gold_202512","observation_period_ordinal","all","overall","overall","Duration in days","density_487","density_x","numeric","10227.6086105675","overall","overall"
"2","cdm_gold_202512","observation_period_ordinal","all","overall","overall","Duration in days","density_487","density_y","numeric","4.78150224341726e-06","overall","overall"
"2","cdm_gold_202512","observation_period_ordinal","all","overall","overall","Duration in days","density_488","density_x","numeric","10248.6242661448","overall","overall"
"2","cdm_gold_202512","observation_period_ordinal","all","overall","overall","Duration in days","density_488","density_y","numeric","4.76786854965795e-06","overall","overall"
"2","cdm_gold_202512","observation_period_ordinal","all","overall","overall","Duration in days","density_489","density_x","numeric","10269.6399217221","overall","overall"
"2","cdm_gold_202512","observation_period_ordinal","all","overall","overall","Duration in days","density_489","density_y","numeric","4.79384136396574e-06","overall","overall"
"2","cdm_gold_202512","observation_period_ordinal","all","overall","overall","Duration in days","density_490","density_x","numeric","10290.6555772994","overall","overall"
"2","cdm_gold_202512","observation_period_ordinal","all","overall","overall","Duration in days","density_490","density_y","numeric","4.85601513981658e-06","overall","overall"
"2","cdm_gold_202512","observation_period_ordinal","all","overall","overall","Duration in days","density_491","density_x","numeric","10311.6712328767","overall","overall"
"2","cdm_gold_202512","observation_period_ordinal","all","overall","overall","Duration in days","density_491","density_y","numeric","4.94529225951946e-06","overall","overall"
"2","cdm_gold_202512","observation_period_ordinal","all","overall","overall","Duration in days","density_492","density_x","numeric","10332.686888454","overall","overall"
"2","cdm_gold_202512","observation_period_ordinal","all","overall","overall","Duration in days","density_492","density_y","numeric","5.04814928975819e-06","overall","overall"
"2","cdm_gold_202512","observation_period_ordinal","all","overall","overall","Duration in days","density_493","density_x","numeric","10353.7025440313","overall","overall"
"2","cdm_gold_202512","observation_period_ordinal","all","overall","overall","Duration in days","density_493","density_y","numeric","5.14921960548697e-06","overall","overall"
"2","cdm_gold_202512","observation_period_ordinal","all","overall","overall","Duration in days","density_494","density_x","numeric","10374.7181996086","overall","overall"
"2","cdm_gold_202512","observation_period_ordinal","all","overall","overall","Duration in days","density_494","density_y","numeric","5.23407673873528e-06","overall","overall"
"2","cdm_gold_202512","observation_period_ordinal","all","overall","overall","Duration in days","density_495","density_x","numeric","10395.7338551859","overall","overall"
"2","cdm_gold_202512","observation_period_ordinal","all","overall","overall","Duration in days","density_495","density_y","numeric","5.29131173835236e-06","overall","overall"
"2","cdm_gold_202512","observation_period_ordinal","all","overall","overall","Duration in days","density_496","density_x","numeric","10416.7495107632","overall","overall"
"2","cdm_gold_202512","observation_period_ordinal","all","overall","overall","Duration in days","density_496","density_y","numeric","5.31349403057287e-06","overall","overall"
"2","cdm_gold_202512","observation_period_ordinal","all","overall","overall","Duration in days","density_497","density_x","numeric","10437.7651663405","overall","overall"
"2","cdm_gold_202512","observation_period_ordinal","all","overall","overall","Duration in days","density_497","density_y","numeric","5.29712601311215e-06","overall","overall"
"2","cdm_gold_202512","observation_period_ordinal","all","overall","overall","Duration in days","density_498","density_x","numeric","10458.7808219178","overall","overall"
"2","cdm_gold_202512","observation_period_ordinal","all","overall","overall","Duration in days","density_498","density_y","numeric","5.24202311323728e-06","overall","overall"
"2","cdm_gold_202512","observation_period_ordinal","all","overall","overall","Duration in days","density_499","density_x","numeric","10479.7964774951","overall","overall"
"2","cdm_gold_202512","observation_period_ordinal","all","overall","overall","Duration in days","density_499","density_y","numeric","5.15058364827291e-06","overall","overall"
"2","cdm_gold_202512","observation_period_ordinal","all","overall","overall","Duration in days","density_500","density_x","numeric","10500.8121330724","overall","overall"
"2","cdm_gold_202512","observation_period_ordinal","all","overall","overall","Duration in days","density_500","density_y","numeric","5.02722727661416e-06","overall","overall"
"2","cdm_gold_202512","observation_period_ordinal","all","overall","overall","Duration in days","density_501","density_x","numeric","10521.8277886497","overall","overall"
"2","cdm_gold_202512","observation_period_ordinal","all","overall","overall","Duration in days","density_501","density_y","numeric","4.87804753979333e-06","overall","overall"
"2","cdm_gold_202512","observation_period_ordinal","all","overall","overall","Duration in days","density_502","density_x","numeric","10542.843444227","overall","overall"
"2","cdm_gold_202512","observation_period_ordinal","all","overall","overall","Duration in days","density_502","density_y","numeric","4.71006331793663e-06","overall","overall"
"2","cdm_gold_202512","observation_period_ordinal","all","overall","overall","Duration in days","density_503","density_x","numeric","10563.8590998043","overall","overall"
"2","cdm_gold_202512","observation_period_ordinal","all","overall","overall","Duration in days","density_503","density_y","numeric","4.53404630264359e-06","overall","overall"
"2","cdm_gold_202512","observation_period_ordinal","all","overall","overall","Duration in days","density_504","density_x","numeric","10584.8747553816","overall","overall"
"2","cdm_gold_202512","observation_period_ordinal","all","overall","overall","Duration in days","density_504","density_y","numeric","4.36002227107958e-06","overall","overall"
"2","cdm_gold_202512","observation_period_ordinal","all","overall","overall","Duration in days","density_505","density_x","numeric","10605.8904109589","overall","overall"
"2","cdm_gold_202512","observation_period_ordinal","all","overall","overall","Duration in days","density_505","density_y","numeric","4.19826971817728e-06","overall","overall"
"2","cdm_gold_202512","observation_period_ordinal","all","overall","overall","Duration in days","density_506","density_x","numeric","10626.9060665362","overall","overall"
"2","cdm_gold_202512","observation_period_ordinal","all","overall","overall","Duration in days","density_506","density_y","numeric","4.05832648695995e-06","overall","overall"
"2","cdm_gold_202512","observation_period_ordinal","all","overall","overall","Duration in days","density_507","density_x","numeric","10647.9217221135","overall","overall"
"2","cdm_gold_202512","observation_period_ordinal","all","overall","overall","Duration in days","density_507","density_y","numeric","3.94735284198071e-06","overall","overall"
"2","cdm_gold_202512","observation_period_ordinal","all","overall","overall","Duration in days","density_508","density_x","numeric","10668.9373776908","overall","overall"
"2","cdm_gold_202512","observation_period_ordinal","all","overall","overall","Duration in days","density_508","density_y","numeric","3.86818056043485e-06","overall","overall"
"2","cdm_gold_202512","observation_period_ordinal","all","overall","overall","Duration in days","density_509","density_x","numeric","10689.9530332681","overall","overall"
"2","cdm_gold_202512","observation_period_ordinal","all","overall","overall","Duration in days","density_509","density_y","numeric","3.81772241057463e-06","overall","overall"
"2","cdm_gold_202512","observation_period_ordinal","all","overall","overall","Duration in days","density_510","density_x","numeric","10710.9686888454","overall","overall"
"2","cdm_gold_202512","observation_period_ordinal","all","overall","overall","Duration in days","density_510","density_y","numeric","3.78663755530461e-06","overall","overall"
"2","cdm_gold_202512","observation_period_ordinal","all","overall","overall","Duration in days","density_511","density_x","numeric","10731.9843444227","overall","overall"
"2","cdm_gold_202512","observation_period_ordinal","all","overall","overall","Duration in days","density_511","density_y","numeric","3.7609537234799e-06","overall","overall"
"2","cdm_gold_202512","observation_period_ordinal","all","overall","overall","Duration in days","density_512","density_x","numeric","10753","overall","overall"
"2","cdm_gold_202512","observation_period_ordinal","all","overall","overall","Duration in days","density_512","density_y","numeric","3.725692558643e-06","overall","overall"
"2","cdm_gold_202512","observation_period_ordinal","1st","overall","overall","Number subjects",NA,"count","integer","17649004","overall","overall"
"2","cdm_gold_202512","observation_period_ordinal","1st","overall","overall","Duration in days","density_001","density_x","numeric","14","overall","overall"
"2","cdm_gold_202512","observation_period_ordinal","1st","overall","overall","Duration in days","density_001","density_y","numeric","0.000229755615624481","overall","overall"
"2","cdm_gold_202512","observation_period_ordinal","1st","overall","overall","Duration in days","density_002","density_x","numeric","35.0156555772994","overall","overall"
"2","cdm_gold_202512","observation_period_ordinal","1st","overall","overall","Duration in days","density_002","density_y","numeric","0.000266193900859394","overall","overall"
"2","cdm_gold_202512","observation_period_ordinal","1st","overall","overall","Duration in days","density_003","density_x","numeric","56.0313111545988","overall","overall"
"2","cdm_gold_202512","observation_period_ordinal","1st","overall","overall","Duration in days","density_003","density_y","numeric","0.000298866470890822","overall","overall"
"2","cdm_gold_202512","observation_period_ordinal","1st","overall","overall","Duration in days","density_004","density_x","numeric","77.0469667318982","overall","overall"
"2","cdm_gold_202512","observation_period_ordinal","1st","overall","overall","Duration in days","density_004","density_y","numeric","0.000326316076869292","overall","overall"
"2","cdm_gold_202512","observation_period_ordinal","1st","overall","overall","Duration in days","density_005","density_x","numeric","98.0626223091976","overall","overall"
"2","cdm_gold_202512","observation_period_ordinal","1st","overall","overall","Duration in days","density_005","density_y","numeric","0.000347762550366574","overall","overall"
"2","cdm_gold_202512","observation_period_ordinal","1st","overall","overall","Duration in days","density_006","density_x","numeric","119.078277886497","overall","overall"
"2","cdm_gold_202512","observation_period_ordinal","1st","overall","overall","Duration in days","density_006","density_y","numeric","0.000363119565261533","overall","overall"
"2","cdm_gold_202512","observation_period_ordinal","1st","overall","overall","Duration in days","density_007","density_x","numeric","140.093933463796","overall","overall"
"2","cdm_gold_202512","observation_period_ordinal","1st","overall","overall","Duration in days","density_007","density_y","numeric","0.000372886076129865","overall","overall"
"2","cdm_gold_202512","observation_period_ordinal","1st","overall","overall","Duration in days","density_008","density_x","numeric","161.109589041096","overall","overall"
"2","cdm_gold_202512","observation_period_ordinal","1st","overall","overall","Duration in days","density_008","density_y","numeric","0.000377958372315675","overall","overall"
"2","cdm_gold_202512","observation_period_ordinal","1st","overall","overall","Duration in days","density_009","density_x","numeric","182.125244618395","overall","overall"
"2","cdm_gold_202512","observation_period_ordinal","1st","overall","overall","Duration in days","density_009","density_y","numeric","0.000379417930513496","overall","overall"
"2","cdm_gold_202512","observation_period_ordinal","1st","overall","overall","Duration in days","density_010","density_x","numeric","203.140900195695","overall","overall"
"2","cdm_gold_202512","observation_period_ordinal","1st","overall","overall","Duration in days","density_010","density_y","numeric","0.00037834163642434","overall","overall"
"2","cdm_gold_202512","observation_period_ordinal","1st","overall","overall","Duration in days","density_011","density_x","numeric","224.156555772994","overall","overall"
"2","cdm_gold_202512","observation_period_ordinal","1st","overall","overall","Duration in days","density_011","density_y","numeric","0.00037566195314636","overall","overall"
"2","cdm_gold_202512","observation_period_ordinal","1st","overall","overall","Duration in days","density_012","density_x","numeric","245.172211350294","overall","overall"
"2","cdm_gold_202512","observation_period_ordinal","1st","overall","overall","Duration in days","density_012","density_y","numeric","0.000372083291903801","overall","overall"
"2","cdm_gold_202512","observation_period_ordinal","1st","overall","overall","Duration in days","density_013","density_x","numeric","266.187866927593","overall","overall"
"2","cdm_gold_202512","observation_period_ordinal","1st","overall","overall","Duration in days","density_013","density_y","numeric","0.000368043243567822","overall","overall"
"2","cdm_gold_202512","observation_period_ordinal","1st","overall","overall","Duration in days","density_014","density_x","numeric","287.203522504892","overall","overall"
"2","cdm_gold_202512","observation_period_ordinal","1st","overall","overall","Duration in days","density_014","density_y","numeric","0.000363761678245965","overall","overall"
"2","cdm_gold_202512","observation_period_ordinal","1st","overall","overall","Duration in days","density_015","density_x","numeric","308.219178082192","overall","overall"
"2","cdm_gold_202512","observation_period_ordinal","1st","overall","overall","Duration in days","density_015","density_y","numeric","0.000359227633486728","overall","overall"
"2","cdm_gold_202512","observation_period_ordinal","1st","overall","overall","Duration in days","density_016","density_x","numeric","329.234833659491","overall","overall"
"2","cdm_gold_202512","observation_period_ordinal","1st","overall","overall","Duration in days","density_016","density_y","numeric","0.000354333735271113","overall","overall"
"2","cdm_gold_202512","observation_period_ordinal","1st","overall","overall","Duration in days","density_017","density_x","numeric","350.250489236791","overall","overall"
"2","cdm_gold_202512","observation_period_ordinal","1st","overall","overall","Duration in days","density_017","density_y","numeric","0.000348956477607183","overall","overall"
"2","cdm_gold_202512","observation_period_ordinal","1st","overall","overall","Duration in days","density_018","density_x","numeric","371.26614481409","overall","overall"
"2","cdm_gold_202512","observation_period_ordinal","1st","overall","overall","Duration in days","density_018","density_y","numeric","0.000343026948429765","overall","overall"
"2","cdm_gold_202512","observation_period_ordinal","1st","overall","overall","Duration in days","density_019","density_x","numeric","392.281800391389","overall","overall"
"2","cdm_gold_202512","observation_period_ordinal","1st","overall","overall","Duration in days","density_019","density_y","numeric","0.000336578215334082","overall","overall"
"2","cdm_gold_202512","observation_period_ordinal","1st","overall","overall","Duration in days","density_020","density_x","numeric","413.297455968689","overall","overall"
"2","cdm_gold_202512","observation_period_ordinal","1st","overall","overall","Duration in days","density_020","density_y","numeric","0.000329760278897913","overall","overall"
"2","cdm_gold_202512","observation_period_ordinal","1st","overall","overall","Duration in days","density_021","density_x","numeric","434.313111545988","overall","overall"
"2","cdm_gold_202512","observation_period_ordinal","1st","overall","overall","Duration in days","density_021","density_y","numeric","0.000322821014919288","overall","overall"
"2","cdm_gold_202512","observation_period_ordinal","1st","overall","overall","Duration in days","density_022","density_x","numeric","455.328767123288","overall","overall"
"2","cdm_gold_202512","observation_period_ordinal","1st","overall","overall","Duration in days","density_022","density_y","numeric","0.000316059623148231","overall","overall"
"2","cdm_gold_202512","observation_period_ordinal","1st","overall","overall","Duration in days","density_023","density_x","numeric","476.344422700587","overall","overall"
"2","cdm_gold_202512","observation_period_ordinal","1st","overall","overall","Duration in days","density_023","density_y","numeric","0.000309765422050809","overall","overall"
"2","cdm_gold_202512","observation_period_ordinal","1st","overall","overall","Duration in days","density_024","density_x","numeric","497.360078277886","overall","overall"
"2","cdm_gold_202512","observation_period_ordinal","1st","overall","overall","Duration in days","density_024","density_y","numeric","0.000304157719777964","overall","overall"
"2","cdm_gold_202512","observation_period_ordinal","1st","overall","overall","Duration in days","density_025","density_x","numeric","518.375733855186","overall","overall"
"2","cdm_gold_202512","observation_period_ordinal","1st","overall","overall","Duration in days","density_025","density_y","numeric","0.000299341398379526","overall","overall"
"2","cdm_gold_202512","observation_period_ordinal","1st","overall","overall","Duration in days","density_026","density_x","numeric","539.391389432485","overall","overall"
"2","cdm_gold_202512","observation_period_ordinal","1st","overall","overall","Duration in days","density_026","density_y","numeric","0.00029528831541124","overall","overall"
"2","cdm_gold_202512","observation_period_ordinal","1st","overall","overall","Duration in days","density_027","density_x","numeric","560.407045009785","overall","overall"
"2","cdm_gold_202512","observation_period_ordinal","1st","overall","overall","Duration in days","density_027","density_y","numeric","0.000291847977324952","overall","overall"
"2","cdm_gold_202512","observation_period_ordinal","1st","overall","overall","Duration in days","density_028","density_x","numeric","581.422700587084","overall","overall"
"2","cdm_gold_202512","observation_period_ordinal","1st","overall","overall","Duration in days","density_028","density_y","numeric","0.000288783827937286","overall","overall"
"2","cdm_gold_202512","observation_period_ordinal","1st","overall","overall","Duration in days","density_029","density_x","numeric","602.438356164384","overall","overall"
"2","cdm_gold_202512","observation_period_ordinal","1st","overall","overall","Duration in days","density_029","density_y","numeric","0.00028581691526767","overall","overall"
"2","cdm_gold_202512","observation_period_ordinal","1st","overall","overall","Duration in days","density_030","density_x","numeric","623.454011741683","overall","overall"
"2","cdm_gold_202512","observation_period_ordinal","1st","overall","overall","Duration in days","density_030","density_y","numeric","0.00028268289630536","overall","overall"
"2","cdm_gold_202512","observation_period_ordinal","1st","overall","overall","Duration in days","density_031","density_x","numeric","644.469667318982","overall","overall"
"2","cdm_gold_202512","observation_period_ordinal","1st","overall","overall","Duration in days","density_031","density_y","numeric","0.000279219922127365","overall","overall"
"2","cdm_gold_202512","observation_period_ordinal","1st","overall","overall","Duration in days","density_032","density_x","numeric","665.485322896282","overall","overall"
"2","cdm_gold_202512","observation_period_ordinal","1st","overall","overall","Duration in days","density_032","density_y","numeric","0.000275359478136427","overall","overall"
"2","cdm_gold_202512","observation_period_ordinal","1st","overall","overall","Duration in days","density_033","density_x","numeric","686.500978473581","overall","overall"
"2","cdm_gold_202512","observation_period_ordinal","1st","overall","overall","Duration in days","density_033","density_y","numeric","0.00027112059735052","overall","overall"
"2","cdm_gold_202512","observation_period_ordinal","1st","overall","overall","Duration in days","density_034","density_x","numeric","707.516634050881","overall","overall"
"2","cdm_gold_202512","observation_period_ordinal","1st","overall","overall","Duration in days","density_034","density_y","numeric","0.000266590887927581","overall","overall"
"2","cdm_gold_202512","observation_period_ordinal","1st","overall","overall","Duration in days","density_035","density_x","numeric","728.53228962818","overall","overall"
"2","cdm_gold_202512","observation_period_ordinal","1st","overall","overall","Duration in days","density_035","density_y","numeric","0.000261899999666013","overall","overall"
"2","cdm_gold_202512","observation_period_ordinal","1st","overall","overall","Duration in days","density_036","density_x","numeric","749.547945205479","overall","overall"
"2","cdm_gold_202512","observation_period_ordinal","1st","overall","overall","Duration in days","density_036","density_y","numeric","0.000257192092743949","overall","overall"
"2","cdm_gold_202512","observation_period_ordinal","1st","overall","overall","Duration in days","density_037","density_x","numeric","770.563600782779","overall","overall"
"2","cdm_gold_202512","observation_period_ordinal","1st","overall","overall","Duration in days","density_037","density_y","numeric","0.000252601916365183","overall","overall"
"2","cdm_gold_202512","observation_period_ordinal","1st","overall","overall","Duration in days","density_038","density_x","numeric","791.579256360078","overall","overall"
"2","cdm_gold_202512","observation_period_ordinal","1st","overall","overall","Duration in days","density_038","density_y","numeric","0.000248237056716218","overall","overall"
"2","cdm_gold_202512","observation_period_ordinal","1st","overall","overall","Duration in days","density_039","density_x","numeric","812.594911937378","overall","overall"
"2","cdm_gold_202512","observation_period_ordinal","1st","overall","overall","Duration in days","density_039","density_y","numeric","0.000244167437333125","overall","overall"
"2","cdm_gold_202512","observation_period_ordinal","1st","overall","overall","Duration in days","density_040","density_x","numeric","833.610567514677","overall","overall"
"2","cdm_gold_202512","observation_period_ordinal","1st","overall","overall","Duration in days","density_040","density_y","numeric","0.000240422253027819","overall","overall"
"2","cdm_gold_202512","observation_period_ordinal","1st","overall","overall","Duration in days","density_041","density_x","numeric","854.626223091976","overall","overall"
"2","cdm_gold_202512","observation_period_ordinal","1st","overall","overall","Duration in days","density_041","density_y","numeric","0.000236993790297048","overall","overall"
"2","cdm_gold_202512","observation_period_ordinal","1st","overall","overall","Duration in days","density_042","density_x","numeric","875.641878669276","overall","overall"
"2","cdm_gold_202512","observation_period_ordinal","1st","overall","overall","Duration in days","density_042","density_y","numeric","0.000233846659069716","overall","overall"
"2","cdm_gold_202512","observation_period_ordinal","1st","overall","overall","Duration in days","density_043","density_x","numeric","896.657534246575","overall","overall"
"2","cdm_gold_202512","observation_period_ordinal","1st","overall","overall","Duration in days","density_043","density_y","numeric","0.000230929854101941","overall","overall"
"2","cdm_gold_202512","observation_period_ordinal","1st","overall","overall","Duration in days","density_044","density_x","numeric","917.673189823875","overall","overall"
"2","cdm_gold_202512","observation_period_ordinal","1st","overall","overall","Duration in days","density_044","density_y","numeric","0.000228188291253964","overall","overall"
"2","cdm_gold_202512","observation_period_ordinal","1st","overall","overall","Duration in days","density_045","density_x","numeric","938.688845401174","overall","overall"
"2","cdm_gold_202512","observation_period_ordinal","1st","overall","overall","Duration in days","density_045","density_y","numeric","0.000225573078467852","overall","overall"
"2","cdm_gold_202512","observation_period_ordinal","1st","overall","overall","Duration in days","density_046","density_x","numeric","959.704500978474","overall","overall"
"2","cdm_gold_202512","observation_period_ordinal","1st","overall","overall","Duration in days","density_046","density_y","numeric","0.000223035951220712","overall","overall"
"2","cdm_gold_202512","observation_period_ordinal","1st","overall","overall","Duration in days","density_047","density_x","numeric","980.720156555773","overall","overall"
"2","cdm_gold_202512","observation_period_ordinal","1st","overall","overall","Duration in days","density_047","density_y","numeric","0.000220533599147836","overall","overall"
"2","cdm_gold_202512","observation_period_ordinal","1st","overall","overall","Duration in days","density_048","density_x","numeric","1001.73581213307","overall","overall"
"2","cdm_gold_202512","observation_period_ordinal","1st","overall","overall","Duration in days","density_048","density_y","numeric","0.000218029998968006","overall","overall"
"2","cdm_gold_202512","observation_period_ordinal","1st","overall","overall","Duration in days","density_049","density_x","numeric","1022.75146771037","overall","overall"
"2","cdm_gold_202512","observation_period_ordinal","1st","overall","overall","Duration in days","density_049","density_y","numeric","0.000215492092565","overall","overall"
"2","cdm_gold_202512","observation_period_ordinal","1st","overall","overall","Duration in days","density_050","density_x","numeric","1043.76712328767","overall","overall"
"2","cdm_gold_202512","observation_period_ordinal","1st","overall","overall","Duration in days","density_050","density_y","numeric","0.000212892890369194","overall","overall"
"2","cdm_gold_202512","observation_period_ordinal","1st","overall","overall","Duration in days","density_051","density_x","numeric","1064.78277886497","overall","overall"
"2","cdm_gold_202512","observation_period_ordinal","1st","overall","overall","Duration in days","density_051","density_y","numeric","0.000210215759913398","overall","overall"
"2","cdm_gold_202512","observation_period_ordinal","1st","overall","overall","Duration in days","density_052","density_x","numeric","1085.79843444227","overall","overall"
"2","cdm_gold_202512","observation_period_ordinal","1st","overall","overall","Duration in days","density_052","density_y","numeric","0.000207457745426922","overall","overall"
"2","cdm_gold_202512","observation_period_ordinal","1st","overall","overall","Duration in days","density_053","density_x","numeric","1106.81409001957","overall","overall"
"2","cdm_gold_202512","observation_period_ordinal","1st","overall","overall","Duration in days","density_053","density_y","numeric","0.000204630279059467","overall","overall"
"2","cdm_gold_202512","observation_period_ordinal","1st","overall","overall","Duration in days","density_054","density_x","numeric","1127.82974559687","overall","overall"
"2","cdm_gold_202512","observation_period_ordinal","1st","overall","overall","Duration in days","density_054","density_y","numeric","0.000201756877093884","overall","overall"
"2","cdm_gold_202512","observation_period_ordinal","1st","overall","overall","Duration in days","density_055","density_x","numeric","1148.84540117417","overall","overall"
"2","cdm_gold_202512","observation_period_ordinal","1st","overall","overall","Duration in days","density_055","density_y","numeric","0.000198868721142225","overall","overall"
"2","cdm_gold_202512","observation_period_ordinal","1st","overall","overall","Duration in days","density_056","density_x","numeric","1169.86105675147","overall","overall"
"2","cdm_gold_202512","observation_period_ordinal","1st","overall","overall","Duration in days","density_056","density_y","numeric","0.000195999837854046","overall","overall"
"2","cdm_gold_202512","observation_period_ordinal","1st","overall","overall","Duration in days","density_057","density_x","numeric","1190.87671232877","overall","overall"
"2","cdm_gold_202512","observation_period_ordinal","1st","overall","overall","Duration in days","density_057","density_y","numeric","0.000193183594306172","overall","overall"
"2","cdm_gold_202512","observation_period_ordinal","1st","overall","overall","Duration in days","density_058","density_x","numeric","1211.89236790607","overall","overall"
"2","cdm_gold_202512","observation_period_ordinal","1st","overall","overall","Duration in days","density_058","density_y","numeric","0.000190451427605813","overall","overall"
"2","cdm_gold_202512","observation_period_ordinal","1st","overall","overall","Duration in days","density_059","density_x","numeric","1232.90802348337","overall","overall"
"2","cdm_gold_202512","observation_period_ordinal","1st","overall","overall","Duration in days","density_059","density_y","numeric","0.000187833445314159","overall","overall"
"2","cdm_gold_202512","observation_period_ordinal","1st","overall","overall","Duration in days","density_060","density_x","numeric","1253.92367906067","overall","overall"
"2","cdm_gold_202512","observation_period_ordinal","1st","overall","overall","Duration in days","density_060","density_y","numeric","0.000185359310541611","overall","overall"
"2","cdm_gold_202512","observation_period_ordinal","1st","overall","overall","Duration in days","density_061","density_x","numeric","1274.93933463796","overall","overall"
"2","cdm_gold_202512","observation_period_ordinal","1st","overall","overall","Duration in days","density_061","density_y","numeric","0.000183059231189013","overall","overall"
"2","cdm_gold_202512","observation_period_ordinal","1st","overall","overall","Duration in days","density_062","density_x","numeric","1295.95499021526","overall","overall"
"2","cdm_gold_202512","observation_period_ordinal","1st","overall","overall","Duration in days","density_062","density_y","numeric","0.000180965718420966","overall","overall"
"2","cdm_gold_202512","observation_period_ordinal","1st","overall","overall","Duration in days","density_063","density_x","numeric","1316.97064579256","overall","overall"
"2","cdm_gold_202512","observation_period_ordinal","1st","overall","overall","Duration in days","density_063","density_y","numeric","0.000179072045384959","overall","overall"
"2","cdm_gold_202512","observation_period_ordinal","1st","overall","overall","Duration in days","density_064","density_x","numeric","1337.98630136986","overall","overall"
"2","cdm_gold_202512","observation_period_ordinal","1st","overall","overall","Duration in days","density_064","density_y","numeric","0.000177357558111126","overall","overall"
"2","cdm_gold_202512","observation_period_ordinal","1st","overall","overall","Duration in days","density_065","density_x","numeric","1359.00195694716","overall","overall"
"2","cdm_gold_202512","observation_period_ordinal","1st","overall","overall","Duration in days","density_065","density_y","numeric","0.000175774056923899","overall","overall"
"2","cdm_gold_202512","observation_period_ordinal","1st","overall","overall","Duration in days","density_066","density_x","numeric","1380.01761252446","overall","overall"
"2","cdm_gold_202512","observation_period_ordinal","1st","overall","overall","Duration in days","density_066","density_y","numeric","0.000174249525204197","overall","overall"
"2","cdm_gold_202512","observation_period_ordinal","1st","overall","overall","Duration in days","density_067","density_x","numeric","1401.03326810176","overall","overall"
"2","cdm_gold_202512","observation_period_ordinal","1st","overall","overall","Duration in days","density_067","density_y","numeric","0.000172699105157073","overall","overall"
"2","cdm_gold_202512","observation_period_ordinal","1st","overall","overall","Duration in days","density_068","density_x","numeric","1422.04892367906","overall","overall"
"2","cdm_gold_202512","observation_period_ordinal","1st","overall","overall","Duration in days","density_068","density_y","numeric","0.000171041097861951","overall","overall"
"2","cdm_gold_202512","observation_period_ordinal","1st","overall","overall","Duration in days","density_069","density_x","numeric","1443.06457925636","overall","overall"
"2","cdm_gold_202512","observation_period_ordinal","1st","overall","overall","Duration in days","density_069","density_y","numeric","0.000169214039444387","overall","overall"
"2","cdm_gold_202512","observation_period_ordinal","1st","overall","overall","Duration in days","density_070","density_x","numeric","1464.08023483366","overall","overall"
"2","cdm_gold_202512","observation_period_ordinal","1st","overall","overall","Duration in days","density_070","density_y","numeric","0.000167190391784044","overall","overall"
"2","cdm_gold_202512","observation_period_ordinal","1st","overall","overall","Duration in days","density_071","density_x","numeric","1485.09589041096","overall","overall"
"2","cdm_gold_202512","observation_period_ordinal","1st","overall","overall","Duration in days","density_071","density_y","numeric","0.000164983185124167","overall","overall"
"2","cdm_gold_202512","observation_period_ordinal","1st","overall","overall","Duration in days","density_072","density_x","numeric","1506.11154598826","overall","overall"
"2","cdm_gold_202512","observation_period_ordinal","1st","overall","overall","Duration in days","density_072","density_y","numeric","0.000162643808645623","overall","overall"
"2","cdm_gold_202512","observation_period_ordinal","1st","overall","overall","Duration in days","density_073","density_x","numeric","1527.12720156556","overall","overall"
"2","cdm_gold_202512","observation_period_ordinal","1st","overall","overall","Duration in days","density_073","density_y","numeric","0.000160251548726086","overall","overall"
"2","cdm_gold_202512","observation_period_ordinal","1st","overall","overall","Duration in days","density_074","density_x","numeric","1548.14285714286","overall","overall"
"2","cdm_gold_202512","observation_period_ordinal","1st","overall","overall","Duration in days","density_074","density_y","numeric","0.000157897764202366","overall","overall"
"2","cdm_gold_202512","observation_period_ordinal","1st","overall","overall","Duration in days","density_075","density_x","numeric","1569.15851272016","overall","overall"
"2","cdm_gold_202512","observation_period_ordinal","1st","overall","overall","Duration in days","density_075","density_y","numeric","0.000155669101687963","overall","overall"
"2","cdm_gold_202512","observation_period_ordinal","1st","overall","overall","Duration in days","density_076","density_x","numeric","1590.17416829746","overall","overall"
"2","cdm_gold_202512","observation_period_ordinal","1st","overall","overall","Duration in days","density_076","density_y","numeric","0.000153634383944354","overall","overall"
"2","cdm_gold_202512","observation_period_ordinal","1st","overall","overall","Duration in days","density_077","density_x","numeric","1611.18982387476","overall","overall"
"2","cdm_gold_202512","observation_period_ordinal","1st","overall","overall","Duration in days","density_077","density_y","numeric","0.000151838552652154","overall","overall"
"2","cdm_gold_202512","observation_period_ordinal","1st","overall","overall","Duration in days","density_078","density_x","numeric","1632.20547945205","overall","overall"
"2","cdm_gold_202512","observation_period_ordinal","1st","overall","overall","Duration in days","density_078","density_y","numeric","0.000150320441059248","overall","overall"
"2","cdm_gold_202512","observation_period_ordinal","1st","overall","overall","Duration in days","density_079","density_x","numeric","1653.22113502935","overall","overall"
"2","cdm_gold_202512","observation_period_ordinal","1st","overall","overall","Duration in days","density_079","density_y","numeric","0.000149075951455408","overall","overall"
"2","cdm_gold_202512","observation_period_ordinal","1st","overall","overall","Duration in days","density_080","density_x","numeric","1674.23679060665","overall","overall"
"2","cdm_gold_202512","observation_period_ordinal","1st","overall","overall","Duration in days","density_080","density_y","numeric","0.000148103715954869","overall","overall"
"2","cdm_gold_202512","observation_period_ordinal","1st","overall","overall","Duration in days","density_081","density_x","numeric","1695.25244618395","overall","overall"
"2","cdm_gold_202512","observation_period_ordinal","1st","overall","overall","Duration in days","density_081","density_y","numeric","0.000147400536864011","overall","overall"
"2","cdm_gold_202512","observation_period_ordinal","1st","overall","overall","Duration in days","density_082","density_x","numeric","1716.26810176125","overall","overall"
"2","cdm_gold_202512","observation_period_ordinal","1st","overall","overall","Duration in days","density_082","density_y","numeric","0.00014695042693419","overall","overall"
"2","cdm_gold_202512","observation_period_ordinal","1st","overall","overall","Duration in days","density_083","density_x","numeric","1737.28375733855","overall","overall"
"2","cdm_gold_202512","observation_period_ordinal","1st","overall","overall","Duration in days","density_083","density_y","numeric","0.000146711272203786","overall","overall"
"2","cdm_gold_202512","observation_period_ordinal","1st","overall","overall","Duration in days","density_084","density_x","numeric","1758.29941291585","overall","overall"
"2","cdm_gold_202512","observation_period_ordinal","1st","overall","overall","Duration in days","density_084","density_y","numeric","0.00014660257925063","overall","overall"
"2","cdm_gold_202512","observation_period_ordinal","1st","overall","overall","Duration in days","density_085","density_x","numeric","1779.31506849315","overall","overall"
"2","cdm_gold_202512","observation_period_ordinal","1st","overall","overall","Duration in days","density_085","density_y","numeric","0.00014650178903648","overall","overall"
"2","cdm_gold_202512","observation_period_ordinal","1st","overall","overall","Duration in days","density_086","density_x","numeric","1800.33072407045","overall","overall"
"2","cdm_gold_202512","observation_period_ordinal","1st","overall","overall","Duration in days","density_086","density_y","numeric","0.000146254514600518","overall","overall"
"2","cdm_gold_202512","observation_period_ordinal","1st","overall","overall","Duration in days","density_087","density_x","numeric","1821.34637964775","overall","overall"
"2","cdm_gold_202512","observation_period_ordinal","1st","overall","overall","Duration in days","density_087","density_y","numeric","0.000145699293240638","overall","overall"
"2","cdm_gold_202512","observation_period_ordinal","1st","overall","overall","Duration in days","density_088","density_x","numeric","1842.36203522505","overall","overall"
"2","cdm_gold_202512","observation_period_ordinal","1st","overall","overall","Duration in days","density_088","density_y","numeric","0.000144701791122226","overall","overall"
"2","cdm_gold_202512","observation_period_ordinal","1st","overall","overall","Duration in days","density_089","density_x","numeric","1863.37769080235","overall","overall"
"2","cdm_gold_202512","observation_period_ordinal","1st","overall","overall","Duration in days","density_089","density_y","numeric","0.000143189078549752","overall","overall"
"2","cdm_gold_202512","observation_period_ordinal","1st","overall","overall","Duration in days","density_090","density_x","numeric","1884.39334637965","overall","overall"
"2","cdm_gold_202512","observation_period_ordinal","1st","overall","overall","Duration in days","density_090","density_y","numeric","0.000141173384956128","overall","overall"
"2","cdm_gold_202512","observation_period_ordinal","1st","overall","overall","Duration in days","density_091","density_x","numeric","1905.40900195695","overall","overall"
"2","cdm_gold_202512","observation_period_ordinal","1st","overall","overall","Duration in days","density_091","density_y","numeric","0.000138757257734148","overall","overall"
"2","cdm_gold_202512","observation_period_ordinal","1st","overall","overall","Duration in days","density_092","density_x","numeric","1926.42465753425","overall","overall"
"2","cdm_gold_202512","observation_period_ordinal","1st","overall","overall","Duration in days","density_092","density_y","numeric","0.000136117462897104","overall","overall"
"2","cdm_gold_202512","observation_period_ordinal","1st","overall","overall","Duration in days","density_093","density_x","numeric","1947.44031311155","overall","overall"
"2","cdm_gold_202512","observation_period_ordinal","1st","overall","overall","Duration in days","density_093","density_y","numeric","0.000133471327157961","overall","overall"
"2","cdm_gold_202512","observation_period_ordinal","1st","overall","overall","Duration in days","density_094","density_x","numeric","1968.45596868885","overall","overall"
"2","cdm_gold_202512","observation_period_ordinal","1st","overall","overall","Duration in days","density_094","density_y","numeric","0.000131048997995082","overall","overall"
"2","cdm_gold_202512","observation_period_ordinal","1st","overall","overall","Duration in days","density_095","density_x","numeric","1989.47162426614","overall","overall"
"2","cdm_gold_202512","observation_period_ordinal","1st","overall","overall","Duration in days","density_095","density_y","numeric","0.0001290316501471","overall","overall"
"2","cdm_gold_202512","observation_period_ordinal","1st","overall","overall","Duration in days","density_096","density_x","numeric","2010.48727984344","overall","overall"
"2","cdm_gold_202512","observation_period_ordinal","1st","overall","overall","Duration in days","density_096","density_y","numeric","0.000127496033250294","overall","overall"
"2","cdm_gold_202512","observation_period_ordinal","1st","overall","overall","Duration in days","density_097","density_x","numeric","2031.50293542074","overall","overall"
"2","cdm_gold_202512","observation_period_ordinal","1st","overall","overall","Duration in days","density_097","density_y","numeric","0.00012644784083608","overall","overall"
"2","cdm_gold_202512","observation_period_ordinal","1st","overall","overall","Duration in days","density_098","density_x","numeric","2052.51859099804","overall","overall"
"2","cdm_gold_202512","observation_period_ordinal","1st","overall","overall","Duration in days","density_098","density_y","numeric","0.000125827026517209","overall","overall"
"2","cdm_gold_202512","observation_period_ordinal","1st","overall","overall","Duration in days","density_099","density_x","numeric","2073.53424657534","overall","overall"
"2","cdm_gold_202512","observation_period_ordinal","1st","overall","overall","Duration in days","density_099","density_y","numeric","0.000125529140123973","overall","overall"
"2","cdm_gold_202512","observation_period_ordinal","1st","overall","overall","Duration in days","density_100","density_x","numeric","2094.54990215264","overall","overall"
"2","cdm_gold_202512","observation_period_ordinal","1st","overall","overall","Duration in days","density_100","density_y","numeric","0.000125428522230392","overall","overall"
"2","cdm_gold_202512","observation_period_ordinal","1st","overall","overall","Duration in days","density_101","density_x","numeric","2115.56555772994","overall","overall"
"2","cdm_gold_202512","observation_period_ordinal","1st","overall","overall","Duration in days","density_101","density_y","numeric","0.000125397695318133","overall","overall"
"2","cdm_gold_202512","observation_period_ordinal","1st","overall","overall","Duration in days","density_102","density_x","numeric","2136.58121330724","overall","overall"
"2","cdm_gold_202512","observation_period_ordinal","1st","overall","overall","Duration in days","density_102","density_y","numeric","0.000125320323742613","overall","overall"
"2","cdm_gold_202512","observation_period_ordinal","1st","overall","overall","Duration in days","density_103","density_x","numeric","2157.59686888454","overall","overall"
"2","cdm_gold_202512","observation_period_ordinal","1st","overall","overall","Duration in days","density_103","density_y","numeric","0.000125098245228617","overall","overall"
"2","cdm_gold_202512","observation_period_ordinal","1st","overall","overall","Duration in days","density_104","density_x","numeric","2178.61252446184","overall","overall"
"2","cdm_gold_202512","observation_period_ordinal","1st","overall","overall","Duration in days","density_104","density_y","numeric","0.000124655020759211","overall","overall"
"2","cdm_gold_202512","observation_period_ordinal","1st","overall","overall","Duration in days","density_105","density_x","numeric","2199.62818003914","overall","overall"
"2","cdm_gold_202512","observation_period_ordinal","1st","overall","overall","Duration in days","density_105","density_y","numeric","0.000123938618159435","overall","overall"
"2","cdm_gold_202512","observation_period_ordinal","1st","overall","overall","Duration in days","density_106","density_x","numeric","2220.64383561644","overall","overall"
"2","cdm_gold_202512","observation_period_ordinal","1st","overall","overall","Duration in days","density_106","density_y","numeric","0.000122924522064863","overall","overall"
"2","cdm_gold_202512","observation_period_ordinal","1st","overall","overall","Duration in days","density_107","density_x","numeric","2241.65949119374","overall","overall"
"2","cdm_gold_202512","observation_period_ordinal","1st","overall","overall","Duration in days","density_107","density_y","numeric","0.000121618693949575","overall","overall"
"2","cdm_gold_202512","observation_period_ordinal","1st","overall","overall","Duration in days","density_108","density_x","numeric","2262.67514677104","overall","overall"
"2","cdm_gold_202512","observation_period_ordinal","1st","overall","overall","Duration in days","density_108","density_y","numeric","0.000120058507697057","overall","overall"
"2","cdm_gold_202512","observation_period_ordinal","1st","overall","overall","Duration in days","density_109","density_x","numeric","2283.69080234834","overall","overall"
"2","cdm_gold_202512","observation_period_ordinal","1st","overall","overall","Duration in days","density_109","density_y","numeric","0.000118309787356675","overall","overall"
"2","cdm_gold_202512","observation_period_ordinal","1st","overall","overall","Duration in days","density_110","density_x","numeric","2304.70645792564","overall","overall"
"2","cdm_gold_202512","observation_period_ordinal","1st","overall","overall","Duration in days","density_110","density_y","numeric","0.000116459405569896","overall","overall"
"2","cdm_gold_202512","observation_period_ordinal","1st","overall","overall","Duration in days","density_111","density_x","numeric","2325.72211350294","overall","overall"
"2","cdm_gold_202512","observation_period_ordinal","1st","overall","overall","Duration in days","density_111","density_y","numeric","0.000114613141829865","overall","overall"
"2","cdm_gold_202512","observation_period_ordinal","1st","overall","overall","Duration in days","density_112","density_x","numeric","2346.73776908024","overall","overall"
"2","cdm_gold_202512","observation_period_ordinal","1st","overall","overall","Duration in days","density_112","density_y","numeric","0.000112869292933603","overall","overall"
"2","cdm_gold_202512","observation_period_ordinal","1st","overall","overall","Duration in days","density_113","density_x","numeric","2367.75342465753","overall","overall"
"2","cdm_gold_202512","observation_period_ordinal","1st","overall","overall","Duration in days","density_113","density_y","numeric","0.000111307009140438","overall","overall"
"2","cdm_gold_202512","observation_period_ordinal","1st","overall","overall","Duration in days","density_114","density_x","numeric","2388.76908023483","overall","overall"
"2","cdm_gold_202512","observation_period_ordinal","1st","overall","overall","Duration in days","density_114","density_y","numeric","0.000109986023213459","overall","overall"
"2","cdm_gold_202512","observation_period_ordinal","1st","overall","overall","Duration in days","density_115","density_x","numeric","2409.78473581213","overall","overall"
"2","cdm_gold_202512","observation_period_ordinal","1st","overall","overall","Duration in days","density_115","density_y","numeric","0.000108943545816299","overall","overall"
"2","cdm_gold_202512","observation_period_ordinal","1st","overall","overall","Duration in days","density_116","density_x","numeric","2430.80039138943","overall","overall"
"2","cdm_gold_202512","observation_period_ordinal","1st","overall","overall","Duration in days","density_116","density_y","numeric","0.000108192811190175","overall","overall"
"2","cdm_gold_202512","observation_period_ordinal","1st","overall","overall","Duration in days","density_117","density_x","numeric","2451.81604696673","overall","overall"
"2","cdm_gold_202512","observation_period_ordinal","1st","overall","overall","Duration in days","density_117","density_y","numeric","0.000107722837297135","overall","overall"
"2","cdm_gold_202512","observation_period_ordinal","1st","overall","overall","Duration in days","density_118","density_x","numeric","2472.83170254403","overall","overall"
"2","cdm_gold_202512","observation_period_ordinal","1st","overall","overall","Duration in days","density_118","density_y","numeric","0.000107499672639023","overall","overall"
"2","cdm_gold_202512","observation_period_ordinal","1st","overall","overall","Duration in days","density_119","density_x","numeric","2493.84735812133","overall","overall"
"2","cdm_gold_202512","observation_period_ordinal","1st","overall","overall","Duration in days","density_119","density_y","numeric","0.000107469812156154","overall","overall"
"2","cdm_gold_202512","observation_period_ordinal","1st","overall","overall","Duration in days","density_120","density_x","numeric","2514.86301369863","overall","overall"
"2","cdm_gold_202512","observation_period_ordinal","1st","overall","overall","Duration in days","density_120","density_y","numeric","0.000107566229721107","overall","overall"
"2","cdm_gold_202512","observation_period_ordinal","1st","overall","overall","Duration in days","density_121","density_x","numeric","2535.87866927593","overall","overall"
"2","cdm_gold_202512","observation_period_ordinal","1st","overall","overall","Duration in days","density_121","density_y","numeric","0.000107716634457627","overall","overall"
"2","cdm_gold_202512","observation_period_ordinal","1st","overall","overall","Duration in days","density_122","density_x","numeric","2556.89432485323","overall","overall"
"2","cdm_gold_202512","observation_period_ordinal","1st","overall","overall","Duration in days","density_122","density_y","numeric","0.000107852521327268","overall","overall"
"2","cdm_gold_202512","observation_period_ordinal","1st","overall","overall","Duration in days","density_123","density_x","numeric","2577.90998043053","overall","overall"
"2","cdm_gold_202512","observation_period_ordinal","1st","overall","overall","Duration in days","density_123","density_y","numeric","0.000107916937640964","overall","overall"
"2","cdm_gold_202512","observation_period_ordinal","1st","overall","overall","Duration in days","density_124","density_x","numeric","2598.92563600783","overall","overall"
"2","cdm_gold_202512","observation_period_ordinal","1st","overall","overall","Duration in days","density_124","density_y","numeric","0.00010786909336187","overall","overall"
"2","cdm_gold_202512","observation_period_ordinal","1st","overall","overall","Duration in days","density_125","density_x","numeric","2619.94129158513","overall","overall"
"2","cdm_gold_202512","observation_period_ordinal","1st","overall","overall","Duration in days","density_125","density_y","numeric","0.000107685070811301","overall","overall"
"2","cdm_gold_202512","observation_period_ordinal","1st","overall","overall","Duration in days","density_126","density_x","numeric","2640.95694716243","overall","overall"
"2","cdm_gold_202512","observation_period_ordinal","1st","overall","overall","Duration in days","density_126","density_y","numeric","0.000107355467589111","overall","overall"
"2","cdm_gold_202512","observation_period_ordinal","1st","overall","overall","Duration in days","density_127","density_x","numeric","2661.97260273973","overall","overall"
"2","cdm_gold_202512","observation_period_ordinal","1st","overall","overall","Duration in days","density_127","density_y","numeric","0.000106873479914651","overall","overall"
"2","cdm_gold_202512","observation_period_ordinal","1st","overall","overall","Duration in days","density_128","density_x","numeric","2682.98825831703","overall","overall"
"2","cdm_gold_202512","observation_period_ordinal","1st","overall","overall","Duration in days","density_128","density_y","numeric","0.000106260077096991","overall","overall"
"2","cdm_gold_202512","observation_period_ordinal","1st","overall","overall","Duration in days","density_129","density_x","numeric","2704.00391389432","overall","overall"
"2","cdm_gold_202512","observation_period_ordinal","1st","overall","overall","Duration in days","density_129","density_y","numeric","0.000105535515289852","overall","overall"
"2","cdm_gold_202512","observation_period_ordinal","1st","overall","overall","Duration in days","density_130","density_x","numeric","2725.01956947162","overall","overall"
"2","cdm_gold_202512","observation_period_ordinal","1st","overall","overall","Duration in days","density_130","density_y","numeric","0.000104725649507122","overall","overall"
"2","cdm_gold_202512","observation_period_ordinal","1st","overall","overall","Duration in days","density_131","density_x","numeric","2746.03522504892","overall","overall"
"2","cdm_gold_202512","observation_period_ordinal","1st","overall","overall","Duration in days","density_131","density_y","numeric","0.000103859710449449","overall","overall"
"2","cdm_gold_202512","observation_period_ordinal","1st","overall","overall","Duration in days","density_132","density_x","numeric","2767.05088062622","overall","overall"
"2","cdm_gold_202512","observation_period_ordinal","1st","overall","overall","Duration in days","density_132","density_y","numeric","0.000102965366123862","overall","overall"
"2","cdm_gold_202512","observation_period_ordinal","1st","overall","overall","Duration in days","density_133","density_x","numeric","2788.06653620352","overall","overall"
"2","cdm_gold_202512","observation_period_ordinal","1st","overall","overall","Duration in days","density_133","density_y","numeric","0.00010206323301125","overall","overall"
"2","cdm_gold_202512","observation_period_ordinal","1st","overall","overall","Duration in days","density_134","density_x","numeric","2809.08219178082","overall","overall"
"2","cdm_gold_202512","observation_period_ordinal","1st","overall","overall","Duration in days","density_134","density_y","numeric","0.000101163101988125","overall","overall"
"2","cdm_gold_202512","observation_period_ordinal","1st","overall","overall","Duration in days","density_135","density_x","numeric","2830.09784735812","overall","overall"
"2","cdm_gold_202512","observation_period_ordinal","1st","overall","overall","Duration in days","density_135","density_y","numeric","0.000100263748330118","overall","overall"
"2","cdm_gold_202512","observation_period_ordinal","1st","overall","overall","Duration in days","density_136","density_x","numeric","2851.11350293542","overall","overall"
"2","cdm_gold_202512","observation_period_ordinal","1st","overall","overall","Duration in days","density_136","density_y","numeric","9.93568463447305e-05","overall","overall"
"2","cdm_gold_202512","observation_period_ordinal","1st","overall","overall","Duration in days","density_137","density_x","numeric","2872.12915851272","overall","overall"
"2","cdm_gold_202512","observation_period_ordinal","1st","overall","overall","Duration in days","density_137","density_y","numeric","9.84338884370224e-05","overall","overall"
"2","cdm_gold_202512","observation_period_ordinal","1st","overall","overall","Duration in days","density_138","density_x","numeric","2893.14481409002","overall","overall"
"2","cdm_gold_202512","observation_period_ordinal","1st","overall","overall","Duration in days","density_138","density_y","numeric","9.74938449340509e-05","overall","overall"
"2","cdm_gold_202512","observation_period_ordinal","1st","overall","overall","Duration in days","density_139","density_x","numeric","2914.16046966732","overall","overall"
"2","cdm_gold_202512","observation_period_ordinal","1st","overall","overall","Duration in days","density_139","density_y","numeric","9.65490492360782e-05","overall","overall"
"2","cdm_gold_202512","observation_period_ordinal","1st","overall","overall","Duration in days","density_140","density_x","numeric","2935.17612524462","overall","overall"
"2","cdm_gold_202512","observation_period_ordinal","1st","overall","overall","Duration in days","density_140","density_y","numeric","9.56274710367762e-05","overall","overall"
"2","cdm_gold_202512","observation_period_ordinal","1st","overall","overall","Duration in days","density_141","density_x","numeric","2956.19178082192","overall","overall"
"2","cdm_gold_202512","observation_period_ordinal","1st","overall","overall","Duration in days","density_141","density_y","numeric","9.47707666064371e-05","overall","overall"
"2","cdm_gold_202512","observation_period_ordinal","1st","overall","overall","Duration in days","density_142","density_x","numeric","2977.20743639922","overall","overall"
"2","cdm_gold_202512","observation_period_ordinal","1st","overall","overall","Duration in days","density_142","density_y","numeric","9.40286977411233e-05","overall","overall"
"2","cdm_gold_202512","observation_period_ordinal","1st","overall","overall","Duration in days","density_143","density_x","numeric","2998.22309197652","overall","overall"
"2","cdm_gold_202512","observation_period_ordinal","1st","overall","overall","Duration in days","density_143","density_y","numeric","9.34603276696532e-05","overall","overall"
"2","cdm_gold_202512","observation_period_ordinal","1st","overall","overall","Duration in days","density_144","density_x","numeric","3019.23874755382","overall","overall"
"2","cdm_gold_202512","observation_period_ordinal","1st","overall","overall","Duration in days","density_144","density_y","numeric","9.31055857766217e-05","overall","overall"
"2","cdm_gold_202512","observation_period_ordinal","1st","overall","overall","Duration in days","density_145","density_x","numeric","3040.25440313112","overall","overall"
"2","cdm_gold_202512","observation_period_ordinal","1st","overall","overall","Duration in days","density_145","density_y","numeric","9.2978149033729e-05","overall","overall"
"2","cdm_gold_202512","observation_period_ordinal","1st","overall","overall","Duration in days","density_146","density_x","numeric","3061.27005870841","overall","overall"
"2","cdm_gold_202512","observation_period_ordinal","1st","overall","overall","Duration in days","density_146","density_y","numeric","9.30703243204876e-05","overall","overall"
"2","cdm_gold_202512","observation_period_ordinal","1st","overall","overall","Duration in days","density_147","density_x","numeric","3082.28571428571","overall","overall"
"2","cdm_gold_202512","observation_period_ordinal","1st","overall","overall","Duration in days","density_147","density_y","numeric","9.33460756167247e-05","overall","overall"
"2","cdm_gold_202512","observation_period_ordinal","1st","overall","overall","Duration in days","density_148","density_x","numeric","3103.30136986301","overall","overall"
"2","cdm_gold_202512","observation_period_ordinal","1st","overall","overall","Duration in days","density_148","density_y","numeric","9.37431304408125e-05","overall","overall"
"2","cdm_gold_202512","observation_period_ordinal","1st","overall","overall","Duration in days","density_149","density_x","numeric","3124.31702544031","overall","overall"
"2","cdm_gold_202512","observation_period_ordinal","1st","overall","overall","Duration in days","density_149","density_y","numeric","9.41803902788291e-05","overall","overall"
"2","cdm_gold_202512","observation_period_ordinal","1st","overall","overall","Duration in days","density_150","density_x","numeric","3145.33268101761","overall","overall"
"2","cdm_gold_202512","observation_period_ordinal","1st","overall","overall","Duration in days","density_150","density_y","numeric","9.45698329383648e-05","overall","overall"
"2","cdm_gold_202512","observation_period_ordinal","1st","overall","overall","Duration in days","density_151","density_x","numeric","3166.34833659491","overall","overall"
"2","cdm_gold_202512","observation_period_ordinal","1st","overall","overall","Duration in days","density_151","density_y","numeric","9.48305868735839e-05","overall","overall"
"2","cdm_gold_202512","observation_period_ordinal","1st","overall","overall","Duration in days","density_152","density_x","numeric","3187.36399217221","overall","overall"
"2","cdm_gold_202512","observation_period_ordinal","1st","overall","overall","Duration in days","density_152","density_y","numeric","9.49019288989644e-05","overall","overall"
"2","cdm_gold_202512","observation_period_ordinal","1st","overall","overall","Duration in days","density_153","density_x","numeric","3208.37964774951","overall","overall"
"2","cdm_gold_202512","observation_period_ordinal","1st","overall","overall","Duration in days","density_153","density_y","numeric","9.47520744020613e-05","overall","overall"
"2","cdm_gold_202512","observation_period_ordinal","1st","overall","overall","Duration in days","density_154","density_x","numeric","3229.39530332681","overall","overall"
"2","cdm_gold_202512","observation_period_ordinal","1st","overall","overall","Duration in days","density_154","density_y","numeric","9.43807951123362e-05","overall","overall"
"2","cdm_gold_202512","observation_period_ordinal","1st","overall","overall","Duration in days","density_155","density_x","numeric","3250.41095890411","overall","overall"
"2","cdm_gold_202512","observation_period_ordinal","1st","overall","overall","Duration in days","density_155","density_y","numeric","9.38156600319676e-05","overall","overall"
"2","cdm_gold_202512","observation_period_ordinal","1st","overall","overall","Duration in days","density_156","density_x","numeric","3271.42661448141","overall","overall"
"2","cdm_gold_202512","observation_period_ordinal","1st","overall","overall","Duration in days","density_156","density_y","numeric","9.31033589697617e-05","overall","overall"
"2","cdm_gold_202512","observation_period_ordinal","1st","overall","overall","Duration in days","density_157","density_x","numeric","3292.44227005871","overall","overall"
"2","cdm_gold_202512","observation_period_ordinal","1st","overall","overall","Duration in days","density_157","density_y","numeric","9.22985295268678e-05","overall","overall"
"2","cdm_gold_202512","observation_period_ordinal","1st","overall","overall","Duration in days","density_158","density_x","numeric","3313.45792563601","overall","overall"
"2","cdm_gold_202512","observation_period_ordinal","1st","overall","overall","Duration in days","density_158","density_y","numeric","9.14525402034228e-05","overall","overall"
"2","cdm_gold_202512","observation_period_ordinal","1st","overall","overall","Duration in days","density_159","density_x","numeric","3334.47358121331","overall","overall"
"2","cdm_gold_202512","observation_period_ordinal","1st","overall","overall","Duration in days","density_159","density_y","numeric","9.06044106075204e-05","overall","overall"
"2","cdm_gold_202512","observation_period_ordinal","1st","overall","overall","Duration in days","density_160","density_x","numeric","3355.48923679061","overall","overall"
"2","cdm_gold_202512","observation_period_ordinal","1st","overall","overall","Duration in days","density_160","density_y","numeric","8.97732663115797e-05","overall","overall"
"2","cdm_gold_202512","observation_period_ordinal","1st","overall","overall","Duration in days","density_161","density_x","numeric","3376.50489236791","overall","overall"
"2","cdm_gold_202512","observation_period_ordinal","1st","overall","overall","Duration in days","density_161","density_y","numeric","8.89516475785947e-05","overall","overall"
"2","cdm_gold_202512","observation_period_ordinal","1st","overall","overall","Duration in days","density_162","density_x","numeric","3397.52054794521","overall","overall"
"2","cdm_gold_202512","observation_period_ordinal","1st","overall","overall","Duration in days","density_162","density_y","numeric","8.8113896084762e-05","overall","overall"
"2","cdm_gold_202512","observation_period_ordinal","1st","overall","overall","Duration in days","density_163","density_x","numeric","3418.5362035225","overall","overall"
"2","cdm_gold_202512","observation_period_ordinal","1st","overall","overall","Duration in days","density_163","density_y","numeric","8.72250460649541e-05","overall","overall"
"2","cdm_gold_202512","observation_period_ordinal","1st","overall","overall","Duration in days","density_164","density_x","numeric","3439.5518590998","overall","overall"
"2","cdm_gold_202512","observation_period_ordinal","1st","overall","overall","Duration in days","density_164","density_y","numeric","8.62534821434974e-05","overall","overall"
"2","cdm_gold_202512","observation_period_ordinal","1st","overall","overall","Duration in days","density_165","density_x","numeric","3460.5675146771","overall","overall"
"2","cdm_gold_202512","observation_period_ordinal","1st","overall","overall","Duration in days","density_165","density_y","numeric","8.51847786414325e-05","overall","overall"
"2","cdm_gold_202512","observation_period_ordinal","1st","overall","overall","Duration in days","density_166","density_x","numeric","3481.5831702544","overall","overall"
"2","cdm_gold_202512","observation_period_ordinal","1st","overall","overall","Duration in days","density_166","density_y","numeric","8.40329785510161e-05","overall","overall"
"2","cdm_gold_202512","observation_period_ordinal","1st","overall","overall","Duration in days","density_167","density_x","numeric","3502.5988258317","overall","overall"
"2","cdm_gold_202512","observation_period_ordinal","1st","overall","overall","Duration in days","density_167","density_y","numeric","8.28456862176256e-05","overall","overall"
"2","cdm_gold_202512","observation_period_ordinal","1st","overall","overall","Duration in days","density_168","density_x","numeric","3523.614481409","overall","overall"
"2","cdm_gold_202512","observation_period_ordinal","1st","overall","overall","Duration in days","density_168","density_y","numeric","8.17007375250591e-05","overall","overall"
"2","cdm_gold_202512","observation_period_ordinal","1st","overall","overall","Duration in days","density_169","density_x","numeric","3544.6301369863","overall","overall"
"2","cdm_gold_202512","observation_period_ordinal","1st","overall","overall","Duration in days","density_169","density_y","numeric","8.06944149737896e-05","overall","overall"
"2","cdm_gold_202512","observation_period_ordinal","1st","overall","overall","Duration in days","density_170","density_x","numeric","3565.6457925636","overall","overall"
"2","cdm_gold_202512","observation_period_ordinal","1st","overall","overall","Duration in days","density_170","density_y","numeric","7.99234428672984e-05","overall","overall"
"2","cdm_gold_202512","observation_period_ordinal","1st","overall","overall","Duration in days","density_171","density_x","numeric","3586.6614481409","overall","overall"
"2","cdm_gold_202512","observation_period_ordinal","1st","overall","overall","Duration in days","density_171","density_y","numeric","7.9464642390804e-05","overall","overall"
"2","cdm_gold_202512","observation_period_ordinal","1st","overall","overall","Duration in days","density_172","density_x","numeric","3607.6771037182","overall","overall"
"2","cdm_gold_202512","observation_period_ordinal","1st","overall","overall","Duration in days","density_172","density_y","numeric","7.93567734020576e-05","overall","overall"
"2","cdm_gold_202512","observation_period_ordinal","1st","overall","overall","Duration in days","density_173","density_x","numeric","3628.6927592955","overall","overall"
"2","cdm_gold_202512","observation_period_ordinal","1st","overall","overall","Duration in days","density_173","density_y","numeric","7.95887405326166e-05","overall","overall"
"2","cdm_gold_202512","observation_period_ordinal","1st","overall","overall","Duration in days","density_174","density_x","numeric","3649.7084148728","overall","overall"
"2","cdm_gold_202512","observation_period_ordinal","1st","overall","overall","Duration in days","density_174","density_y","numeric","8.0097237546288e-05","overall","overall"
"2","cdm_gold_202512","observation_period_ordinal","1st","overall","overall","Duration in days","density_175","density_x","numeric","3670.7240704501","overall","overall"
"2","cdm_gold_202512","observation_period_ordinal","1st","overall","overall","Duration in days","density_175","density_y","numeric","8.07753134913853e-05","overall","overall"
"2","cdm_gold_202512","observation_period_ordinal","1st","overall","overall","Duration in days","density_176","density_x","numeric","3691.7397260274","overall","overall"
"2","cdm_gold_202512","observation_period_ordinal","1st","overall","overall","Duration in days","density_176","density_y","numeric","8.14833310971338e-05","overall","overall"
"2","cdm_gold_202512","observation_period_ordinal","1st","overall","overall","Duration in days","density_177","density_x","numeric","3712.7553816047","overall","overall"
"2","cdm_gold_202512","observation_period_ordinal","1st","overall","overall","Duration in days","density_177","density_y","numeric","8.20843395949967e-05","overall","overall"
"2","cdm_gold_202512","observation_period_ordinal","1st","overall","overall","Duration in days","density_178","density_x","numeric","3733.771037182","overall","overall"
"2","cdm_gold_202512","observation_period_ordinal","1st","overall","overall","Duration in days","density_178","density_y","numeric","8.2487233713932e-05","overall","overall"
"2","cdm_gold_202512","observation_period_ordinal","1st","overall","overall","Duration in days","density_179","density_x","numeric","3754.7866927593","overall","overall"
"2","cdm_gold_202512","observation_period_ordinal","1st","overall","overall","Duration in days","density_179","density_y","numeric","8.26501105313151e-05","overall","overall"
"2","cdm_gold_202512","observation_period_ordinal","1st","overall","overall","Duration in days","density_180","density_x","numeric","3775.8023483366","overall","overall"
"2","cdm_gold_202512","observation_period_ordinal","1st","overall","overall","Duration in days","density_180","density_y","numeric","8.25820816702318e-05","overall","overall"
"2","cdm_gold_202512","observation_period_ordinal","1st","overall","overall","Duration in days","density_181","density_x","numeric","3796.81800391389","overall","overall"
"2","cdm_gold_202512","observation_period_ordinal","1st","overall","overall","Duration in days","density_181","density_y","numeric","8.23327289987495e-05","overall","overall"
"2","cdm_gold_202512","observation_period_ordinal","1st","overall","overall","Duration in days","density_182","density_x","numeric","3817.83365949119","overall","overall"
"2","cdm_gold_202512","observation_period_ordinal","1st","overall","overall","Duration in days","density_182","density_y","numeric","8.1974099611727e-05","overall","overall"
"2","cdm_gold_202512","observation_period_ordinal","1st","overall","overall","Duration in days","density_183","density_x","numeric","3838.84931506849","overall","overall"
"2","cdm_gold_202512","observation_period_ordinal","1st","overall","overall","Duration in days","density_183","density_y","numeric","8.15819224521075e-05","overall","overall"
"2","cdm_gold_202512","observation_period_ordinal","1st","overall","overall","Duration in days","density_184","density_x","numeric","3859.86497064579","overall","overall"
"2","cdm_gold_202512","observation_period_ordinal","1st","overall","overall","Duration in days","density_184","density_y","numeric","8.12215662583311e-05","overall","overall"
"2","cdm_gold_202512","observation_period_ordinal","1st","overall","overall","Duration in days","density_185","density_x","numeric","3880.88062622309","overall","overall"
"2","cdm_gold_202512","observation_period_ordinal","1st","overall","overall","Duration in days","density_185","density_y","numeric","8.0940997150386e-05","overall","overall"
"2","cdm_gold_202512","observation_period_ordinal","1st","overall","overall","Duration in days","density_186","density_x","numeric","3901.89628180039","overall","overall"
"2","cdm_gold_202512","observation_period_ordinal","1st","overall","overall","Duration in days","density_186","density_y","numeric","8.07694377677484e-05","overall","overall"
"2","cdm_gold_202512","observation_period_ordinal","1st","overall","overall","Duration in days","density_187","density_x","numeric","3922.91193737769","overall","overall"
"2","cdm_gold_202512","observation_period_ordinal","1st","overall","overall","Duration in days","density_187","density_y","numeric","8.07183731397429e-05","overall","overall"
"2","cdm_gold_202512","observation_period_ordinal","1st","overall","overall","Duration in days","density_188","density_x","numeric","3943.92759295499","overall","overall"
"2","cdm_gold_202512","observation_period_ordinal","1st","overall","overall","Duration in days","density_188","density_y","numeric","8.07819065363186e-05","overall","overall"
"2","cdm_gold_202512","observation_period_ordinal","1st","overall","overall","Duration in days","density_189","density_x","numeric","3964.94324853229","overall","overall"
"2","cdm_gold_202512","observation_period_ordinal","1st","overall","overall","Duration in days","density_189","density_y","numeric","8.09358421603267e-05","overall","overall"
"2","cdm_gold_202512","observation_period_ordinal","1st","overall","overall","Duration in days","density_190","density_x","numeric","3985.95890410959","overall","overall"
"2","cdm_gold_202512","observation_period_ordinal","1st","overall","overall","Duration in days","density_190","density_y","numeric","8.11377148896972e-05","overall","overall"
"2","cdm_gold_202512","observation_period_ordinal","1st","overall","overall","Duration in days","density_191","density_x","numeric","4006.97455968689","overall","overall"
"2","cdm_gold_202512","observation_period_ordinal","1st","overall","overall","Duration in days","density_191","density_y","numeric","8.13313649546199e-05","overall","overall"
"2","cdm_gold_202512","observation_period_ordinal","1st","overall","overall","Duration in days","density_192","density_x","numeric","4027.99021526419","overall","overall"
"2","cdm_gold_202512","observation_period_ordinal","1st","overall","overall","Duration in days","density_192","density_y","numeric","8.14527446489185e-05","overall","overall"
"2","cdm_gold_202512","observation_period_ordinal","1st","overall","overall","Duration in days","density_193","density_x","numeric","4049.00587084149","overall","overall"
"2","cdm_gold_202512","observation_period_ordinal","1st","overall","overall","Duration in days","density_193","density_y","numeric","8.14603658457721e-05","overall","overall"
"2","cdm_gold_202512","observation_period_ordinal","1st","overall","overall","Duration in days","density_194","density_x","numeric","4070.02152641879","overall","overall"
"2","cdm_gold_202512","observation_period_ordinal","1st","overall","overall","Duration in days","density_194","density_y","numeric","8.13506529359926e-05","overall","overall"
"2","cdm_gold_202512","observation_period_ordinal","1st","overall","overall","Duration in days","density_195","density_x","numeric","4091.03718199609","overall","overall"
"2","cdm_gold_202512","observation_period_ordinal","1st","overall","overall","Duration in days","density_195","density_y","numeric","8.11540629972301e-05","overall","overall"
"2","cdm_gold_202512","observation_period_ordinal","1st","overall","overall","Duration in days","density_196","density_x","numeric","4112.05283757339","overall","overall"
"2","cdm_gold_202512","observation_period_ordinal","1st","overall","overall","Duration in days","density_196","density_y","numeric","8.09258632417034e-05","overall","overall"
"2","cdm_gold_202512","observation_period_ordinal","1st","overall","overall","Duration in days","density_197","density_x","numeric","4133.06849315068","overall","overall"
"2","cdm_gold_202512","observation_period_ordinal","1st","overall","overall","Duration in days","density_197","density_y","numeric","8.07262093401235e-05","overall","overall"
"2","cdm_gold_202512","observation_period_ordinal","1st","overall","overall","Duration in days","density_198","density_x","numeric","4154.08414872798","overall","overall"
"2","cdm_gold_202512","observation_period_ordinal","1st","overall","overall","Duration in days","density_198","density_y","numeric","8.05985174103591e-05","overall","overall"
"2","cdm_gold_202512","observation_period_ordinal","1st","overall","overall","Duration in days","density_199","density_x","numeric","4175.09980430528","overall","overall"
"2","cdm_gold_202512","observation_period_ordinal","1st","overall","overall","Duration in days","density_199","density_y","numeric","8.05543402055031e-05","overall","overall"
"2","cdm_gold_202512","observation_period_ordinal","1st","overall","overall","Duration in days","density_200","density_x","numeric","4196.11545988258","overall","overall"
"2","cdm_gold_202512","observation_period_ordinal","1st","overall","overall","Duration in days","density_200","density_y","numeric","8.05701131489699e-05","overall","overall"
"2","cdm_gold_202512","observation_period_ordinal","1st","overall","overall","Duration in days","density_201","density_x","numeric","4217.13111545988","overall","overall"
"2","cdm_gold_202512","observation_period_ordinal","1st","overall","overall","Duration in days","density_201","density_y","numeric","8.05963047705768e-05","overall","overall"
"2","cdm_gold_202512","observation_period_ordinal","1st","overall","overall","Duration in days","density_202","density_x","numeric","4238.14677103718","overall","overall"
"2","cdm_gold_202512","observation_period_ordinal","1st","overall","overall","Duration in days","density_202","density_y","numeric","8.05748054261047e-05","overall","overall"
"2","cdm_gold_202512","observation_period_ordinal","1st","overall","overall","Duration in days","density_203","density_x","numeric","4259.16242661448","overall","overall"
"2","cdm_gold_202512","observation_period_ordinal","1st","overall","overall","Duration in days","density_203","density_y","numeric","8.04576593345566e-05","overall","overall"
"2","cdm_gold_202512","observation_period_ordinal","1st","overall","overall","Duration in days","density_204","density_x","numeric","4280.17808219178","overall","overall"
"2","cdm_gold_202512","observation_period_ordinal","1st","overall","overall","Duration in days","density_204","density_y","numeric","8.02203679156563e-05","overall","overall"
"2","cdm_gold_202512","observation_period_ordinal","1st","overall","overall","Duration in days","density_205","density_x","numeric","4301.19373776908","overall","overall"
"2","cdm_gold_202512","observation_period_ordinal","1st","overall","overall","Duration in days","density_205","density_y","numeric","7.98656459664572e-05","overall","overall"
"2","cdm_gold_202512","observation_period_ordinal","1st","overall","overall","Duration in days","density_206","density_x","numeric","4322.20939334638","overall","overall"
"2","cdm_gold_202512","observation_period_ordinal","1st","overall","overall","Duration in days","density_206","density_y","numeric","7.94174105976221e-05","overall","overall"
"2","cdm_gold_202512","observation_period_ordinal","1st","overall","overall","Duration in days","density_207","density_x","numeric","4343.22504892368","overall","overall"
"2","cdm_gold_202512","observation_period_ordinal","1st","overall","overall","Duration in days","density_207","density_y","numeric","7.89082880506294e-05","overall","overall"
"2","cdm_gold_202512","observation_period_ordinal","1st","overall","overall","Duration in days","density_208","density_x","numeric","4364.24070450098","overall","overall"
"2","cdm_gold_202512","observation_period_ordinal","1st","overall","overall","Duration in days","density_208","density_y","numeric","7.83651494079185e-05","overall","overall"
"2","cdm_gold_202512","observation_period_ordinal","1st","overall","overall","Duration in days","density_209","density_x","numeric","4385.25636007828","overall","overall"
"2","cdm_gold_202512","observation_period_ordinal","1st","overall","overall","Duration in days","density_209","density_y","numeric","7.77990451222617e-05","overall","overall"
"2","cdm_gold_202512","observation_period_ordinal","1st","overall","overall","Duration in days","density_210","density_x","numeric","4406.27201565558","overall","overall"
"2","cdm_gold_202512","observation_period_ordinal","1st","overall","overall","Duration in days","density_210","density_y","numeric","7.72022063237585e-05","overall","overall"
"2","cdm_gold_202512","observation_period_ordinal","1st","overall","overall","Duration in days","density_211","density_x","numeric","4427.28767123288","overall","overall"
"2","cdm_gold_202512","observation_period_ordinal","1st","overall","overall","Duration in days","density_211","density_y","numeric","7.65555862589866e-05","overall","overall"
"2","cdm_gold_202512","observation_period_ordinal","1st","overall","overall","Duration in days","density_212","density_x","numeric","4448.30332681018","overall","overall"
"2","cdm_gold_202512","observation_period_ordinal","1st","overall","overall","Duration in days","density_212","density_y","numeric","7.58421869187385e-05","overall","overall"
"2","cdm_gold_202512","observation_period_ordinal","1st","overall","overall","Duration in days","density_213","density_x","numeric","4469.31898238748","overall","overall"
"2","cdm_gold_202512","observation_period_ordinal","1st","overall","overall","Duration in days","density_213","density_y","numeric","7.5059651063126e-05","overall","overall"
"2","cdm_gold_202512","observation_period_ordinal","1st","overall","overall","Duration in days","density_214","density_x","numeric","4490.33463796477","overall","overall"
"2","cdm_gold_202512","observation_period_ordinal","1st","overall","overall","Duration in days","density_214","density_y","numeric","7.42293700207768e-05","overall","overall"
"2","cdm_gold_202512","observation_period_ordinal","1st","overall","overall","Duration in days","density_215","density_x","numeric","4511.35029354207","overall","overall"
"2","cdm_gold_202512","observation_period_ordinal","1st","overall","overall","Duration in days","density_215","density_y","numeric","7.33989464470391e-05","overall","overall"
"2","cdm_gold_202512","observation_period_ordinal","1st","overall","overall","Duration in days","density_216","density_x","numeric","4532.36594911937","overall","overall"
"2","cdm_gold_202512","observation_period_ordinal","1st","overall","overall","Duration in days","density_216","density_y","numeric","7.26368848944978e-05","overall","overall"
"2","cdm_gold_202512","observation_period_ordinal","1st","overall","overall","Duration in days","density_217","density_x","numeric","4553.38160469667","overall","overall"
"2","cdm_gold_202512","observation_period_ordinal","1st","overall","overall","Duration in days","density_217","density_y","numeric","7.20209111298015e-05","overall","overall"
"2","cdm_gold_202512","observation_period_ordinal","1st","overall","overall","Duration in days","density_218","density_x","numeric","4574.39726027397","overall","overall"
"2","cdm_gold_202512","observation_period_ordinal","1st","overall","overall","Duration in days","density_218","density_y","numeric","7.16234099771994e-05","overall","overall"
"2","cdm_gold_202512","observation_period_ordinal","1st","overall","overall","Duration in days","density_219","density_x","numeric","4595.41291585127","overall","overall"
"2","cdm_gold_202512","observation_period_ordinal","1st","overall","overall","Duration in days","density_219","density_y","numeric","7.14982454050715e-05","overall","overall"
"2","cdm_gold_202512","observation_period_ordinal","1st","overall","overall","Duration in days","density_220","density_x","numeric","4616.42857142857","overall","overall"
"2","cdm_gold_202512","observation_period_ordinal","1st","overall","overall","Duration in days","density_220","density_y","numeric","7.1672303131189e-05","overall","overall"
"2","cdm_gold_202512","observation_period_ordinal","1st","overall","overall","Duration in days","density_221","density_x","numeric","4637.44422700587","overall","overall"
"2","cdm_gold_202512","observation_period_ordinal","1st","overall","overall","Duration in days","density_221","density_y","numeric","7.21428407718059e-05","overall","overall"
"2","cdm_gold_202512","observation_period_ordinal","1st","overall","overall","Duration in days","density_222","density_x","numeric","4658.45988258317","overall","overall"
"2","cdm_gold_202512","observation_period_ordinal","1st","overall","overall","Duration in days","density_222","density_y","numeric","7.28792011420488e-05","overall","overall"
"2","cdm_gold_202512","observation_period_ordinal","1st","overall","overall","Duration in days","density_223","density_x","numeric","4679.47553816047","overall","overall"
"2","cdm_gold_202512","observation_period_ordinal","1st","overall","overall","Duration in days","density_223","density_y","numeric","7.38259838962833e-05","overall","overall"
"2","cdm_gold_202512","observation_period_ordinal","1st","overall","overall","Duration in days","density_224","density_x","numeric","4700.49119373777","overall","overall"
"2","cdm_gold_202512","observation_period_ordinal","1st","overall","overall","Duration in days","density_224","density_y","numeric","7.49055038021244e-05","overall","overall"
"2","cdm_gold_202512","observation_period_ordinal","1st","overall","overall","Duration in days","density_225","density_x","numeric","4721.50684931507","overall","overall"
"2","cdm_gold_202512","observation_period_ordinal","1st","overall","overall","Duration in days","density_225","density_y","numeric","7.60104585930115e-05","overall","overall"
"2","cdm_gold_202512","observation_period_ordinal","1st","overall","overall","Duration in days","density_226","density_x","numeric","4742.52250489237","overall","overall"
"2","cdm_gold_202512","observation_period_ordinal","1st","overall","overall","Duration in days","density_226","density_y","numeric","7.7014511121917e-05","overall","overall"
"2","cdm_gold_202512","observation_period_ordinal","1st","overall","overall","Duration in days","density_227","density_x","numeric","4763.53816046967","overall","overall"
"2","cdm_gold_202512","observation_period_ordinal","1st","overall","overall","Duration in days","density_227","density_y","numeric","7.77970445505891e-05","overall","overall"
"2","cdm_gold_202512","observation_period_ordinal","1st","overall","overall","Duration in days","density_228","density_x","numeric","4784.55381604697","overall","overall"
"2","cdm_gold_202512","observation_period_ordinal","1st","overall","overall","Duration in days","density_228","density_y","numeric","7.82528706162443e-05","overall","overall"
"2","cdm_gold_202512","observation_period_ordinal","1st","overall","overall","Duration in days","density_229","density_x","numeric","4805.56947162427","overall","overall"
"2","cdm_gold_202512","observation_period_ordinal","1st","overall","overall","Duration in days","density_229","density_y","numeric","7.83110289523932e-05","overall","overall"
"2","cdm_gold_202512","observation_period_ordinal","1st","overall","overall","Duration in days","density_230","density_x","numeric","4826.58512720157","overall","overall"
"2","cdm_gold_202512","observation_period_ordinal","1st","overall","overall","Duration in days","density_230","density_y","numeric","7.7948132726057e-05","overall","overall"
"2","cdm_gold_202512","observation_period_ordinal","1st","overall","overall","Duration in days","density_231","density_x","numeric","4847.60078277887","overall","overall"
"2","cdm_gold_202512","observation_period_ordinal","1st","overall","overall","Duration in days","density_231","density_y","numeric","7.719169176507e-05","overall","overall"
"2","cdm_gold_202512","observation_period_ordinal","1st","overall","overall","Duration in days","density_232","density_x","numeric","4868.61643835616","overall","overall"
"2","cdm_gold_202512","observation_period_ordinal","1st","overall","overall","Duration in days","density_232","density_y","numeric","7.61126323247749e-05","overall","overall"
"2","cdm_gold_202512","observation_period_ordinal","1st","overall","overall","Duration in days","density_233","density_x","numeric","4889.63209393346","overall","overall"
"2","cdm_gold_202512","observation_period_ordinal","1st","overall","overall","Duration in days","density_233","density_y","numeric","7.4809980306212e-05","overall","overall"
"2","cdm_gold_202512","observation_period_ordinal","1st","overall","overall","Duration in days","density_234","density_x","numeric","4910.64774951076","overall","overall"
"2","cdm_gold_202512","observation_period_ordinal","1st","overall","overall","Duration in days","density_234","density_y","numeric","7.33926924315245e-05","overall","overall"
"2","cdm_gold_202512","observation_period_ordinal","1st","overall","overall","Duration in days","density_235","density_x","numeric","4931.66340508806","overall","overall"
"2","cdm_gold_202512","observation_period_ordinal","1st","overall","overall","Duration in days","density_235","density_y","numeric","7.19633780823666e-05","overall","overall"
"2","cdm_gold_202512","observation_period_ordinal","1st","overall","overall","Duration in days","density_236","density_x","numeric","4952.67906066536","overall","overall"
"2","cdm_gold_202512","observation_period_ordinal","1st","overall","overall","Duration in days","density_236","density_y","numeric","7.06067922226956e-05","overall","overall"
"2","cdm_gold_202512","observation_period_ordinal","1st","overall","overall","Duration in days","density_237","density_x","numeric","4973.69471624266","overall","overall"
"2","cdm_gold_202512","observation_period_ordinal","1st","overall","overall","Duration in days","density_237","density_y","numeric","6.93837602701042e-05","overall","overall"
"2","cdm_gold_202512","observation_period_ordinal","1st","overall","overall","Duration in days","density_238","density_x","numeric","4994.71037181996","overall","overall"
"2","cdm_gold_202512","observation_period_ordinal","1st","overall","overall","Duration in days","density_238","density_y","numeric","6.83297588586382e-05","overall","overall"
"2","cdm_gold_202512","observation_period_ordinal","1st","overall","overall","Duration in days","density_239","density_x","numeric","5015.72602739726","overall","overall"
"2","cdm_gold_202512","observation_period_ordinal","1st","overall","overall","Duration in days","density_239","density_y","numeric","6.74571320537674e-05","overall","overall"
"2","cdm_gold_202512","observation_period_ordinal","1st","overall","overall","Duration in days","density_240","density_x","numeric","5036.74168297456","overall","overall"
"2","cdm_gold_202512","observation_period_ordinal","1st","overall","overall","Duration in days","density_240","density_y","numeric","6.67603852689058e-05","overall","overall"
"2","cdm_gold_202512","observation_period_ordinal","1st","overall","overall","Duration in days","density_241","density_x","numeric","5057.75733855186","overall","overall"
"2","cdm_gold_202512","observation_period_ordinal","1st","overall","overall","Duration in days","density_241","density_y","numeric","6.62322856931604e-05","overall","overall"
"2","cdm_gold_202512","observation_period_ordinal","1st","overall","overall","Duration in days","density_242","density_x","numeric","5078.77299412916","overall","overall"
"2","cdm_gold_202512","observation_period_ordinal","1st","overall","overall","Duration in days","density_242","density_y","numeric","6.58502951054533e-05","overall","overall"
"2","cdm_gold_202512","observation_period_ordinal","1st","overall","overall","Duration in days","density_243","density_x","numeric","5099.78864970646","overall","overall"
"2","cdm_gold_202512","observation_period_ordinal","1st","overall","overall","Duration in days","density_243","density_y","numeric","6.56065407268122e-05","overall","overall"
"2","cdm_gold_202512","observation_period_ordinal","1st","overall","overall","Duration in days","density_244","density_x","numeric","5120.80430528376","overall","overall"
"2","cdm_gold_202512","observation_period_ordinal","1st","overall","overall","Duration in days","density_244","density_y","numeric","6.55034411178809e-05","overall","overall"
"2","cdm_gold_202512","observation_period_ordinal","1st","overall","overall","Duration in days","density_245","density_x","numeric","5141.81996086106","overall","overall"
"2","cdm_gold_202512","observation_period_ordinal","1st","overall","overall","Duration in days","density_245","density_y","numeric","6.5542964786901e-05","overall","overall"
"2","cdm_gold_202512","observation_period_ordinal","1st","overall","overall","Duration in days","density_246","density_x","numeric","5162.83561643836","overall","overall"
"2","cdm_gold_202512","observation_period_ordinal","1st","overall","overall","Duration in days","density_246","density_y","numeric","6.57127181622908e-05","overall","overall"
"2","cdm_gold_202512","observation_period_ordinal","1st","overall","overall","Duration in days","density_247","density_x","numeric","5183.85127201566","overall","overall"
"2","cdm_gold_202512","observation_period_ordinal","1st","overall","overall","Duration in days","density_247","density_y","numeric","6.59726634799091e-05","overall","overall"
"2","cdm_gold_202512","observation_period_ordinal","1st","overall","overall","Duration in days","density_248","density_x","numeric","5204.86692759296","overall","overall"
"2","cdm_gold_202512","observation_period_ordinal","1st","overall","overall","Duration in days","density_248","density_y","numeric","6.62496747587457e-05","overall","overall"
"2","cdm_gold_202512","observation_period_ordinal","1st","overall","overall","Duration in days","density_249","density_x","numeric","5225.88258317025","overall","overall"
"2","cdm_gold_202512","observation_period_ordinal","1st","overall","overall","Duration in days","density_249","density_y","numeric","6.64452170821397e-05","overall","overall"
"2","cdm_gold_202512","observation_period_ordinal","1st","overall","overall","Duration in days","density_250","density_x","numeric","5246.89823874755","overall","overall"
"2","cdm_gold_202512","observation_period_ordinal","1st","overall","overall","Duration in days","density_250","density_y","numeric","6.64568298114828e-05","overall","overall"
"2","cdm_gold_202512","observation_period_ordinal","1st","overall","overall","Duration in days","density_251","density_x","numeric","5267.91389432485","overall","overall"
"2","cdm_gold_202512","observation_period_ordinal","1st","overall","overall","Duration in days","density_251","density_y","numeric","6.62085028639028e-05","overall","overall"
"2","cdm_gold_202512","observation_period_ordinal","1st","overall","overall","Duration in days","density_252","density_x","numeric","5288.92954990215","overall","overall"
"2","cdm_gold_202512","observation_period_ordinal","1st","overall","overall","Duration in days","density_252","density_y","numeric","6.56806774575952e-05","overall","overall"
"2","cdm_gold_202512","observation_period_ordinal","1st","overall","overall","Duration in days","density_253","density_x","numeric","5309.94520547945","overall","overall"
"2","cdm_gold_202512","observation_period_ordinal","1st","overall","overall","Duration in days","density_253","density_y","numeric","6.49293160898195e-05","overall","overall"
"2","cdm_gold_202512","observation_period_ordinal","1st","overall","overall","Duration in days","density_254","density_x","numeric","5330.96086105675","overall","overall"
"2","cdm_gold_202512","observation_period_ordinal","1st","overall","overall","Duration in days","density_254","density_y","numeric","6.40859795355945e-05","overall","overall"
"2","cdm_gold_202512","observation_period_ordinal","1st","overall","overall","Duration in days","density_255","density_x","numeric","5351.97651663405","overall","overall"
"2","cdm_gold_202512","observation_period_ordinal","1st","overall","overall","Duration in days","density_255","density_y","numeric","6.33363845091542e-05","overall","overall"
"2","cdm_gold_202512","observation_period_ordinal","1st","overall","overall","Duration in days","density_256","density_x","numeric","5372.99217221135","overall","overall"
"2","cdm_gold_202512","observation_period_ordinal","1st","overall","overall","Duration in days","density_256","density_y","numeric","6.28815750678095e-05","overall","overall"
"2","cdm_gold_202512","observation_period_ordinal","1st","overall","overall","Duration in days","density_257","density_x","numeric","5394.00782778865","overall","overall"
"2","cdm_gold_202512","observation_period_ordinal","1st","overall","overall","Duration in days","density_257","density_y","numeric","6.29108333600398e-05","overall","overall"
"2","cdm_gold_202512","observation_period_ordinal","1st","overall","overall","Duration in days","density_258","density_x","numeric","5415.02348336595","overall","overall"
"2","cdm_gold_202512","observation_period_ordinal","1st","overall","overall","Duration in days","density_258","density_y","numeric","6.35178629536324e-05","overall","overall"
"2","cdm_gold_202512","observation_period_ordinal","1st","overall","overall","Duration in days","density_259","density_x","numeric","5436.03913894325","overall","overall"
"2","cdm_gold_202512","observation_period_ordinal","1st","overall","overall","Duration in days","density_259","density_y","numeric","6.46592896462282e-05","overall","overall"
"2","cdm_gold_202512","observation_period_ordinal","1st","overall","overall","Duration in days","density_260","density_x","numeric","5457.05479452055","overall","overall"
"2","cdm_gold_202512","observation_period_ordinal","1st","overall","overall","Duration in days","density_260","density_y","numeric","6.62131743965496e-05","overall","overall"
"2","cdm_gold_202512","observation_period_ordinal","1st","overall","overall","Duration in days","density_261","density_x","numeric","5478.07045009785","overall","overall"
"2","cdm_gold_202512","observation_period_ordinal","1st","overall","overall","Duration in days","density_261","density_y","numeric","6.79905300974894e-05","overall","overall"
"2","cdm_gold_202512","observation_period_ordinal","1st","overall","overall","Duration in days","density_262","density_x","numeric","5499.08610567515","overall","overall"
"2","cdm_gold_202512","observation_period_ordinal","1st","overall","overall","Duration in days","density_262","density_y","numeric","6.97758281478376e-05","overall","overall"
"2","cdm_gold_202512","observation_period_ordinal","1st","overall","overall","Duration in days","density_263","density_x","numeric","5520.10176125245","overall","overall"
"2","cdm_gold_202512","observation_period_ordinal","1st","overall","overall","Duration in days","density_263","density_y","numeric","7.13691778091807e-05","overall","overall"
"2","cdm_gold_202512","observation_period_ordinal","1st","overall","overall","Duration in days","density_264","density_x","numeric","5541.11741682975","overall","overall"
"2","cdm_gold_202512","observation_period_ordinal","1st","overall","overall","Duration in days","density_264","density_y","numeric","7.26196689600229e-05","overall","overall"
"2","cdm_gold_202512","observation_period_ordinal","1st","overall","overall","Duration in days","density_265","density_x","numeric","5562.13307240704","overall","overall"
"2","cdm_gold_202512","observation_period_ordinal","1st","overall","overall","Duration in days","density_265","density_y","numeric","7.34429040085001e-05","overall","overall"
"2","cdm_gold_202512","observation_period_ordinal","1st","overall","overall","Duration in days","density_266","density_x","numeric","5583.14872798434","overall","overall"
"2","cdm_gold_202512","observation_period_ordinal","1st","overall","overall","Duration in days","density_266","density_y","numeric","7.38210929241129e-05","overall","overall"
"2","cdm_gold_202512","observation_period_ordinal","1st","overall","overall","Duration in days","density_267","density_x","numeric","5604.16438356164","overall","overall"
"2","cdm_gold_202512","observation_period_ordinal","1st","overall","overall","Duration in days","density_267","density_y","numeric","7.37893231625616e-05","overall","overall"
"2","cdm_gold_202512","observation_period_ordinal","1st","overall","overall","Duration in days","density_268","density_x","numeric","5625.18003913894","overall","overall"
"2","cdm_gold_202512","observation_period_ordinal","1st","overall","overall","Duration in days","density_268","density_y","numeric","7.34149478567753e-05","overall","overall"
"2","cdm_gold_202512","observation_period_ordinal","1st","overall","overall","Duration in days","density_269","density_x","numeric","5646.19569471624","overall","overall"
"2","cdm_gold_202512","observation_period_ordinal","1st","overall","overall","Duration in days","density_269","density_y","numeric","7.27774958935844e-05","overall","overall"
"2","cdm_gold_202512","observation_period_ordinal","1st","overall","overall","Duration in days","density_270","density_x","numeric","5667.21135029354","overall","overall"
"2","cdm_gold_202512","observation_period_ordinal","1st","overall","overall","Duration in days","density_270","density_y","numeric","7.19543008631772e-05","overall","overall"
"2","cdm_gold_202512","observation_period_ordinal","1st","overall","overall","Duration in days","density_271","density_x","numeric","5688.22700587084","overall","overall"
"2","cdm_gold_202512","observation_period_ordinal","1st","overall","overall","Duration in days","density_271","density_y","numeric","7.10134174778308e-05","overall","overall"
"2","cdm_gold_202512","observation_period_ordinal","1st","overall","overall","Duration in days","density_272","density_x","numeric","5709.24266144814","overall","overall"
"2","cdm_gold_202512","observation_period_ordinal","1st","overall","overall","Duration in days","density_272","density_y","numeric","7.00120687958805e-05","overall","overall"
"2","cdm_gold_202512","observation_period_ordinal","1st","overall","overall","Duration in days","density_273","density_x","numeric","5730.25831702544","overall","overall"
"2","cdm_gold_202512","observation_period_ordinal","1st","overall","overall","Duration in days","density_273","density_y","numeric","6.89976045084887e-05","overall","overall"
"2","cdm_gold_202512","observation_period_ordinal","1st","overall","overall","Duration in days","density_274","density_x","numeric","5751.27397260274","overall","overall"
"2","cdm_gold_202512","observation_period_ordinal","1st","overall","overall","Duration in days","density_274","density_y","numeric","6.80098658137857e-05","overall","overall"
"2","cdm_gold_202512","observation_period_ordinal","1st","overall","overall","Duration in days","density_275","density_x","numeric","5772.28962818004","overall","overall"
"2","cdm_gold_202512","observation_period_ordinal","1st","overall","overall","Duration in days","density_275","density_y","numeric","6.7071415367504e-05","overall","overall"
"2","cdm_gold_202512","observation_period_ordinal","1st","overall","overall","Duration in days","density_276","density_x","numeric","5793.30528375734","overall","overall"
"2","cdm_gold_202512","observation_period_ordinal","1st","overall","overall","Duration in days","density_276","density_y","numeric","6.61910171560285e-05","overall","overall"
"2","cdm_gold_202512","observation_period_ordinal","1st","overall","overall","Duration in days","density_277","density_x","numeric","5814.32093933464","overall","overall"
"2","cdm_gold_202512","observation_period_ordinal","1st","overall","overall","Duration in days","density_277","density_y","numeric","6.53662889855968e-05","overall","overall"
"2","cdm_gold_202512","observation_period_ordinal","1st","overall","overall","Duration in days","density_278","density_x","numeric","5835.33659491194","overall","overall"
"2","cdm_gold_202512","observation_period_ordinal","1st","overall","overall","Duration in days","density_278","density_y","numeric","6.45889608694158e-05","overall","overall"
"2","cdm_gold_202512","observation_period_ordinal","1st","overall","overall","Duration in days","density_279","density_x","numeric","5856.35225048924","overall","overall"
"2","cdm_gold_202512","observation_period_ordinal","1st","overall","overall","Duration in days","density_279","density_y","numeric","6.38523707466256e-05","overall","overall"
"2","cdm_gold_202512","observation_period_ordinal","1st","overall","overall","Duration in days","density_280","density_x","numeric","5877.36790606654","overall","overall"
"2","cdm_gold_202512","observation_period_ordinal","1st","overall","overall","Duration in days","density_280","density_y","numeric","6.31589016811297e-05","overall","overall"
"2","cdm_gold_202512","observation_period_ordinal","1st","overall","overall","Duration in days","density_281","density_x","numeric","5898.38356164384","overall","overall"
"2","cdm_gold_202512","observation_period_ordinal","1st","overall","overall","Duration in days","density_281","density_y","numeric","6.25246406005416e-05","overall","overall"
"2","cdm_gold_202512","observation_period_ordinal","1st","overall","overall","Duration in days","density_282","density_x","numeric","5919.39921722113","overall","overall"
"2","cdm_gold_202512","observation_period_ordinal","1st","overall","overall","Duration in days","density_282","density_y","numeric","6.19789603381078e-05","overall","overall"
"2","cdm_gold_202512","observation_period_ordinal","1st","overall","overall","Duration in days","density_283","density_x","numeric","5940.41487279843","overall","overall"
"2","cdm_gold_202512","observation_period_ordinal","1st","overall","overall","Duration in days","density_283","density_y","numeric","6.1557924433619e-05","overall","overall"
"2","cdm_gold_202512","observation_period_ordinal","1st","overall","overall","Duration in days","density_284","density_x","numeric","5961.43052837573","overall","overall"
"2","cdm_gold_202512","observation_period_ordinal","1st","overall","overall","Duration in days","density_284","density_y","numeric","6.12922201212992e-05","overall","overall"
"2","cdm_gold_202512","observation_period_ordinal","1st","overall","overall","Duration in days","density_285","density_x","numeric","5982.44618395303","overall","overall"
"2","cdm_gold_202512","observation_period_ordinal","1st","overall","overall","Duration in days","density_285","density_y","numeric","6.11924192019471e-05","overall","overall"
"2","cdm_gold_202512","observation_period_ordinal","1st","overall","overall","Duration in days","density_286","density_x","numeric","6003.46183953033","overall","overall"
"2","cdm_gold_202512","observation_period_ordinal","1st","overall","overall","Duration in days","density_286","density_y","numeric","6.12362124591309e-05","overall","overall"
"2","cdm_gold_202512","observation_period_ordinal","1st","overall","overall","Duration in days","density_287","density_x","numeric","6024.47749510763","overall","overall"
"2","cdm_gold_202512","observation_period_ordinal","1st","overall","overall","Duration in days","density_287","density_y","numeric","6.13631281868417e-05","overall","overall"
"2","cdm_gold_202512","observation_period_ordinal","1st","overall","overall","Duration in days","density_288","density_x","numeric","6045.49315068493","overall","overall"
"2","cdm_gold_202512","observation_period_ordinal","1st","overall","overall","Duration in days","density_288","density_y","numeric","6.14813724002989e-05","overall","overall"
"2","cdm_gold_202512","observation_period_ordinal","1st","overall","overall","Duration in days","density_289","density_x","numeric","6066.50880626223","overall","overall"
"2","cdm_gold_202512","observation_period_ordinal","1st","overall","overall","Duration in days","density_289","density_y","numeric","6.14883858589613e-05","overall","overall"
"2","cdm_gold_202512","observation_period_ordinal","1st","overall","overall","Duration in days","density_290","density_x","numeric","6087.52446183953","overall","overall"
"2","cdm_gold_202512","observation_period_ordinal","1st","overall","overall","Duration in days","density_290","density_y","numeric","6.1288508124326e-05","overall","overall"
"2","cdm_gold_202512","observation_period_ordinal","1st","overall","overall","Duration in days","density_291","density_x","numeric","6108.54011741683","overall","overall"
"2","cdm_gold_202512","observation_period_ordinal","1st","overall","overall","Duration in days","density_291","density_y","numeric","6.08732735854124e-05","overall","overall"
"2","cdm_gold_202512","observation_period_ordinal","1st","overall","overall","Duration in days","density_292","density_x","numeric","6129.55577299413","overall","overall"
"2","cdm_gold_202512","observation_period_ordinal","1st","overall","overall","Duration in days","density_292","density_y","numeric","6.0307717318542e-05","overall","overall"
"2","cdm_gold_202512","observation_period_ordinal","1st","overall","overall","Duration in days","density_293","density_x","numeric","6150.57142857143","overall","overall"
"2","cdm_gold_202512","observation_period_ordinal","1st","overall","overall","Duration in days","density_293","density_y","numeric","5.9723056271624e-05","overall","overall"
"2","cdm_gold_202512","observation_period_ordinal","1st","overall","overall","Duration in days","density_294","density_x","numeric","6171.58708414873","overall","overall"
"2","cdm_gold_202512","observation_period_ordinal","1st","overall","overall","Duration in days","density_294","density_y","numeric","5.928742806425e-05","overall","overall"
"2","cdm_gold_202512","observation_period_ordinal","1st","overall","overall","Duration in days","density_295","density_x","numeric","6192.60273972603","overall","overall"
"2","cdm_gold_202512","observation_period_ordinal","1st","overall","overall","Duration in days","density_295","density_y","numeric","5.91617237139733e-05","overall","overall"
"2","cdm_gold_202512","observation_period_ordinal","1st","overall","overall","Duration in days","density_296","density_x","numeric","6213.61839530333","overall","overall"
"2","cdm_gold_202512","observation_period_ordinal","1st","overall","overall","Duration in days","density_296","density_y","numeric","5.94553030202661e-05","overall","overall"
"2","cdm_gold_202512","observation_period_ordinal","1st","overall","overall","Duration in days","density_297","density_x","numeric","6234.63405088063","overall","overall"
"2","cdm_gold_202512","observation_period_ordinal","1st","overall","overall","Duration in days","density_297","density_y","numeric","6.01947938092273e-05","overall","overall"
"2","cdm_gold_202512","observation_period_ordinal","1st","overall","overall","Duration in days","density_298","density_x","numeric","6255.64970645793","overall","overall"
"2","cdm_gold_202512","observation_period_ordinal","1st","overall","overall","Duration in days","density_298","density_y","numeric","6.1314622446104e-05","overall","overall"
"2","cdm_gold_202512","observation_period_ordinal","1st","overall","overall","Duration in days","density_299","density_x","numeric","6276.66536203522","overall","overall"
"2","cdm_gold_202512","observation_period_ordinal","1st","overall","overall","Duration in days","density_299","density_y","numeric","6.26708249518346e-05","overall","overall"
"2","cdm_gold_202512","observation_period_ordinal","1st","overall","overall","Duration in days","density_300","density_x","numeric","6297.68101761252","overall","overall"
"2","cdm_gold_202512","observation_period_ordinal","1st","overall","overall","Duration in days","density_300","density_y","numeric","6.40726471828504e-05","overall","overall"
"2","cdm_gold_202512","observation_period_ordinal","1st","overall","overall","Duration in days","density_301","density_x","numeric","6318.69667318982","overall","overall"
"2","cdm_gold_202512","observation_period_ordinal","1st","overall","overall","Duration in days","density_301","density_y","numeric","6.53218241078152e-05","overall","overall"
"2","cdm_gold_202512","observation_period_ordinal","1st","overall","overall","Duration in days","density_302","density_x","numeric","6339.71232876712","overall","overall"
"2","cdm_gold_202512","observation_period_ordinal","1st","overall","overall","Duration in days","density_302","density_y","numeric","6.62485793163847e-05","overall","overall"
"2","cdm_gold_202512","observation_period_ordinal","1st","overall","overall","Duration in days","density_303","density_x","numeric","6360.72798434442","overall","overall"
"2","cdm_gold_202512","observation_period_ordinal","1st","overall","overall","Duration in days","density_303","density_y","numeric","6.67362226922242e-05","overall","overall"
"2","cdm_gold_202512","observation_period_ordinal","1st","overall","overall","Duration in days","density_304","density_x","numeric","6381.74363992172","overall","overall"
"2","cdm_gold_202512","observation_period_ordinal","1st","overall","overall","Duration in days","density_304","density_y","numeric","6.67312980142623e-05","overall","overall"
"2","cdm_gold_202512","observation_period_ordinal","1st","overall","overall","Duration in days","density_305","density_x","numeric","6402.75929549902","overall","overall"
"2","cdm_gold_202512","observation_period_ordinal","1st","overall","overall","Duration in days","density_305","density_y","numeric","6.62412916880115e-05","overall","overall"
"2","cdm_gold_202512","observation_period_ordinal","1st","overall","overall","Duration in days","density_306","density_x","numeric","6423.77495107632","overall","overall"
"2","cdm_gold_202512","observation_period_ordinal","1st","overall","overall","Duration in days","density_306","density_y","numeric","6.53119247763856e-05","overall","overall"
"2","cdm_gold_202512","observation_period_ordinal","1st","overall","overall","Duration in days","density_307","density_x","numeric","6444.79060665362","overall","overall"
"2","cdm_gold_202512","observation_period_ordinal","1st","overall","overall","Duration in days","density_307","density_y","numeric","6.40594960941474e-05","overall","overall"
"2","cdm_gold_202512","observation_period_ordinal","1st","overall","overall","Duration in days","density_308","density_x","numeric","6465.80626223092","overall","overall"
"2","cdm_gold_202512","observation_period_ordinal","1st","overall","overall","Duration in days","density_308","density_y","numeric","6.26223345286819e-05","overall","overall"
"2","cdm_gold_202512","observation_period_ordinal","1st","overall","overall","Duration in days","density_309","density_x","numeric","6486.82191780822","overall","overall"
"2","cdm_gold_202512","observation_period_ordinal","1st","overall","overall","Duration in days","density_309","density_y","numeric","6.11349015601183e-05","overall","overall"
"2","cdm_gold_202512","observation_period_ordinal","1st","overall","overall","Duration in days","density_310","density_x","numeric","6507.83757338552","overall","overall"
"2","cdm_gold_202512","observation_period_ordinal","1st","overall","overall","Duration in days","density_310","density_y","numeric","5.97255051438495e-05","overall","overall"
"2","cdm_gold_202512","observation_period_ordinal","1st","overall","overall","Duration in days","density_311","density_x","numeric","6528.85322896282","overall","overall"
"2","cdm_gold_202512","observation_period_ordinal","1st","overall","overall","Duration in days","density_311","density_y","numeric","5.85017805643004e-05","overall","overall"
"2","cdm_gold_202512","observation_period_ordinal","1st","overall","overall","Duration in days","density_312","density_x","numeric","6549.86888454012","overall","overall"
"2","cdm_gold_202512","observation_period_ordinal","1st","overall","overall","Duration in days","density_312","density_y","numeric","5.7538223623434e-05","overall","overall"
"2","cdm_gold_202512","observation_period_ordinal","1st","overall","overall","Duration in days","density_313","density_x","numeric","6570.88454011742","overall","overall"
"2","cdm_gold_202512","observation_period_ordinal","1st","overall","overall","Duration in days","density_313","density_y","numeric","5.68680353486786e-05","overall","overall"
"2","cdm_gold_202512","observation_period_ordinal","1st","overall","overall","Duration in days","density_314","density_x","numeric","6591.90019569472","overall","overall"
"2","cdm_gold_202512","observation_period_ordinal","1st","overall","overall","Duration in days","density_314","density_y","numeric","5.64807813369834e-05","overall","overall"
"2","cdm_gold_202512","observation_period_ordinal","1st","overall","overall","Duration in days","density_315","density_x","numeric","6612.91585127202","overall","overall"
"2","cdm_gold_202512","observation_period_ordinal","1st","overall","overall","Duration in days","density_315","density_y","numeric","5.63263723838031e-05","overall","overall"
"2","cdm_gold_202512","observation_period_ordinal","1st","overall","overall","Duration in days","density_316","density_x","numeric","6633.93150684932","overall","overall"
"2","cdm_gold_202512","observation_period_ordinal","1st","overall","overall","Duration in days","density_316","density_y","numeric","5.63250656037388e-05","overall","overall"
"2","cdm_gold_202512","observation_period_ordinal","1st","overall","overall","Duration in days","density_317","density_x","numeric","6654.94716242661","overall","overall"
"2","cdm_gold_202512","observation_period_ordinal","1st","overall","overall","Duration in days","density_317","density_y","numeric","5.63825685269283e-05","overall","overall"
"2","cdm_gold_202512","observation_period_ordinal","1st","overall","overall","Duration in days","density_318","density_x","numeric","6675.96281800391","overall","overall"
"2","cdm_gold_202512","observation_period_ordinal","1st","overall","overall","Duration in days","density_318","density_y","numeric","5.64086156200212e-05","overall","overall"
"2","cdm_gold_202512","observation_period_ordinal","1st","overall","overall","Duration in days","density_319","density_x","numeric","6696.97847358121","overall","overall"
"2","cdm_gold_202512","observation_period_ordinal","1st","overall","overall","Duration in days","density_319","density_y","numeric","5.6336345800783e-05","overall","overall"
"2","cdm_gold_202512","observation_period_ordinal","1st","overall","overall","Duration in days","density_320","density_x","numeric","6717.99412915851","overall","overall"
"2","cdm_gold_202512","observation_period_ordinal","1st","overall","overall","Duration in days","density_320","density_y","numeric","5.61385968470096e-05","overall","overall"
"2","cdm_gold_202512","observation_period_ordinal","1st","overall","overall","Duration in days","density_321","density_x","numeric","6739.00978473581","overall","overall"
"2","cdm_gold_202512","observation_period_ordinal","1st","overall","overall","Duration in days","density_321","density_y","numeric","5.58365026947629e-05","overall","overall"
"2","cdm_gold_202512","observation_period_ordinal","1st","overall","overall","Duration in days","density_322","density_x","numeric","6760.02544031311","overall","overall"
"2","cdm_gold_202512","observation_period_ordinal","1st","overall","overall","Duration in days","density_322","density_y","numeric","5.54977433405591e-05","overall","overall"
"2","cdm_gold_202512","observation_period_ordinal","1st","overall","overall","Duration in days","density_323","density_x","numeric","6781.04109589041","overall","overall"
"2","cdm_gold_202512","observation_period_ordinal","1st","overall","overall","Duration in days","density_323","density_y","numeric","5.52285407649229e-05","overall","overall"
"2","cdm_gold_202512","observation_period_ordinal","1st","overall","overall","Duration in days","density_324","density_x","numeric","6802.05675146771","overall","overall"
"2","cdm_gold_202512","observation_period_ordinal","1st","overall","overall","Duration in days","density_324","density_y","numeric","5.51218389399735e-05","overall","overall"
"2","cdm_gold_202512","observation_period_ordinal","1st","overall","overall","Duration in days","density_325","density_x","numeric","6823.07240704501","overall","overall"
"2","cdm_gold_202512","observation_period_ordinal","1st","overall","overall","Duration in days","density_325","density_y","numeric","5.52325682357838e-05","overall","overall"
"2","cdm_gold_202512","observation_period_ordinal","1st","overall","overall","Duration in days","density_326","density_x","numeric","6844.08806262231","overall","overall"
"2","cdm_gold_202512","observation_period_ordinal","1st","overall","overall","Duration in days","density_326","density_y","numeric","5.55592703219562e-05","overall","overall"
"2","cdm_gold_202512","observation_period_ordinal","1st","overall","overall","Duration in days","density_327","density_x","numeric","6865.10371819961","overall","overall"
"2","cdm_gold_202512","observation_period_ordinal","1st","overall","overall","Duration in days","density_327","density_y","numeric","5.60375902381414e-05","overall","overall"
"2","cdm_gold_202512","observation_period_ordinal","1st","overall","overall","Duration in days","density_328","density_x","numeric","6886.11937377691","overall","overall"
"2","cdm_gold_202512","observation_period_ordinal","1st","overall","overall","Duration in days","density_328","density_y","numeric","5.65487910200874e-05","overall","overall"
"2","cdm_gold_202512","observation_period_ordinal","1st","overall","overall","Duration in days","density_329","density_x","numeric","6907.13502935421","overall","overall"
"2","cdm_gold_202512","observation_period_ordinal","1st","overall","overall","Duration in days","density_329","density_y","numeric","5.69411176973944e-05","overall","overall"
"2","cdm_gold_202512","observation_period_ordinal","1st","overall","overall","Duration in days","density_330","density_x","numeric","6928.15068493151","overall","overall"
"2","cdm_gold_202512","observation_period_ordinal","1st","overall","overall","Duration in days","density_330","density_y","numeric","5.70592439748909e-05","overall","overall"
"2","cdm_gold_202512","observation_period_ordinal","1st","overall","overall","Duration in days","density_331","density_x","numeric","6949.16634050881","overall","overall"
"2","cdm_gold_202512","observation_period_ordinal","1st","overall","overall","Duration in days","density_331","density_y","numeric","5.67755471030209e-05","overall","overall"
"2","cdm_gold_202512","observation_period_ordinal","1st","overall","overall","Duration in days","density_332","density_x","numeric","6970.18199608611","overall","overall"
"2","cdm_gold_202512","observation_period_ordinal","1st","overall","overall","Duration in days","density_332","density_y","numeric","5.60165776542244e-05","overall","overall"
"2","cdm_gold_202512","observation_period_ordinal","1st","overall","overall","Duration in days","density_333","density_x","numeric","6991.1976516634","overall","overall"
"2","cdm_gold_202512","observation_period_ordinal","1st","overall","overall","Duration in days","density_333","density_y","numeric","5.47788900377762e-05","overall","overall"
"2","cdm_gold_202512","observation_period_ordinal","1st","overall","overall","Duration in days","density_334","density_x","numeric","7012.2133072407","overall","overall"
"2","cdm_gold_202512","observation_period_ordinal","1st","overall","overall","Duration in days","density_334","density_y","numeric","5.31304629620109e-05","overall","overall"
"2","cdm_gold_202512","observation_period_ordinal","1st","overall","overall","Duration in days","density_335","density_x","numeric","7033.228962818","overall","overall"
"2","cdm_gold_202512","observation_period_ordinal","1st","overall","overall","Duration in days","density_335","density_y","numeric","5.11971461828423e-05","overall","overall"
"2","cdm_gold_202512","observation_period_ordinal","1st","overall","overall","Duration in days","density_336","density_x","numeric","7054.2446183953","overall","overall"
"2","cdm_gold_202512","observation_period_ordinal","1st","overall","overall","Duration in days","density_336","density_y","numeric","4.91373687558478e-05","overall","overall"
"2","cdm_gold_202512","observation_period_ordinal","1st","overall","overall","Duration in days","density_337","density_x","numeric","7075.2602739726","overall","overall"
"2","cdm_gold_202512","observation_period_ordinal","1st","overall","overall","Duration in days","density_337","density_y","numeric","4.71116975832562e-05","overall","overall"
"2","cdm_gold_202512","observation_period_ordinal","1st","overall","overall","Duration in days","density_338","density_x","numeric","7096.2759295499","overall","overall"
"2","cdm_gold_202512","observation_period_ordinal","1st","overall","overall","Duration in days","density_338","density_y","numeric","4.52554781688914e-05","overall","overall"
"2","cdm_gold_202512","observation_period_ordinal","1st","overall","overall","Duration in days","density_339","density_x","numeric","7117.2915851272","overall","overall"
"2","cdm_gold_202512","observation_period_ordinal","1st","overall","overall","Duration in days","density_339","density_y","numeric","4.36831686200816e-05","overall","overall"
"2","cdm_gold_202512","observation_period_ordinal","1st","overall","overall","Duration in days","density_340","density_x","numeric","7138.3072407045","overall","overall"
"2","cdm_gold_202512","observation_period_ordinal","1st","overall","overall","Duration in days","density_340","density_y","numeric","4.24226962673122e-05","overall","overall"
"2","cdm_gold_202512","observation_period_ordinal","1st","overall","overall","Duration in days","density_341","density_x","numeric","7159.3228962818","overall","overall"
"2","cdm_gold_202512","observation_period_ordinal","1st","overall","overall","Duration in days","density_341","density_y","numeric","4.14816098161609e-05","overall","overall"
"2","cdm_gold_202512","observation_period_ordinal","1st","overall","overall","Duration in days","density_342","density_x","numeric","7180.3385518591","overall","overall"
"2","cdm_gold_202512","observation_period_ordinal","1st","overall","overall","Duration in days","density_342","density_y","numeric","4.08519122854775e-05","overall","overall"
"2","cdm_gold_202512","observation_period_ordinal","1st","overall","overall","Duration in days","density_343","density_x","numeric","7201.3542074364","overall","overall"
"2","cdm_gold_202512","observation_period_ordinal","1st","overall","overall","Duration in days","density_343","density_y","numeric","4.05208679207715e-05","overall","overall"
"2","cdm_gold_202512","observation_period_ordinal","1st","overall","overall","Duration in days","density_344","density_x","numeric","7222.3698630137","overall","overall"
"2","cdm_gold_202512","observation_period_ordinal","1st","overall","overall","Duration in days","density_344","density_y","numeric","4.04745111791334e-05","overall","overall"
"2","cdm_gold_202512","observation_period_ordinal","1st","overall","overall","Duration in days","density_345","density_x","numeric","7243.385518591","overall","overall"
"2","cdm_gold_202512","observation_period_ordinal","1st","overall","overall","Duration in days","density_345","density_y","numeric","4.06938821072105e-05","overall","overall"
"2","cdm_gold_202512","observation_period_ordinal","1st","overall","overall","Duration in days","density_346","density_x","numeric","7264.4011741683","overall","overall"
"2","cdm_gold_202512","observation_period_ordinal","1st","overall","overall","Duration in days","density_346","density_y","numeric","4.11477106696626e-05","overall","overall"
"2","cdm_gold_202512","observation_period_ordinal","1st","overall","overall","Duration in days","density_347","density_x","numeric","7285.4168297456","overall","overall"
"2","cdm_gold_202512","observation_period_ordinal","1st","overall","overall","Duration in days","density_347","density_y","numeric","4.17868352695333e-05","overall","overall"
"2","cdm_gold_202512","observation_period_ordinal","1st","overall","overall","Duration in days","density_348","density_x","numeric","7306.4324853229","overall","overall"
"2","cdm_gold_202512","observation_period_ordinal","1st","overall","overall","Duration in days","density_348","density_y","numeric","4.25449035565172e-05","overall","overall"
"2","cdm_gold_202512","observation_period_ordinal","1st","overall","overall","Duration in days","density_349","density_x","numeric","7327.4481409002","overall","overall"
"2","cdm_gold_202512","observation_period_ordinal","1st","overall","overall","Duration in days","density_349","density_y","numeric","4.33471724763605e-05","overall","overall"
"2","cdm_gold_202512","observation_period_ordinal","1st","overall","overall","Duration in days","density_350","density_x","numeric","7348.46379647749","overall","overall"
"2","cdm_gold_202512","observation_period_ordinal","1st","overall","overall","Duration in days","density_350","density_y","numeric","4.41255245660615e-05","overall","overall"
"2","cdm_gold_202512","observation_period_ordinal","1st","overall","overall","Duration in days","density_351","density_x","numeric","7369.47945205479","overall","overall"
"2","cdm_gold_202512","observation_period_ordinal","1st","overall","overall","Duration in days","density_351","density_y","numeric","4.4834589329425e-05","overall","overall"
"2","cdm_gold_202512","observation_period_ordinal","1st","overall","overall","Duration in days","density_352","density_x","numeric","7390.49510763209","overall","overall"
"2","cdm_gold_202512","observation_period_ordinal","1st","overall","overall","Duration in days","density_352","density_y","numeric","4.546249327797e-05","overall","overall"
"2","cdm_gold_202512","observation_period_ordinal","1st","overall","overall","Duration in days","density_353","density_x","numeric","7411.51076320939","overall","overall"
"2","cdm_gold_202512","observation_period_ordinal","1st","overall","overall","Duration in days","density_353","density_y","numeric","4.60310776925881e-05","overall","overall"
"2","cdm_gold_202512","observation_period_ordinal","1st","overall","overall","Duration in days","density_354","density_x","numeric","7432.52641878669","overall","overall"
"2","cdm_gold_202512","observation_period_ordinal","1st","overall","overall","Duration in days","density_354","density_y","numeric","4.65842246972538e-05","overall","overall"
"2","cdm_gold_202512","observation_period_ordinal","1st","overall","overall","Duration in days","density_355","density_x","numeric","7453.54207436399","overall","overall"
"2","cdm_gold_202512","observation_period_ordinal","1st","overall","overall","Duration in days","density_355","density_y","numeric","4.71705227339694e-05","overall","overall"
"2","cdm_gold_202512","observation_period_ordinal","1st","overall","overall","Duration in days","density_356","density_x","numeric","7474.55772994129","overall","overall"
"2","cdm_gold_202512","observation_period_ordinal","1st","overall","overall","Duration in days","density_356","density_y","numeric","4.78142504399791e-05","overall","overall"
"2","cdm_gold_202512","observation_period_ordinal","1st","overall","overall","Duration in days","density_357","density_x","numeric","7495.57338551859","overall","overall"
"2","cdm_gold_202512","observation_period_ordinal","1st","overall","overall","Duration in days","density_357","density_y","numeric","4.85025015895858e-05","overall","overall"
"2","cdm_gold_202512","observation_period_ordinal","1st","overall","overall","Duration in days","density_358","density_x","numeric","7516.58904109589","overall","overall"
"2","cdm_gold_202512","observation_period_ordinal","1st","overall","overall","Duration in days","density_358","density_y","numeric","4.91945487549789e-05","overall","overall"
"2","cdm_gold_202512","observation_period_ordinal","1st","overall","overall","Duration in days","density_359","density_x","numeric","7537.60469667319","overall","overall"
"2","cdm_gold_202512","observation_period_ordinal","1st","overall","overall","Duration in days","density_359","density_y","numeric","4.98347195881166e-05","overall","overall"
"2","cdm_gold_202512","observation_period_ordinal","1st","overall","overall","Duration in days","density_360","density_x","numeric","7558.62035225049","overall","overall"
"2","cdm_gold_202512","observation_period_ordinal","1st","overall","overall","Duration in days","density_360","density_y","numeric","5.03689524290234e-05","overall","overall"
"2","cdm_gold_202512","observation_period_ordinal","1st","overall","overall","Duration in days","density_361","density_x","numeric","7579.63600782779","overall","overall"
"2","cdm_gold_202512","observation_period_ordinal","1st","overall","overall","Duration in days","density_361","density_y","numeric","5.07581619210737e-05","overall","overall"
"2","cdm_gold_202512","observation_period_ordinal","1st","overall","overall","Duration in days","density_362","density_x","numeric","7600.65166340509","overall","overall"
"2","cdm_gold_202512","observation_period_ordinal","1st","overall","overall","Duration in days","density_362","density_y","numeric","5.09848908837009e-05","overall","overall"
"2","cdm_gold_202512","observation_period_ordinal","1st","overall","overall","Duration in days","density_363","density_x","numeric","7621.66731898239","overall","overall"
"2","cdm_gold_202512","observation_period_ordinal","1st","overall","overall","Duration in days","density_363","density_y","numeric","5.10532649299163e-05","overall","overall"
"2","cdm_gold_202512","observation_period_ordinal","1st","overall","overall","Duration in days","density_364","density_x","numeric","7642.68297455969","overall","overall"
"2","cdm_gold_202512","observation_period_ordinal","1st","overall","overall","Duration in days","density_364","density_y","numeric","5.09851071257548e-05","overall","overall"
"2","cdm_gold_202512","observation_period_ordinal","1st","overall","overall","Duration in days","density_365","density_x","numeric","7663.69863013699","overall","overall"
"2","cdm_gold_202512","observation_period_ordinal","1st","overall","overall","Duration in days","density_365","density_y","numeric","5.0816112088136e-05","overall","overall"
"2","cdm_gold_202512","observation_period_ordinal","1st","overall","overall","Duration in days","density_366","density_x","numeric","7684.71428571429","overall","overall"
"2","cdm_gold_202512","observation_period_ordinal","1st","overall","overall","Duration in days","density_366","density_y","numeric","5.05949321390565e-05","overall","overall"
"2","cdm_gold_202512","observation_period_ordinal","1st","overall","overall","Duration in days","density_367","density_x","numeric","7705.72994129159","overall","overall"
"2","cdm_gold_202512","observation_period_ordinal","1st","overall","overall","Duration in days","density_367","density_y","numeric","5.03854505611601e-05","overall","overall"
"2","cdm_gold_202512","observation_period_ordinal","1st","overall","overall","Duration in days","density_368","density_x","numeric","7726.74559686888","overall","overall"
"2","cdm_gold_202512","observation_period_ordinal","1st","overall","overall","Duration in days","density_368","density_y","numeric","5.02696085131527e-05","overall","overall"
"2","cdm_gold_202512","observation_period_ordinal","1st","overall","overall","Duration in days","density_369","density_x","numeric","7747.76125244618","overall","overall"
"2","cdm_gold_202512","observation_period_ordinal","1st","overall","overall","Duration in days","density_369","density_y","numeric","5.03463430270934e-05","overall","overall"
"2","cdm_gold_202512","observation_period_ordinal","1st","overall","overall","Duration in days","density_370","density_x","numeric","7768.77690802348","overall","overall"
"2","cdm_gold_202512","observation_period_ordinal","1st","overall","overall","Duration in days","density_370","density_y","numeric","5.07226020073186e-05","overall","overall"
"2","cdm_gold_202512","observation_period_ordinal","1st","overall","overall","Duration in days","density_371","density_x","numeric","7789.79256360078","overall","overall"
"2","cdm_gold_202512","observation_period_ordinal","1st","overall","overall","Duration in days","density_371","density_y","numeric","5.15072888476645e-05","overall","overall"
"2","cdm_gold_202512","observation_period_ordinal","1st","overall","overall","Duration in days","density_372","density_x","numeric","7810.80821917808","overall","overall"
"2","cdm_gold_202512","observation_period_ordinal","1st","overall","overall","Duration in days","density_372","density_y","numeric","5.2770767785587e-05","overall","overall"
"2","cdm_gold_202512","observation_period_ordinal","1st","overall","overall","Duration in days","density_373","density_x","numeric","7831.82387475538","overall","overall"
"2","cdm_gold_202512","observation_period_ordinal","1st","overall","overall","Duration in days","density_373","density_y","numeric","5.44863592145557e-05","overall","overall"
"2","cdm_gold_202512","observation_period_ordinal","1st","overall","overall","Duration in days","density_374","density_x","numeric","7852.83953033268","overall","overall"
"2","cdm_gold_202512","observation_period_ordinal","1st","overall","overall","Duration in days","density_374","density_y","numeric","5.65778886070084e-05","overall","overall"
"2","cdm_gold_202512","observation_period_ordinal","1st","overall","overall","Duration in days","density_375","density_x","numeric","7873.85518590998","overall","overall"
"2","cdm_gold_202512","observation_period_ordinal","1st","overall","overall","Duration in days","density_375","density_y","numeric","5.89118134040395e-05","overall","overall"
"2","cdm_gold_202512","observation_period_ordinal","1st","overall","overall","Duration in days","density_376","density_x","numeric","7894.87084148728","overall","overall"
"2","cdm_gold_202512","observation_period_ordinal","1st","overall","overall","Duration in days","density_376","density_y","numeric","6.13190608733908e-05","overall","overall"
"2","cdm_gold_202512","observation_period_ordinal","1st","overall","overall","Duration in days","density_377","density_x","numeric","7915.88649706458","overall","overall"
"2","cdm_gold_202512","observation_period_ordinal","1st","overall","overall","Duration in days","density_377","density_y","numeric","6.36220822962227e-05","overall","overall"
"2","cdm_gold_202512","observation_period_ordinal","1st","overall","overall","Duration in days","density_378","density_x","numeric","7936.90215264188","overall","overall"
"2","cdm_gold_202512","observation_period_ordinal","1st","overall","overall","Duration in days","density_378","density_y","numeric","6.56591521497273e-05","overall","overall"
"2","cdm_gold_202512","observation_period_ordinal","1st","overall","overall","Duration in days","density_379","density_x","numeric","7957.91780821918","overall","overall"
"2","cdm_gold_202512","observation_period_ordinal","1st","overall","overall","Duration in days","density_379","density_y","numeric","6.73000251319879e-05","overall","overall"
"2","cdm_gold_202512","observation_period_ordinal","1st","overall","overall","Duration in days","density_380","density_x","numeric","7978.93346379648","overall","overall"
"2","cdm_gold_202512","observation_period_ordinal","1st","overall","overall","Duration in days","density_380","density_y","numeric","6.84509926899474e-05","overall","overall"
"2","cdm_gold_202512","observation_period_ordinal","1st","overall","overall","Duration in days","density_381","density_x","numeric","7999.94911937378","overall","overall"
"2","cdm_gold_202512","observation_period_ordinal","1st","overall","overall","Duration in days","density_381","density_y","numeric","6.90515456183158e-05","overall","overall"
"2","cdm_gold_202512","observation_period_ordinal","1st","overall","overall","Duration in days","density_382","density_x","numeric","8020.96477495108","overall","overall"
"2","cdm_gold_202512","observation_period_ordinal","1st","overall","overall","Duration in days","density_382","density_y","numeric","6.90677549002573e-05","overall","overall"
"2","cdm_gold_202512","observation_period_ordinal","1st","overall","overall","Duration in days","density_383","density_x","numeric","8041.98043052838","overall","overall"
"2","cdm_gold_202512","observation_period_ordinal","1st","overall","overall","Duration in days","density_383","density_y","numeric","6.8488167149019e-05","overall","overall"
"2","cdm_gold_202512","observation_period_ordinal","1st","overall","overall","Duration in days","density_384","density_x","numeric","8062.99608610568","overall","overall"
"2","cdm_gold_202512","observation_period_ordinal","1st","overall","overall","Duration in days","density_384","density_y","numeric","6.73262570338365e-05","overall","overall"
"2","cdm_gold_202512","observation_period_ordinal","1st","overall","overall","Duration in days","density_385","density_x","numeric","8084.01174168297","overall","overall"
"2","cdm_gold_202512","observation_period_ordinal","1st","overall","overall","Duration in days","density_385","density_y","numeric","6.56298388476314e-05","overall","overall"
"2","cdm_gold_202512","observation_period_ordinal","1st","overall","overall","Duration in days","density_386","density_x","numeric","8105.02739726027","overall","overall"
"2","cdm_gold_202512","observation_period_ordinal","1st","overall","overall","Duration in days","density_386","density_y","numeric","6.34935050936074e-05","overall","overall"
"2","cdm_gold_202512","observation_period_ordinal","1st","overall","overall","Duration in days","density_387","density_x","numeric","8126.04305283757","overall","overall"
"2","cdm_gold_202512","observation_period_ordinal","1st","overall","overall","Duration in days","density_387","density_y","numeric","6.10663669696429e-05","overall","overall"
"2","cdm_gold_202512","observation_period_ordinal","1st","overall","overall","Duration in days","density_388","density_x","numeric","8147.05870841487","overall","overall"
"2","cdm_gold_202512","observation_period_ordinal","1st","overall","overall","Duration in days","density_388","density_y","numeric","5.85619077467457e-05","overall","overall"
"2","cdm_gold_202512","observation_period_ordinal","1st","overall","overall","Duration in days","density_389","density_x","numeric","8168.07436399217","overall","overall"
"2","cdm_gold_202512","observation_period_ordinal","1st","overall","overall","Duration in days","density_389","density_y","numeric","5.62240574020234e-05","overall","overall"
"2","cdm_gold_202512","observation_period_ordinal","1st","overall","overall","Duration in days","density_390","density_x","numeric","8189.09001956947","overall","overall"
"2","cdm_gold_202512","observation_period_ordinal","1st","overall","overall","Duration in days","density_390","density_y","numeric","5.42506542624567e-05","overall","overall"
"2","cdm_gold_202512","observation_period_ordinal","1st","overall","overall","Duration in days","density_391","density_x","numeric","8210.10567514677","overall","overall"
"2","cdm_gold_202512","observation_period_ordinal","1st","overall","overall","Duration in days","density_391","density_y","numeric","5.27683968681066e-05","overall","overall"
"2","cdm_gold_202512","observation_period_ordinal","1st","overall","overall","Duration in days","density_392","density_x","numeric","8231.12133072407","overall","overall"
"2","cdm_gold_202512","observation_period_ordinal","1st","overall","overall","Duration in days","density_392","density_y","numeric","5.18025029498608e-05","overall","overall"
"2","cdm_gold_202512","observation_period_ordinal","1st","overall","overall","Duration in days","density_393","density_x","numeric","8252.13698630137","overall","overall"
"2","cdm_gold_202512","observation_period_ordinal","1st","overall","overall","Duration in days","density_393","density_y","numeric","5.1270248646313e-05","overall","overall"
"2","cdm_gold_202512","observation_period_ordinal","1st","overall","overall","Duration in days","density_394","density_x","numeric","8273.15264187867","overall","overall"
"2","cdm_gold_202512","observation_period_ordinal","1st","overall","overall","Duration in days","density_394","density_y","numeric","5.10011865549569e-05","overall","overall"
"2","cdm_gold_202512","observation_period_ordinal","1st","overall","overall","Duration in days","density_395","density_x","numeric","8294.16829745597","overall","overall"
"2","cdm_gold_202512","observation_period_ordinal","1st","overall","overall","Duration in days","density_395","density_y","numeric","5.07783858956661e-05","overall","overall"
"2","cdm_gold_202512","observation_period_ordinal","1st","overall","overall","Duration in days","density_396","density_x","numeric","8315.18395303327","overall","overall"
"2","cdm_gold_202512","observation_period_ordinal","1st","overall","overall","Duration in days","density_396","density_y","numeric","5.03887890991605e-05","overall","overall"
"2","cdm_gold_202512","observation_period_ordinal","1st","overall","overall","Duration in days","density_397","density_x","numeric","8336.19960861057","overall","overall"
"2","cdm_gold_202512","observation_period_ordinal","1st","overall","overall","Duration in days","density_397","density_y","numeric","4.96687556402203e-05","overall","overall"
"2","cdm_gold_202512","observation_period_ordinal","1st","overall","overall","Duration in days","density_398","density_x","numeric","8357.21526418787","overall","overall"
"2","cdm_gold_202512","observation_period_ordinal","1st","overall","overall","Duration in days","density_398","density_y","numeric","4.85334475210641e-05","overall","overall"
"2","cdm_gold_202512","observation_period_ordinal","1st","overall","overall","Duration in days","density_399","density_x","numeric","8378.23091976517","overall","overall"
"2","cdm_gold_202512","observation_period_ordinal","1st","overall","overall","Duration in days","density_399","density_y","numeric","4.69846873032477e-05","overall","overall"
"2","cdm_gold_202512","observation_period_ordinal","1st","overall","overall","Duration in days","density_400","density_x","numeric","8399.24657534247","overall","overall"
"2","cdm_gold_202512","observation_period_ordinal","1st","overall","overall","Duration in days","density_400","density_y","numeric","4.50989973686094e-05","overall","overall"
"2","cdm_gold_202512","observation_period_ordinal","1st","overall","overall","Duration in days","density_401","density_x","numeric","8420.26223091976","overall","overall"
"2","cdm_gold_202512","observation_period_ordinal","1st","overall","overall","Duration in days","density_401","density_y","numeric","4.30031512323829e-05","overall","overall"
"2","cdm_gold_202512","observation_period_ordinal","1st","overall","overall","Duration in days","density_402","density_x","numeric","8441.27788649706","overall","overall"
"2","cdm_gold_202512","observation_period_ordinal","1st","overall","overall","Duration in days","density_402","density_y","numeric","4.08468025918434e-05","overall","overall"
"2","cdm_gold_202512","observation_period_ordinal","1st","overall","overall","Duration in days","density_403","density_x","numeric","8462.29354207436","overall","overall"
"2","cdm_gold_202512","observation_period_ordinal","1st","overall","overall","Duration in days","density_403","density_y","numeric","3.87800308612337e-05","overall","overall"
"2","cdm_gold_202512","observation_period_ordinal","1st","overall","overall","Duration in days","density_404","density_x","numeric","8483.30919765166","overall","overall"
"2","cdm_gold_202512","observation_period_ordinal","1st","overall","overall","Duration in days","density_404","density_y","numeric","3.69578503171873e-05","overall","overall"
"2","cdm_gold_202512","observation_period_ordinal","1st","overall","overall","Duration in days","density_405","density_x","numeric","8504.32485322896","overall","overall"
"2","cdm_gold_202512","observation_period_ordinal","1st","overall","overall","Duration in days","density_405","density_y","numeric","3.54919393414052e-05","overall","overall"
"2","cdm_gold_202512","observation_period_ordinal","1st","overall","overall","Duration in days","density_406","density_x","numeric","8525.34050880626","overall","overall"
"2","cdm_gold_202512","observation_period_ordinal","1st","overall","overall","Duration in days","density_406","density_y","numeric","3.44557232501395e-05","overall","overall"
"2","cdm_gold_202512","observation_period_ordinal","1st","overall","overall","Duration in days","density_407","density_x","numeric","8546.35616438356","overall","overall"
"2","cdm_gold_202512","observation_period_ordinal","1st","overall","overall","Duration in days","density_407","density_y","numeric","3.3887388267579e-05","overall","overall"
"2","cdm_gold_202512","observation_period_ordinal","1st","overall","overall","Duration in days","density_408","density_x","numeric","8567.37181996086","overall","overall"
"2","cdm_gold_202512","observation_period_ordinal","1st","overall","overall","Duration in days","density_408","density_y","numeric","3.37778634999912e-05","overall","overall"
"2","cdm_gold_202512","observation_period_ordinal","1st","overall","overall","Duration in days","density_409","density_x","numeric","8588.38747553816","overall","overall"
"2","cdm_gold_202512","observation_period_ordinal","1st","overall","overall","Duration in days","density_409","density_y","numeric","3.40670040937146e-05","overall","overall"
"2","cdm_gold_202512","observation_period_ordinal","1st","overall","overall","Duration in days","density_410","density_x","numeric","8609.40313111546","overall","overall"
"2","cdm_gold_202512","observation_period_ordinal","1st","overall","overall","Duration in days","density_410","density_y","numeric","3.46478571406672e-05","overall","overall"
"2","cdm_gold_202512","observation_period_ordinal","1st","overall","overall","Duration in days","density_411","density_x","numeric","8630.41878669276","overall","overall"
"2","cdm_gold_202512","observation_period_ordinal","1st","overall","overall","Duration in days","density_411","density_y","numeric","3.53799964329911e-05","overall","overall"
"2","cdm_gold_202512","observation_period_ordinal","1st","overall","overall","Duration in days","density_412","density_x","numeric","8651.43444227006","overall","overall"
"2","cdm_gold_202512","observation_period_ordinal","1st","overall","overall","Duration in days","density_412","density_y","numeric","3.61097146128545e-05","overall","overall"
"2","cdm_gold_202512","observation_period_ordinal","1st","overall","overall","Duration in days","density_413","density_x","numeric","8672.45009784736","overall","overall"
"2","cdm_gold_202512","observation_period_ordinal","1st","overall","overall","Duration in days","density_413","density_y","numeric","3.66926094480246e-05","overall","overall"
"2","cdm_gold_202512","observation_period_ordinal","1st","overall","overall","Duration in days","density_414","density_x","numeric","8693.46575342466","overall","overall"
"2","cdm_gold_202512","observation_period_ordinal","1st","overall","overall","Duration in days","density_414","density_y","numeric","3.70135905379872e-05","overall","overall"
"2","cdm_gold_202512","observation_period_ordinal","1st","overall","overall","Duration in days","density_415","density_x","numeric","8714.48140900196","overall","overall"
"2","cdm_gold_202512","observation_period_ordinal","1st","overall","overall","Duration in days","density_415","density_y","numeric","3.70005219774796e-05","overall","overall"
"2","cdm_gold_202512","observation_period_ordinal","1st","overall","overall","Duration in days","density_416","density_x","numeric","8735.49706457926","overall","overall"
"2","cdm_gold_202512","observation_period_ordinal","1st","overall","overall","Duration in days","density_416","density_y","numeric","3.6629903492463e-05","overall","overall"
"2","cdm_gold_202512","observation_period_ordinal","1st","overall","overall","Duration in days","density_417","density_x","numeric","8756.51272015656","overall","overall"
"2","cdm_gold_202512","observation_period_ordinal","1st","overall","overall","Duration in days","density_417","density_y","numeric","3.59251899719631e-05","overall","overall"
"2","cdm_gold_202512","observation_period_ordinal","1st","overall","overall","Duration in days","density_418","density_x","numeric","8777.52837573385","overall","overall"
"2","cdm_gold_202512","observation_period_ordinal","1st","overall","overall","Duration in days","density_418","density_y","numeric","3.49497120204917e-05","overall","overall"
"2","cdm_gold_202512","observation_period_ordinal","1st","overall","overall","Duration in days","density_419","density_x","numeric","8798.54403131115","overall","overall"
"2","cdm_gold_202512","observation_period_ordinal","1st","overall","overall","Duration in days","density_419","density_y","numeric","3.3796327511462e-05","overall","overall"
"2","cdm_gold_202512","observation_period_ordinal","1st","overall","overall","Duration in days","density_420","density_x","numeric","8819.55968688845","overall","overall"
"2","cdm_gold_202512","observation_period_ordinal","1st","overall","overall","Duration in days","density_420","density_y","numeric","3.25770056783114e-05","overall","overall"
"2","cdm_gold_202512","observation_period_ordinal","1st","overall","overall","Duration in days","density_421","density_x","numeric","8840.57534246575","overall","overall"
"2","cdm_gold_202512","observation_period_ordinal","1st","overall","overall","Duration in days","density_421","density_y","numeric","3.14163492004227e-05","overall","overall"
"2","cdm_gold_202512","observation_period_ordinal","1st","overall","overall","Duration in days","density_422","density_x","numeric","8861.59099804305","overall","overall"
"2","cdm_gold_202512","observation_period_ordinal","1st","overall","overall","Duration in days","density_422","density_y","numeric","3.04124736710233e-05","overall","overall"
"2","cdm_gold_202512","observation_period_ordinal","1st","overall","overall","Duration in days","density_423","density_x","numeric","8882.60665362035","overall","overall"
"2","cdm_gold_202512","observation_period_ordinal","1st","overall","overall","Duration in days","density_423","density_y","numeric","2.96305793658016e-05","overall","overall"
"2","cdm_gold_202512","observation_period_ordinal","1st","overall","overall","Duration in days","density_424","density_x","numeric","8903.62230919765","overall","overall"
"2","cdm_gold_202512","observation_period_ordinal","1st","overall","overall","Duration in days","density_424","density_y","numeric","2.90950833562442e-05","overall","overall"
"2","cdm_gold_202512","observation_period_ordinal","1st","overall","overall","Duration in days","density_425","density_x","numeric","8924.63796477495","overall","overall"
"2","cdm_gold_202512","observation_period_ordinal","1st","overall","overall","Duration in days","density_425","density_y","numeric","2.87859259128314e-05","overall","overall"
"2","cdm_gold_202512","observation_period_ordinal","1st","overall","overall","Duration in days","density_426","density_x","numeric","8945.65362035225","overall","overall"
"2","cdm_gold_202512","observation_period_ordinal","1st","overall","overall","Duration in days","density_426","density_y","numeric","2.86431301640003e-05","overall","overall"
"2","cdm_gold_202512","observation_period_ordinal","1st","overall","overall","Duration in days","density_427","density_x","numeric","8966.66927592955","overall","overall"
"2","cdm_gold_202512","observation_period_ordinal","1st","overall","overall","Duration in days","density_427","density_y","numeric","2.85794339276425e-05","overall","overall"
"2","cdm_gold_202512","observation_period_ordinal","1st","overall","overall","Duration in days","density_428","density_x","numeric","8987.68493150685","overall","overall"
"2","cdm_gold_202512","observation_period_ordinal","1st","overall","overall","Duration in days","density_428","density_y","numeric","2.84987491148075e-05","overall","overall"
"2","cdm_gold_202512","observation_period_ordinal","1st","overall","overall","Duration in days","density_429","density_x","numeric","9008.70058708415","overall","overall"
"2","cdm_gold_202512","observation_period_ordinal","1st","overall","overall","Duration in days","density_429","density_y","numeric","2.8316464177104e-05","overall","overall"
"2","cdm_gold_202512","observation_period_ordinal","1st","overall","overall","Duration in days","density_430","density_x","numeric","9029.71624266145","overall","overall"
"2","cdm_gold_202512","observation_period_ordinal","1st","overall","overall","Duration in days","density_430","density_y","numeric","2.79766731752466e-05","overall","overall"
"2","cdm_gold_202512","observation_period_ordinal","1st","overall","overall","Duration in days","density_431","density_x","numeric","9050.73189823875","overall","overall"
"2","cdm_gold_202512","observation_period_ordinal","1st","overall","overall","Duration in days","density_431","density_y","numeric","2.74617152667419e-05","overall","overall"
"2","cdm_gold_202512","observation_period_ordinal","1st","overall","overall","Duration in days","density_432","density_x","numeric","9071.74755381605","overall","overall"
"2","cdm_gold_202512","observation_period_ordinal","1st","overall","overall","Duration in days","density_432","density_y","numeric","2.67911590210371e-05","overall","overall"
"2","cdm_gold_202512","observation_period_ordinal","1st","overall","overall","Duration in days","density_433","density_x","numeric","9092.76320939335","overall","overall"
"2","cdm_gold_202512","observation_period_ordinal","1st","overall","overall","Duration in days","density_433","density_y","numeric","2.60103697602457e-05","overall","overall"
"2","cdm_gold_202512","observation_period_ordinal","1st","overall","overall","Duration in days","density_434","density_x","numeric","9113.77886497065","overall","overall"
"2","cdm_gold_202512","observation_period_ordinal","1st","overall","overall","Duration in days","density_434","density_y","numeric","2.51723015222563e-05","overall","overall"
"2","cdm_gold_202512","observation_period_ordinal","1st","overall","overall","Duration in days","density_435","density_x","numeric","9134.79452054794","overall","overall"
"2","cdm_gold_202512","observation_period_ordinal","1st","overall","overall","Duration in days","density_435","density_y","numeric","2.43189151659676e-05","overall","overall"
"2","cdm_gold_202512","observation_period_ordinal","1st","overall","overall","Duration in days","density_436","density_x","numeric","9155.81017612524","overall","overall"
"2","cdm_gold_202512","observation_period_ordinal","1st","overall","overall","Duration in days","density_436","density_y","numeric","2.34692866075752e-05","overall","overall"
"2","cdm_gold_202512","observation_period_ordinal","1st","overall","overall","Duration in days","density_437","density_x","numeric","9176.82583170254","overall","overall"
"2","cdm_gold_202512","observation_period_ordinal","1st","overall","overall","Duration in days","density_437","density_y","numeric","2.26181798741627e-05","overall","overall"
"2","cdm_gold_202512","observation_period_ordinal","1st","overall","overall","Duration in days","density_438","density_x","numeric","9197.84148727984","overall","overall"
"2","cdm_gold_202512","observation_period_ordinal","1st","overall","overall","Duration in days","density_438","density_y","numeric","2.17516458005658e-05","overall","overall"
"2","cdm_gold_202512","observation_period_ordinal","1st","overall","overall","Duration in days","density_439","density_x","numeric","9218.85714285714","overall","overall"
"2","cdm_gold_202512","observation_period_ordinal","1st","overall","overall","Duration in days","density_439","density_y","numeric","2.08693209721504e-05","overall","overall"
"2","cdm_gold_202512","observation_period_ordinal","1st","overall","overall","Duration in days","density_440","density_x","numeric","9239.87279843444","overall","overall"
"2","cdm_gold_202512","observation_period_ordinal","1st","overall","overall","Duration in days","density_440","density_y","numeric","1.99985094451395e-05","overall","overall"
"2","cdm_gold_202512","observation_period_ordinal","1st","overall","overall","Duration in days","density_441","density_x","numeric","9260.88845401174","overall","overall"
"2","cdm_gold_202512","observation_period_ordinal","1st","overall","overall","Duration in days","density_441","density_y","numeric","1.91980286202363e-05","overall","overall"
"2","cdm_gold_202512","observation_period_ordinal","1st","overall","overall","Duration in days","density_442","density_x","numeric","9281.90410958904","overall","overall"
"2","cdm_gold_202512","observation_period_ordinal","1st","overall","overall","Duration in days","density_442","density_y","numeric","1.85499984458331e-05","overall","overall"
"2","cdm_gold_202512","observation_period_ordinal","1st","overall","overall","Duration in days","density_443","density_x","numeric","9302.91976516634","overall","overall"
"2","cdm_gold_202512","observation_period_ordinal","1st","overall","overall","Duration in days","density_443","density_y","numeric","1.81420377775648e-05","overall","overall"
"2","cdm_gold_202512","observation_period_ordinal","1st","overall","overall","Duration in days","density_444","density_x","numeric","9323.93542074364","overall","overall"
"2","cdm_gold_202512","observation_period_ordinal","1st","overall","overall","Duration in days","density_444","density_y","numeric","1.80451085893691e-05","overall","overall"
"2","cdm_gold_202512","observation_period_ordinal","1st","overall","overall","Duration in days","density_445","density_x","numeric","9344.95107632094","overall","overall"
"2","cdm_gold_202512","observation_period_ordinal","1st","overall","overall","Duration in days","density_445","density_y","numeric","1.82931569564322e-05","overall","overall"
"2","cdm_gold_202512","observation_period_ordinal","1st","overall","overall","Duration in days","density_446","density_x","numeric","9365.96673189824","overall","overall"
"2","cdm_gold_202512","observation_period_ordinal","1st","overall","overall","Duration in days","density_446","density_y","numeric","1.88698262002993e-05","overall","overall"
"2","cdm_gold_202512","observation_period_ordinal","1st","overall","overall","Duration in days","density_447","density_x","numeric","9386.98238747554","overall","overall"
"2","cdm_gold_202512","observation_period_ordinal","1st","overall","overall","Duration in days","density_447","density_y","numeric","1.97054030386883e-05","overall","overall"
"2","cdm_gold_202512","observation_period_ordinal","1st","overall","overall","Duration in days","density_448","density_x","numeric","9407.99804305284","overall","overall"
"2","cdm_gold_202512","observation_period_ordinal","1st","overall","overall","Duration in days","density_448","density_y","numeric","2.06845387327785e-05","overall","overall"
"2","cdm_gold_202512","observation_period_ordinal","1st","overall","overall","Duration in days","density_449","density_x","numeric","9429.01369863014","overall","overall"
"2","cdm_gold_202512","observation_period_ordinal","1st","overall","overall","Duration in days","density_449","density_y","numeric","2.16628667911533e-05","overall","overall"
"2","cdm_gold_202512","observation_period_ordinal","1st","overall","overall","Duration in days","density_450","density_x","numeric","9450.02935420744","overall","overall"
"2","cdm_gold_202512","observation_period_ordinal","1st","overall","overall","Duration in days","density_450","density_y","numeric","2.24889261192993e-05","overall","overall"
"2","cdm_gold_202512","observation_period_ordinal","1st","overall","overall","Duration in days","density_451","density_x","numeric","9471.04500978474","overall","overall"
"2","cdm_gold_202512","observation_period_ordinal","1st","overall","overall","Duration in days","density_451","density_y","numeric","2.30270402366686e-05","overall","overall"
"2","cdm_gold_202512","observation_period_ordinal","1st","overall","overall","Duration in days","density_452","density_x","numeric","9492.06066536203","overall","overall"
"2","cdm_gold_202512","observation_period_ordinal","1st","overall","overall","Duration in days","density_452","density_y","numeric","2.31770003653444e-05","overall","overall"
"2","cdm_gold_202512","observation_period_ordinal","1st","overall","overall","Duration in days","density_453","density_x","numeric","9513.07632093933","overall","overall"
"2","cdm_gold_202512","observation_period_ordinal","1st","overall","overall","Duration in days","density_453","density_y","numeric","2.28617481556193e-05","overall","overall"
"2","cdm_gold_202512","observation_period_ordinal","1st","overall","overall","Duration in days","density_454","density_x","numeric","9534.09197651663","overall","overall"
"2","cdm_gold_202512","observation_period_ordinal","1st","overall","overall","Duration in days","density_454","density_y","numeric","2.21139114285191e-05","overall","overall"
"2","cdm_gold_202512","observation_period_ordinal","1st","overall","overall","Duration in days","density_455","density_x","numeric","9555.10763209393","overall","overall"
"2","cdm_gold_202512","observation_period_ordinal","1st","overall","overall","Duration in days","density_455","density_y","numeric","2.10007660740223e-05","overall","overall"
"2","cdm_gold_202512","observation_period_ordinal","1st","overall","overall","Duration in days","density_456","density_x","numeric","9576.12328767123","overall","overall"
"2","cdm_gold_202512","observation_period_ordinal","1st","overall","overall","Duration in days","density_456","density_y","numeric","1.96215680492653e-05","overall","overall"
"2","cdm_gold_202512","observation_period_ordinal","1st","overall","overall","Duration in days","density_457","density_x","numeric","9597.13894324853","overall","overall"
"2","cdm_gold_202512","observation_period_ordinal","1st","overall","overall","Duration in days","density_457","density_y","numeric","1.80971272279709e-05","overall","overall"
"2","cdm_gold_202512","observation_period_ordinal","1st","overall","overall","Duration in days","density_458","density_x","numeric","9618.15459882583","overall","overall"
"2","cdm_gold_202512","observation_period_ordinal","1st","overall","overall","Duration in days","density_458","density_y","numeric","1.65538370137762e-05","overall","overall"
"2","cdm_gold_202512","observation_period_ordinal","1st","overall","overall","Duration in days","density_459","density_x","numeric","9639.17025440313","overall","overall"
"2","cdm_gold_202512","observation_period_ordinal","1st","overall","overall","Duration in days","density_459","density_y","numeric","1.51084896974543e-05","overall","overall"
"2","cdm_gold_202512","observation_period_ordinal","1st","overall","overall","Duration in days","density_460","density_x","numeric","9660.18590998043","overall","overall"
"2","cdm_gold_202512","observation_period_ordinal","1st","overall","overall","Duration in days","density_460","density_y","numeric","1.38556311636117e-05","overall","overall"
"2","cdm_gold_202512","observation_period_ordinal","1st","overall","overall","Duration in days","density_461","density_x","numeric","9681.20156555773","overall","overall"
"2","cdm_gold_202512","observation_period_ordinal","1st","overall","overall","Duration in days","density_461","density_y","numeric","1.28589980596331e-05","overall","overall"
"2","cdm_gold_202512","observation_period_ordinal","1st","overall","overall","Duration in days","density_462","density_x","numeric","9702.21722113503","overall","overall"
"2","cdm_gold_202512","observation_period_ordinal","1st","overall","overall","Duration in days","density_462","density_y","numeric","1.21480816792044e-05","overall","overall"
"2","cdm_gold_202512","observation_period_ordinal","1st","overall","overall","Duration in days","density_463","density_x","numeric","9723.23287671233","overall","overall"
"2","cdm_gold_202512","observation_period_ordinal","1st","overall","overall","Duration in days","density_463","density_y","numeric","1.17199505252218e-05","overall","overall"
"2","cdm_gold_202512","observation_period_ordinal","1st","overall","overall","Duration in days","density_464","density_x","numeric","9744.24853228963","overall","overall"
"2","cdm_gold_202512","observation_period_ordinal","1st","overall","overall","Duration in days","density_464","density_y","numeric","1.15452849779885e-05","overall","overall"
"2","cdm_gold_202512","observation_period_ordinal","1st","overall","overall","Duration in days","density_465","density_x","numeric","9765.26418786693","overall","overall"
"2","cdm_gold_202512","observation_period_ordinal","1st","overall","overall","Duration in days","density_465","density_y","numeric","1.15765401734256e-05","overall","overall"
"2","cdm_gold_202512","observation_period_ordinal","1st","overall","overall","Duration in days","density_466","density_x","numeric","9786.27984344423","overall","overall"
"2","cdm_gold_202512","observation_period_ordinal","1st","overall","overall","Duration in days","density_466","density_y","numeric","1.17557528857267e-05","overall","overall"
"2","cdm_gold_202512","observation_period_ordinal","1st","overall","overall","Duration in days","density_467","density_x","numeric","9807.29549902153","overall","overall"
"2","cdm_gold_202512","observation_period_ordinal","1st","overall","overall","Duration in days","density_467","density_y","numeric","1.20200679969376e-05","overall","overall"
"2","cdm_gold_202512","observation_period_ordinal","1st","overall","overall","Duration in days","density_468","density_x","numeric","9828.31115459882","overall","overall"
"2","cdm_gold_202512","observation_period_ordinal","1st","overall","overall","Duration in days","density_468","density_y","numeric","1.2304491639919e-05","overall","overall"
"2","cdm_gold_202512","observation_period_ordinal","1st","overall","overall","Duration in days","density_469","density_x","numeric","9849.32681017612","overall","overall"
"2","cdm_gold_202512","observation_period_ordinal","1st","overall","overall","Duration in days","density_469","density_y","numeric","1.25385866221059e-05","overall","overall"
"2","cdm_gold_202512","observation_period_ordinal","1st","overall","overall","Duration in days","density_470","density_x","numeric","9870.34246575343","overall","overall"
"2","cdm_gold_202512","observation_period_ordinal","1st","overall","overall","Duration in days","density_470","density_y","numeric","1.26520164335222e-05","overall","overall"
"2","cdm_gold_202512","observation_period_ordinal","1st","overall","overall","Duration in days","density_471","density_x","numeric","9891.35812133072","overall","overall"
"2","cdm_gold_202512","observation_period_ordinal","1st","overall","overall","Duration in days","density_471","density_y","numeric","1.25916866415144e-05","overall","overall"
"2","cdm_gold_202512","observation_period_ordinal","1st","overall","overall","Duration in days","density_472","density_x","numeric","9912.37377690802","overall","overall"
"2","cdm_gold_202512","observation_period_ordinal","1st","overall","overall","Duration in days","density_472","density_y","numeric","1.23209141286581e-05","overall","overall"
"2","cdm_gold_202512","observation_period_ordinal","1st","overall","overall","Duration in days","density_473","density_x","numeric","9933.38943248532","overall","overall"
"2","cdm_gold_202512","observation_period_ordinal","1st","overall","overall","Duration in days","density_473","density_y","numeric","1.18295006710385e-05","overall","overall"
"2","cdm_gold_202512","observation_period_ordinal","1st","overall","overall","Duration in days","density_474","density_x","numeric","9954.40508806262","overall","overall"
"2","cdm_gold_202512","observation_period_ordinal","1st","overall","overall","Duration in days","density_474","density_y","numeric","1.11382558002376e-05","overall","overall"
"2","cdm_gold_202512","observation_period_ordinal","1st","overall","overall","Duration in days","density_475","density_x","numeric","9975.42074363992","overall","overall"
"2","cdm_gold_202512","observation_period_ordinal","1st","overall","overall","Duration in days","density_475","density_y","numeric","1.02970071559086e-05","overall","overall"
"2","cdm_gold_202512","observation_period_ordinal","1st","overall","overall","Duration in days","density_476","density_x","numeric","9996.43639921722","overall","overall"
"2","cdm_gold_202512","observation_period_ordinal","1st","overall","overall","Duration in days","density_476","density_y","numeric","9.37584667334936e-06","overall","overall"
"2","cdm_gold_202512","observation_period_ordinal","1st","overall","overall","Duration in days","density_477","density_x","numeric","10017.4520547945","overall","overall"
"2","cdm_gold_202512","observation_period_ordinal","1st","overall","overall","Duration in days","density_477","density_y","numeric","8.45171206696355e-06","overall","overall"
"2","cdm_gold_202512","observation_period_ordinal","1st","overall","overall","Duration in days","density_478","density_x","numeric","10038.4677103718","overall","overall"
"2","cdm_gold_202512","observation_period_ordinal","1st","overall","overall","Duration in days","density_478","density_y","numeric","7.59393890118093e-06","overall","overall"
"2","cdm_gold_202512","observation_period_ordinal","1st","overall","overall","Duration in days","density_479","density_x","numeric","10059.4833659491","overall","overall"
"2","cdm_gold_202512","observation_period_ordinal","1st","overall","overall","Duration in days","density_479","density_y","numeric","6.8526335852911e-06","overall","overall"
"2","cdm_gold_202512","observation_period_ordinal","1st","overall","overall","Duration in days","density_480","density_x","numeric","10080.4990215264","overall","overall"
"2","cdm_gold_202512","observation_period_ordinal","1st","overall","overall","Duration in days","density_480","density_y","numeric","6.25265831123244e-06","overall","overall"
"2","cdm_gold_202512","observation_period_ordinal","1st","overall","overall","Duration in days","density_481","density_x","numeric","10101.5146771037","overall","overall"
"2","cdm_gold_202512","observation_period_ordinal","1st","overall","overall","Duration in days","density_481","density_y","numeric","5.79417288734373e-06","overall","overall"
"2","cdm_gold_202512","observation_period_ordinal","1st","overall","overall","Duration in days","density_482","density_x","numeric","10122.530332681","overall","overall"
"2","cdm_gold_202512","observation_period_ordinal","1st","overall","overall","Duration in days","density_482","density_y","numeric","5.45873420080215e-06","overall","overall"
"2","cdm_gold_202512","observation_period_ordinal","1st","overall","overall","Duration in days","density_483","density_x","numeric","10143.5459882583","overall","overall"
"2","cdm_gold_202512","observation_period_ordinal","1st","overall","overall","Duration in days","density_483","density_y","numeric","5.21853447064875e-06","overall","overall"
"2","cdm_gold_202512","observation_period_ordinal","1st","overall","overall","Duration in days","density_484","density_x","numeric","10164.5616438356","overall","overall"
"2","cdm_gold_202512","observation_period_ordinal","1st","overall","overall","Duration in days","density_484","density_y","numeric","5.04582191704481e-06","overall","overall"
"2","cdm_gold_202512","observation_period_ordinal","1st","overall","overall","Duration in days","density_485","density_x","numeric","10185.5772994129","overall","overall"
"2","cdm_gold_202512","observation_period_ordinal","1st","overall","overall","Duration in days","density_485","density_y","numeric","4.92054723278217e-06","overall","overall"
"2","cdm_gold_202512","observation_period_ordinal","1st","overall","overall","Duration in days","density_486","density_x","numeric","10206.5929549902","overall","overall"
"2","cdm_gold_202512","observation_period_ordinal","1st","overall","overall","Duration in days","density_486","density_y","numeric","4.83336686990393e-06","overall","overall"
"2","cdm_gold_202512","observation_period_ordinal","1st","overall","overall","Duration in days","density_487","density_x","numeric","10227.6086105675","overall","overall"
"2","cdm_gold_202512","observation_period_ordinal","1st","overall","overall","Duration in days","density_487","density_y","numeric","4.78150224341726e-06","overall","overall"
"2","cdm_gold_202512","observation_period_ordinal","1st","overall","overall","Duration in days","density_488","density_x","numeric","10248.6242661448","overall","overall"
"2","cdm_gold_202512","observation_period_ordinal","1st","overall","overall","Duration in days","density_488","density_y","numeric","4.76786854965795e-06","overall","overall"
"2","cdm_gold_202512","observation_period_ordinal","1st","overall","overall","Duration in days","density_489","density_x","numeric","10269.6399217221","overall","overall"
"2","cdm_gold_202512","observation_period_ordinal","1st","overall","overall","Duration in days","density_489","density_y","numeric","4.79384136396574e-06","overall","overall"
"2","cdm_gold_202512","observation_period_ordinal","1st","overall","overall","Duration in days","density_490","density_x","numeric","10290.6555772994","overall","overall"
"2","cdm_gold_202512","observation_period_ordinal","1st","overall","overall","Duration in days","density_490","density_y","numeric","4.85601513981658e-06","overall","overall"
"2","cdm_gold_202512","observation_period_ordinal","1st","overall","overall","Duration in days","density_491","density_x","numeric","10311.6712328767","overall","overall"
"2","cdm_gold_202512","observation_period_ordinal","1st","overall","overall","Duration in days","density_491","density_y","numeric","4.94529225951946e-06","overall","overall"
"2","cdm_gold_202512","observation_period_ordinal","1st","overall","overall","Duration in days","density_492","density_x","numeric","10332.686888454","overall","overall"
"2","cdm_gold_202512","observation_period_ordinal","1st","overall","overall","Duration in days","density_492","density_y","numeric","5.04814928975819e-06","overall","overall"
"2","cdm_gold_202512","observation_period_ordinal","1st","overall","overall","Duration in days","density_493","density_x","numeric","10353.7025440313","overall","overall"
"2","cdm_gold_202512","observation_period_ordinal","1st","overall","overall","Duration in days","density_493","density_y","numeric","5.14921960548697e-06","overall","overall"
"2","cdm_gold_202512","observation_period_ordinal","1st","overall","overall","Duration in days","density_494","density_x","numeric","10374.7181996086","overall","overall"
"2","cdm_gold_202512","observation_period_ordinal","1st","overall","overall","Duration in days","density_494","density_y","numeric","5.23407673873528e-06","overall","overall"
"2","cdm_gold_202512","observation_period_ordinal","1st","overall","overall","Duration in days","density_495","density_x","numeric","10395.7338551859","overall","overall"
"2","cdm_gold_202512","observation_period_ordinal","1st","overall","overall","Duration in days","density_495","density_y","numeric","5.29131173835236e-06","overall","overall"
"2","cdm_gold_202512","observation_period_ordinal","1st","overall","overall","Duration in days","density_496","density_x","numeric","10416.7495107632","overall","overall"
"2","cdm_gold_202512","observation_period_ordinal","1st","overall","overall","Duration in days","density_496","density_y","numeric","5.31349403057287e-06","overall","overall"
"2","cdm_gold_202512","observation_period_ordinal","1st","overall","overall","Duration in days","density_497","density_x","numeric","10437.7651663405","overall","overall"
"2","cdm_gold_202512","observation_period_ordinal","1st","overall","overall","Duration in days","density_497","density_y","numeric","5.29712601311215e-06","overall","overall"
"2","cdm_gold_202512","observation_period_ordinal","1st","overall","overall","Duration in days","density_498","density_x","numeric","10458.7808219178","overall","overall"
"2","cdm_gold_202512","observation_period_ordinal","1st","overall","overall","Duration in days","density_498","density_y","numeric","5.24202311323728e-06","overall","overall"
"2","cdm_gold_202512","observation_period_ordinal","1st","overall","overall","Duration in days","density_499","density_x","numeric","10479.7964774951","overall","overall"
"2","cdm_gold_202512","observation_period_ordinal","1st","overall","overall","Duration in days","density_499","density_y","numeric","5.15058364827291e-06","overall","overall"
"2","cdm_gold_202512","observation_period_ordinal","1st","overall","overall","Duration in days","density_500","density_x","numeric","10500.8121330724","overall","overall"
"2","cdm_gold_202512","observation_period_ordinal","1st","overall","overall","Duration in days","density_500","density_y","numeric","5.02722727661416e-06","overall","overall"
"2","cdm_gold_202512","observation_period_ordinal","1st","overall","overall","Duration in days","density_501","density_x","numeric","10521.8277886497","overall","overall"
"2","cdm_gold_202512","observation_period_ordinal","1st","overall","overall","Duration in days","density_501","density_y","numeric","4.87804753979333e-06","overall","overall"
"2","cdm_gold_202512","observation_period_ordinal","1st","overall","overall","Duration in days","density_502","density_x","numeric","10542.843444227","overall","overall"
"2","cdm_gold_202512","observation_period_ordinal","1st","overall","overall","Duration in days","density_502","density_y","numeric","4.71006331793663e-06","overall","overall"
"2","cdm_gold_202512","observation_period_ordinal","1st","overall","overall","Duration in days","density_503","density_x","numeric","10563.8590998043","overall","overall"
"2","cdm_gold_202512","observation_period_ordinal","1st","overall","overall","Duration in days","density_503","density_y","numeric","4.53404630264359e-06","overall","overall"
"2","cdm_gold_202512","observation_period_ordinal","1st","overall","overall","Duration in days","density_504","density_x","numeric","10584.8747553816","overall","overall"
"2","cdm_gold_202512","observation_period_ordinal","1st","overall","overall","Duration in days","density_504","density_y","numeric","4.36002227107958e-06","overall","overall"
"2","cdm_gold_202512","observation_period_ordinal","1st","overall","overall","Duration in days","density_505","density_x","numeric","10605.8904109589","overall","overall"
"2","cdm_gold_202512","observation_period_ordinal","1st","overall","overall","Duration in days","density_505","density_y","numeric","4.19826971817728e-06","overall","overall"
"2","cdm_gold_202512","observation_period_ordinal","1st","overall","overall","Duration in days","density_506","density_x","numeric","10626.9060665362","overall","overall"
"2","cdm_gold_202512","observation_period_ordinal","1st","overall","overall","Duration in days","density_506","density_y","numeric","4.05832648695995e-06","overall","overall"
"2","cdm_gold_202512","observation_period_ordinal","1st","overall","overall","Duration in days","density_507","density_x","numeric","10647.9217221135","overall","overall"
"2","cdm_gold_202512","observation_period_ordinal","1st","overall","overall","Duration in days","density_507","density_y","numeric","3.94735284198071e-06","overall","overall"
"2","cdm_gold_202512","observation_period_ordinal","1st","overall","overall","Duration in days","density_508","density_x","numeric","10668.9373776908","overall","overall"
"2","cdm_gold_202512","observation_period_ordinal","1st","overall","overall","Duration in days","density_508","density_y","numeric","3.86818056043485e-06","overall","overall"
"2","cdm_gold_202512","observation_period_ordinal","1st","overall","overall","Duration in days","density_509","density_x","numeric","10689.9530332681","overall","overall"
"2","cdm_gold_202512","observation_period_ordinal","1st","overall","overall","Duration in days","density_509","density_y","numeric","3.81772241057463e-06","overall","overall"
"2","cdm_gold_202512","observation_period_ordinal","1st","overall","overall","Duration in days","density_510","density_x","numeric","10710.9686888454","overall","overall"
"2","cdm_gold_202512","observation_period_ordinal","1st","overall","overall","Duration in days","density_510","density_y","numeric","3.78663755530461e-06","overall","overall"
"2","cdm_gold_202512","observation_period_ordinal","1st","overall","overall","Duration in days","density_511","density_x","numeric","10731.9843444227","overall","overall"
"2","cdm_gold_202512","observation_period_ordinal","1st","overall","overall","Duration in days","density_511","density_y","numeric","3.7609537234799e-06","overall","overall"
"2","cdm_gold_202512","observation_period_ordinal","1st","overall","overall","Duration in days","density_512","density_x","numeric","10753","overall","overall"
"2","cdm_gold_202512","observation_period_ordinal","1st","overall","overall","Duration in days","density_512","density_y","numeric","3.725692558643e-06","overall","overall"
"2","cdm_gold_202512","observation_period_ordinal","all","overall","overall","Records per person","density_001","density_x","numeric","1","overall","overall"
"2","cdm_gold_202512","observation_period_ordinal","all","overall","overall","Records per person","density_001","density_y","numeric","12.4734039249031","overall","overall"
"2","cdm_gold_202512","observation_period_ordinal","all","overall","overall","Records per person","density_002","density_x","numeric","1","overall","overall"
"2","cdm_gold_202512","observation_period_ordinal","all","overall","overall","Records per person","density_002","density_y","numeric","12.4734039249031","overall","overall"
"2","cdm_gold_202512","observation_period_ordinal","all","overall","overall","Records per person","density_003","density_x","numeric","1","overall","overall"
"2","cdm_gold_202512","observation_period_ordinal","all","overall","overall","Records per person","density_003","density_y","numeric","12.4734039249031","overall","overall"
"2","cdm_gold_202512","observation_period_ordinal","all","overall","overall","Records per person","density_004","density_x","numeric","1","overall","overall"
"2","cdm_gold_202512","observation_period_ordinal","all","overall","overall","Records per person","density_004","density_y","numeric","12.4734039249031","overall","overall"
"2","cdm_gold_202512","observation_period_ordinal","all","overall","overall","Records per person","density_005","density_x","numeric","1","overall","overall"
"2","cdm_gold_202512","observation_period_ordinal","all","overall","overall","Records per person","density_005","density_y","numeric","12.4734039249031","overall","overall"
"2","cdm_gold_202512","observation_period_ordinal","all","overall","overall","Records per person","density_006","density_x","numeric","1","overall","overall"
"2","cdm_gold_202512","observation_period_ordinal","all","overall","overall","Records per person","density_006","density_y","numeric","12.4734039249031","overall","overall"
"2","cdm_gold_202512","observation_period_ordinal","all","overall","overall","Records per person","density_007","density_x","numeric","1","overall","overall"
"2","cdm_gold_202512","observation_period_ordinal","all","overall","overall","Records per person","density_007","density_y","numeric","12.4734039249031","overall","overall"
"2","cdm_gold_202512","observation_period_ordinal","all","overall","overall","Records per person","density_008","density_x","numeric","1","overall","overall"
"2","cdm_gold_202512","observation_period_ordinal","all","overall","overall","Records per person","density_008","density_y","numeric","12.4734039249031","overall","overall"
"2","cdm_gold_202512","observation_period_ordinal","all","overall","overall","Records per person","density_009","density_x","numeric","1","overall","overall"
"2","cdm_gold_202512","observation_period_ordinal","all","overall","overall","Records per person","density_009","density_y","numeric","12.4734039249031","overall","overall"
"2","cdm_gold_202512","observation_period_ordinal","all","overall","overall","Records per person","density_010","density_x","numeric","1","overall","overall"
"2","cdm_gold_202512","observation_period_ordinal","all","overall","overall","Records per person","density_010","density_y","numeric","12.4734039249031","overall","overall"
"2","cdm_gold_202512","observation_period_ordinal","all","overall","overall","Records per person","density_011","density_x","numeric","1","overall","overall"
"2","cdm_gold_202512","observation_period_ordinal","all","overall","overall","Records per person","density_011","density_y","numeric","12.4734039249031","overall","overall"
"2","cdm_gold_202512","observation_period_ordinal","all","overall","overall","Records per person","density_012","density_x","numeric","1","overall","overall"
"2","cdm_gold_202512","observation_period_ordinal","all","overall","overall","Records per person","density_012","density_y","numeric","12.4734039249031","overall","overall"
"2","cdm_gold_202512","observation_period_ordinal","all","overall","overall","Records per person","density_013","density_x","numeric","1","overall","overall"
"2","cdm_gold_202512","observation_period_ordinal","all","overall","overall","Records per person","density_013","density_y","numeric","12.4734039249031","overall","overall"
"2","cdm_gold_202512","observation_period_ordinal","all","overall","overall","Records per person","density_014","density_x","numeric","1","overall","overall"
"2","cdm_gold_202512","observation_period_ordinal","all","overall","overall","Records per person","density_014","density_y","numeric","12.4734039249031","overall","overall"
"2","cdm_gold_202512","observation_period_ordinal","all","overall","overall","Records per person","density_015","density_x","numeric","1","overall","overall"
"2","cdm_gold_202512","observation_period_ordinal","all","overall","overall","Records per person","density_015","density_y","numeric","12.4734039249031","overall","overall"
"2","cdm_gold_202512","observation_period_ordinal","all","overall","overall","Records per person","density_016","density_x","numeric","1","overall","overall"
"2","cdm_gold_202512","observation_period_ordinal","all","overall","overall","Records per person","density_016","density_y","numeric","12.4734039249031","overall","overall"
"2","cdm_gold_202512","observation_period_ordinal","all","overall","overall","Records per person","density_017","density_x","numeric","1","overall","overall"
"2","cdm_gold_202512","observation_period_ordinal","all","overall","overall","Records per person","density_017","density_y","numeric","12.4734039249031","overall","overall"
"2","cdm_gold_202512","observation_period_ordinal","all","overall","overall","Records per person","density_018","density_x","numeric","1","overall","overall"
"2","cdm_gold_202512","observation_period_ordinal","all","overall","overall","Records per person","density_018","density_y","numeric","12.4734039249031","overall","overall"
"2","cdm_gold_202512","observation_period_ordinal","all","overall","overall","Records per person","density_019","density_x","numeric","1","overall","overall"
"2","cdm_gold_202512","observation_period_ordinal","all","overall","overall","Records per person","density_019","density_y","numeric","12.4734039249031","overall","overall"
"2","cdm_gold_202512","observation_period_ordinal","all","overall","overall","Records per person","density_020","density_x","numeric","1","overall","overall"
"2","cdm_gold_202512","observation_period_ordinal","all","overall","overall","Records per person","density_020","density_y","numeric","12.4734039249031","overall","overall"
"2","cdm_gold_202512","observation_period_ordinal","all","overall","overall","Records per person","density_021","density_x","numeric","1","overall","overall"
"2","cdm_gold_202512","observation_period_ordinal","all","overall","overall","Records per person","density_021","density_y","numeric","12.4734039249031","overall","overall"
"2","cdm_gold_202512","observation_period_ordinal","all","overall","overall","Records per person","density_022","density_x","numeric","1","overall","overall"
"2","cdm_gold_202512","observation_period_ordinal","all","overall","overall","Records per person","density_022","density_y","numeric","12.4734039249031","overall","overall"
"2","cdm_gold_202512","observation_period_ordinal","all","overall","overall","Records per person","density_023","density_x","numeric","1","overall","overall"
"2","cdm_gold_202512","observation_period_ordinal","all","overall","overall","Records per person","density_023","density_y","numeric","12.4734039249031","overall","overall"
"2","cdm_gold_202512","observation_period_ordinal","all","overall","overall","Records per person","density_024","density_x","numeric","1","overall","overall"
"2","cdm_gold_202512","observation_period_ordinal","all","overall","overall","Records per person","density_024","density_y","numeric","12.4734039249031","overall","overall"
"2","cdm_gold_202512","observation_period_ordinal","all","overall","overall","Records per person","density_025","density_x","numeric","1","overall","overall"
"2","cdm_gold_202512","observation_period_ordinal","all","overall","overall","Records per person","density_025","density_y","numeric","12.4734039249031","overall","overall"
"2","cdm_gold_202512","observation_period_ordinal","all","overall","overall","Records per person","density_026","density_x","numeric","1","overall","overall"
"2","cdm_gold_202512","observation_period_ordinal","all","overall","overall","Records per person","density_026","density_y","numeric","12.4734039249031","overall","overall"
"2","cdm_gold_202512","observation_period_ordinal","all","overall","overall","Records per person","density_027","density_x","numeric","1","overall","overall"
"2","cdm_gold_202512","observation_period_ordinal","all","overall","overall","Records per person","density_027","density_y","numeric","12.4734039249031","overall","overall"
"2","cdm_gold_202512","observation_period_ordinal","all","overall","overall","Records per person","density_028","density_x","numeric","1","overall","overall"
"2","cdm_gold_202512","observation_period_ordinal","all","overall","overall","Records per person","density_028","density_y","numeric","12.4734039249031","overall","overall"
"2","cdm_gold_202512","observation_period_ordinal","all","overall","overall","Records per person","density_029","density_x","numeric","1","overall","overall"
"2","cdm_gold_202512","observation_period_ordinal","all","overall","overall","Records per person","density_029","density_y","numeric","12.4734039249031","overall","overall"
"2","cdm_gold_202512","observation_period_ordinal","all","overall","overall","Records per person","density_030","density_x","numeric","1","overall","overall"
"2","cdm_gold_202512","observation_period_ordinal","all","overall","overall","Records per person","density_030","density_y","numeric","12.4734039249031","overall","overall"
"2","cdm_gold_202512","observation_period_ordinal","all","overall","overall","Records per person","density_031","density_x","numeric","1","overall","overall"
"2","cdm_gold_202512","observation_period_ordinal","all","overall","overall","Records per person","density_031","density_y","numeric","12.4734039249031","overall","overall"
"2","cdm_gold_202512","observation_period_ordinal","all","overall","overall","Records per person","density_032","density_x","numeric","1","overall","overall"
"2","cdm_gold_202512","observation_period_ordinal","all","overall","overall","Records per person","density_032","density_y","numeric","12.4734039249031","overall","overall"
"2","cdm_gold_202512","observation_period_ordinal","all","overall","overall","Records per person","density_033","density_x","numeric","1","overall","overall"
"2","cdm_gold_202512","observation_period_ordinal","all","overall","overall","Records per person","density_033","density_y","numeric","12.4734039249031","overall","overall"
"2","cdm_gold_202512","observation_period_ordinal","all","overall","overall","Records per person","density_034","density_x","numeric","1","overall","overall"
"2","cdm_gold_202512","observation_period_ordinal","all","overall","overall","Records per person","density_034","density_y","numeric","12.4734039249031","overall","overall"
"2","cdm_gold_202512","observation_period_ordinal","all","overall","overall","Records per person","density_035","density_x","numeric","1","overall","overall"
"2","cdm_gold_202512","observation_period_ordinal","all","overall","overall","Records per person","density_035","density_y","numeric","12.4734039249031","overall","overall"
"2","cdm_gold_202512","observation_period_ordinal","all","overall","overall","Records per person","density_036","density_x","numeric","1","overall","overall"
"2","cdm_gold_202512","observation_period_ordinal","all","overall","overall","Records per person","density_036","density_y","numeric","12.4734039249031","overall","overall"
"2","cdm_gold_202512","observation_period_ordinal","all","overall","overall","Records per person","density_037","density_x","numeric","1","overall","overall"
"2","cdm_gold_202512","observation_period_ordinal","all","overall","overall","Records per person","density_037","density_y","numeric","12.4734039249031","overall","overall"
"2","cdm_gold_202512","observation_period_ordinal","all","overall","overall","Records per person","density_038","density_x","numeric","1","overall","overall"
"2","cdm_gold_202512","observation_period_ordinal","all","overall","overall","Records per person","density_038","density_y","numeric","12.4734039249031","overall","overall"
"2","cdm_gold_202512","observation_period_ordinal","all","overall","overall","Records per person","density_039","density_x","numeric","1","overall","overall"
"2","cdm_gold_202512","observation_period_ordinal","all","overall","overall","Records per person","density_039","density_y","numeric","12.4734039249031","overall","overall"
"2","cdm_gold_202512","observation_period_ordinal","all","overall","overall","Records per person","density_040","density_x","numeric","1","overall","overall"
"2","cdm_gold_202512","observation_period_ordinal","all","overall","overall","Records per person","density_040","density_y","numeric","12.4734039249031","overall","overall"
"2","cdm_gold_202512","observation_period_ordinal","all","overall","overall","Records per person","density_041","density_x","numeric","1","overall","overall"
"2","cdm_gold_202512","observation_period_ordinal","all","overall","overall","Records per person","density_041","density_y","numeric","12.4734039249031","overall","overall"
"2","cdm_gold_202512","observation_period_ordinal","all","overall","overall","Records per person","density_042","density_x","numeric","1","overall","overall"
"2","cdm_gold_202512","observation_period_ordinal","all","overall","overall","Records per person","density_042","density_y","numeric","12.4734039249031","overall","overall"
"2","cdm_gold_202512","observation_period_ordinal","all","overall","overall","Records per person","density_043","density_x","numeric","1","overall","overall"
"2","cdm_gold_202512","observation_period_ordinal","all","overall","overall","Records per person","density_043","density_y","numeric","12.4734039249031","overall","overall"
"2","cdm_gold_202512","observation_period_ordinal","all","overall","overall","Records per person","density_044","density_x","numeric","1","overall","overall"
"2","cdm_gold_202512","observation_period_ordinal","all","overall","overall","Records per person","density_044","density_y","numeric","12.4734039249031","overall","overall"
"2","cdm_gold_202512","observation_period_ordinal","all","overall","overall","Records per person","density_045","density_x","numeric","1","overall","overall"
"2","cdm_gold_202512","observation_period_ordinal","all","overall","overall","Records per person","density_045","density_y","numeric","12.4734039249031","overall","overall"
"2","cdm_gold_202512","observation_period_ordinal","all","overall","overall","Records per person","density_046","density_x","numeric","1","overall","overall"
"2","cdm_gold_202512","observation_period_ordinal","all","overall","overall","Records per person","density_046","density_y","numeric","12.4734039249031","overall","overall"
"2","cdm_gold_202512","observation_period_ordinal","all","overall","overall","Records per person","density_047","density_x","numeric","1","overall","overall"
"2","cdm_gold_202512","observation_period_ordinal","all","overall","overall","Records per person","density_047","density_y","numeric","12.4734039249031","overall","overall"
"2","cdm_gold_202512","observation_period_ordinal","all","overall","overall","Records per person","density_048","density_x","numeric","1","overall","overall"
"2","cdm_gold_202512","observation_period_ordinal","all","overall","overall","Records per person","density_048","density_y","numeric","12.4734039249031","overall","overall"
"2","cdm_gold_202512","observation_period_ordinal","all","overall","overall","Records per person","density_049","density_x","numeric","1","overall","overall"
"2","cdm_gold_202512","observation_period_ordinal","all","overall","overall","Records per person","density_049","density_y","numeric","12.4734039249031","overall","overall"
"2","cdm_gold_202512","observation_period_ordinal","all","overall","overall","Records per person","density_050","density_x","numeric","1","overall","overall"
"2","cdm_gold_202512","observation_period_ordinal","all","overall","overall","Records per person","density_050","density_y","numeric","12.4734039249031","overall","overall"
"2","cdm_gold_202512","observation_period_ordinal","all","overall","overall","Records per person","density_051","density_x","numeric","1","overall","overall"
"2","cdm_gold_202512","observation_period_ordinal","all","overall","overall","Records per person","density_051","density_y","numeric","12.4734039249031","overall","overall"
"2","cdm_gold_202512","observation_period_ordinal","all","overall","overall","Records per person","density_052","density_x","numeric","1","overall","overall"
"2","cdm_gold_202512","observation_period_ordinal","all","overall","overall","Records per person","density_052","density_y","numeric","12.4734039249031","overall","overall"
"2","cdm_gold_202512","observation_period_ordinal","all","overall","overall","Records per person","density_053","density_x","numeric","1","overall","overall"
"2","cdm_gold_202512","observation_period_ordinal","all","overall","overall","Records per person","density_053","density_y","numeric","12.4734039249031","overall","overall"
"2","cdm_gold_202512","observation_period_ordinal","all","overall","overall","Records per person","density_054","density_x","numeric","1","overall","overall"
"2","cdm_gold_202512","observation_period_ordinal","all","overall","overall","Records per person","density_054","density_y","numeric","12.4734039249031","overall","overall"
"2","cdm_gold_202512","observation_period_ordinal","all","overall","overall","Records per person","density_055","density_x","numeric","1","overall","overall"
"2","cdm_gold_202512","observation_period_ordinal","all","overall","overall","Records per person","density_055","density_y","numeric","12.4734039249031","overall","overall"
"2","cdm_gold_202512","observation_period_ordinal","all","overall","overall","Records per person","density_056","density_x","numeric","1","overall","overall"
"2","cdm_gold_202512","observation_period_ordinal","all","overall","overall","Records per person","density_056","density_y","numeric","12.4734039249031","overall","overall"
"2","cdm_gold_202512","observation_period_ordinal","all","overall","overall","Records per person","density_057","density_x","numeric","1","overall","overall"
"2","cdm_gold_202512","observation_period_ordinal","all","overall","overall","Records per person","density_057","density_y","numeric","12.4734039249031","overall","overall"
"2","cdm_gold_202512","observation_period_ordinal","all","overall","overall","Records per person","density_058","density_x","numeric","1","overall","overall"
"2","cdm_gold_202512","observation_period_ordinal","all","overall","overall","Records per person","density_058","density_y","numeric","12.4734039249031","overall","overall"
"2","cdm_gold_202512","observation_period_ordinal","all","overall","overall","Records per person","density_059","density_x","numeric","1","overall","overall"
"2","cdm_gold_202512","observation_period_ordinal","all","overall","overall","Records per person","density_059","density_y","numeric","12.4734039249031","overall","overall"
"2","cdm_gold_202512","observation_period_ordinal","all","overall","overall","Records per person","density_060","density_x","numeric","1","overall","overall"
"2","cdm_gold_202512","observation_period_ordinal","all","overall","overall","Records per person","density_060","density_y","numeric","12.4734039249031","overall","overall"
"2","cdm_gold_202512","observation_period_ordinal","all","overall","overall","Records per person","density_061","density_x","numeric","1","overall","overall"
"2","cdm_gold_202512","observation_period_ordinal","all","overall","overall","Records per person","density_061","density_y","numeric","12.4734039249031","overall","overall"
"2","cdm_gold_202512","observation_period_ordinal","all","overall","overall","Records per person","density_062","density_x","numeric","1","overall","overall"
"2","cdm_gold_202512","observation_period_ordinal","all","overall","overall","Records per person","density_062","density_y","numeric","12.4734039249031","overall","overall"
"2","cdm_gold_202512","observation_period_ordinal","all","overall","overall","Records per person","density_063","density_x","numeric","1","overall","overall"
"2","cdm_gold_202512","observation_period_ordinal","all","overall","overall","Records per person","density_063","density_y","numeric","12.4734039249031","overall","overall"
"2","cdm_gold_202512","observation_period_ordinal","all","overall","overall","Records per person","density_064","density_x","numeric","1","overall","overall"
"2","cdm_gold_202512","observation_period_ordinal","all","overall","overall","Records per person","density_064","density_y","numeric","12.4734039249031","overall","overall"
"2","cdm_gold_202512","observation_period_ordinal","all","overall","overall","Records per person","density_065","density_x","numeric","1","overall","overall"
"2","cdm_gold_202512","observation_period_ordinal","all","overall","overall","Records per person","density_065","density_y","numeric","12.4734039249031","overall","overall"
"2","cdm_gold_202512","observation_period_ordinal","all","overall","overall","Records per person","density_066","density_x","numeric","1","overall","overall"
"2","cdm_gold_202512","observation_period_ordinal","all","overall","overall","Records per person","density_066","density_y","numeric","12.4734039249031","overall","overall"
"2","cdm_gold_202512","observation_period_ordinal","all","overall","overall","Records per person","density_067","density_x","numeric","1","overall","overall"
"2","cdm_gold_202512","observation_period_ordinal","all","overall","overall","Records per person","density_067","density_y","numeric","12.4734039249031","overall","overall"
"2","cdm_gold_202512","observation_period_ordinal","all","overall","overall","Records per person","density_068","density_x","numeric","1","overall","overall"
"2","cdm_gold_202512","observation_period_ordinal","all","overall","overall","Records per person","density_068","density_y","numeric","12.4734039249031","overall","overall"
"2","cdm_gold_202512","observation_period_ordinal","all","overall","overall","Records per person","density_069","density_x","numeric","1","overall","overall"
"2","cdm_gold_202512","observation_period_ordinal","all","overall","overall","Records per person","density_069","density_y","numeric","12.4734039249031","overall","overall"
"2","cdm_gold_202512","observation_period_ordinal","all","overall","overall","Records per person","density_070","density_x","numeric","1","overall","overall"
"2","cdm_gold_202512","observation_period_ordinal","all","overall","overall","Records per person","density_070","density_y","numeric","12.4734039249031","overall","overall"
"2","cdm_gold_202512","observation_period_ordinal","all","overall","overall","Records per person","density_071","density_x","numeric","1","overall","overall"
"2","cdm_gold_202512","observation_period_ordinal","all","overall","overall","Records per person","density_071","density_y","numeric","12.4734039249031","overall","overall"
"2","cdm_gold_202512","observation_period_ordinal","all","overall","overall","Records per person","density_072","density_x","numeric","1","overall","overall"
"2","cdm_gold_202512","observation_period_ordinal","all","overall","overall","Records per person","density_072","density_y","numeric","12.4734039249031","overall","overall"
"2","cdm_gold_202512","observation_period_ordinal","all","overall","overall","Records per person","density_073","density_x","numeric","1","overall","overall"
"2","cdm_gold_202512","observation_period_ordinal","all","overall","overall","Records per person","density_073","density_y","numeric","12.4734039249031","overall","overall"
"2","cdm_gold_202512","observation_period_ordinal","all","overall","overall","Records per person","density_074","density_x","numeric","1","overall","overall"
"2","cdm_gold_202512","observation_period_ordinal","all","overall","overall","Records per person","density_074","density_y","numeric","12.4734039249031","overall","overall"
"2","cdm_gold_202512","observation_period_ordinal","all","overall","overall","Records per person","density_075","density_x","numeric","1","overall","overall"
"2","cdm_gold_202512","observation_period_ordinal","all","overall","overall","Records per person","density_075","density_y","numeric","12.4734039249031","overall","overall"
"2","cdm_gold_202512","observation_period_ordinal","all","overall","overall","Records per person","density_076","density_x","numeric","1","overall","overall"
"2","cdm_gold_202512","observation_period_ordinal","all","overall","overall","Records per person","density_076","density_y","numeric","12.4734039249031","overall","overall"
"2","cdm_gold_202512","observation_period_ordinal","all","overall","overall","Records per person","density_077","density_x","numeric","1","overall","overall"
"2","cdm_gold_202512","observation_period_ordinal","all","overall","overall","Records per person","density_077","density_y","numeric","12.4734039249031","overall","overall"
"2","cdm_gold_202512","observation_period_ordinal","all","overall","overall","Records per person","density_078","density_x","numeric","1","overall","overall"
"2","cdm_gold_202512","observation_period_ordinal","all","overall","overall","Records per person","density_078","density_y","numeric","12.4734039249031","overall","overall"
"2","cdm_gold_202512","observation_period_ordinal","all","overall","overall","Records per person","density_079","density_x","numeric","1","overall","overall"
"2","cdm_gold_202512","observation_period_ordinal","all","overall","overall","Records per person","density_079","density_y","numeric","12.4734039249031","overall","overall"
"2","cdm_gold_202512","observation_period_ordinal","all","overall","overall","Records per person","density_080","density_x","numeric","1","overall","overall"
"2","cdm_gold_202512","observation_period_ordinal","all","overall","overall","Records per person","density_080","density_y","numeric","12.4734039249031","overall","overall"
"2","cdm_gold_202512","observation_period_ordinal","all","overall","overall","Records per person","density_081","density_x","numeric","1","overall","overall"
"2","cdm_gold_202512","observation_period_ordinal","all","overall","overall","Records per person","density_081","density_y","numeric","12.4734039249031","overall","overall"
"2","cdm_gold_202512","observation_period_ordinal","all","overall","overall","Records per person","density_082","density_x","numeric","1","overall","overall"
"2","cdm_gold_202512","observation_period_ordinal","all","overall","overall","Records per person","density_082","density_y","numeric","12.4734039249031","overall","overall"
"2","cdm_gold_202512","observation_period_ordinal","all","overall","overall","Records per person","density_083","density_x","numeric","1","overall","overall"
"2","cdm_gold_202512","observation_period_ordinal","all","overall","overall","Records per person","density_083","density_y","numeric","12.4734039249031","overall","overall"
"2","cdm_gold_202512","observation_period_ordinal","all","overall","overall","Records per person","density_084","density_x","numeric","1","overall","overall"
"2","cdm_gold_202512","observation_period_ordinal","all","overall","overall","Records per person","density_084","density_y","numeric","12.4734039249031","overall","overall"
"2","cdm_gold_202512","observation_period_ordinal","all","overall","overall","Records per person","density_085","density_x","numeric","1","overall","overall"
"2","cdm_gold_202512","observation_period_ordinal","all","overall","overall","Records per person","density_085","density_y","numeric","12.4734039249031","overall","overall"
"2","cdm_gold_202512","observation_period_ordinal","all","overall","overall","Records per person","density_086","density_x","numeric","1","overall","overall"
"2","cdm_gold_202512","observation_period_ordinal","all","overall","overall","Records per person","density_086","density_y","numeric","12.4734039249031","overall","overall"
"2","cdm_gold_202512","observation_period_ordinal","all","overall","overall","Records per person","density_087","density_x","numeric","1","overall","overall"
"2","cdm_gold_202512","observation_period_ordinal","all","overall","overall","Records per person","density_087","density_y","numeric","12.4734039249031","overall","overall"
"2","cdm_gold_202512","observation_period_ordinal","all","overall","overall","Records per person","density_088","density_x","numeric","1","overall","overall"
"2","cdm_gold_202512","observation_period_ordinal","all","overall","overall","Records per person","density_088","density_y","numeric","12.4734039249031","overall","overall"
"2","cdm_gold_202512","observation_period_ordinal","all","overall","overall","Records per person","density_089","density_x","numeric","1","overall","overall"
"2","cdm_gold_202512","observation_period_ordinal","all","overall","overall","Records per person","density_089","density_y","numeric","12.4734039249031","overall","overall"
"2","cdm_gold_202512","observation_period_ordinal","all","overall","overall","Records per person","density_090","density_x","numeric","1","overall","overall"
"2","cdm_gold_202512","observation_period_ordinal","all","overall","overall","Records per person","density_090","density_y","numeric","12.4734039249031","overall","overall"
"2","cdm_gold_202512","observation_period_ordinal","all","overall","overall","Records per person","density_091","density_x","numeric","1","overall","overall"
"2","cdm_gold_202512","observation_period_ordinal","all","overall","overall","Records per person","density_091","density_y","numeric","12.4734039249031","overall","overall"
"2","cdm_gold_202512","observation_period_ordinal","all","overall","overall","Records per person","density_092","density_x","numeric","1","overall","overall"
"2","cdm_gold_202512","observation_period_ordinal","all","overall","overall","Records per person","density_092","density_y","numeric","12.4734039249031","overall","overall"
"2","cdm_gold_202512","observation_period_ordinal","all","overall","overall","Records per person","density_093","density_x","numeric","1","overall","overall"
"2","cdm_gold_202512","observation_period_ordinal","all","overall","overall","Records per person","density_093","density_y","numeric","12.4734039249031","overall","overall"
"2","cdm_gold_202512","observation_period_ordinal","all","overall","overall","Records per person","density_094","density_x","numeric","1","overall","overall"
"2","cdm_gold_202512","observation_period_ordinal","all","overall","overall","Records per person","density_094","density_y","numeric","12.4734039249031","overall","overall"
"2","cdm_gold_202512","observation_period_ordinal","all","overall","overall","Records per person","density_095","density_x","numeric","1","overall","overall"
"2","cdm_gold_202512","observation_period_ordinal","all","overall","overall","Records per person","density_095","density_y","numeric","12.4734039249031","overall","overall"
"2","cdm_gold_202512","observation_period_ordinal","all","overall","overall","Records per person","density_096","density_x","numeric","1","overall","overall"
"2","cdm_gold_202512","observation_period_ordinal","all","overall","overall","Records per person","density_096","density_y","numeric","12.4734039249031","overall","overall"
"2","cdm_gold_202512","observation_period_ordinal","all","overall","overall","Records per person","density_097","density_x","numeric","1","overall","overall"
"2","cdm_gold_202512","observation_period_ordinal","all","overall","overall","Records per person","density_097","density_y","numeric","12.4734039249031","overall","overall"
"2","cdm_gold_202512","observation_period_ordinal","all","overall","overall","Records per person","density_098","density_x","numeric","1","overall","overall"
"2","cdm_gold_202512","observation_period_ordinal","all","overall","overall","Records per person","density_098","density_y","numeric","12.4734039249031","overall","overall"
"2","cdm_gold_202512","observation_period_ordinal","all","overall","overall","Records per person","density_099","density_x","numeric","1","overall","overall"
"2","cdm_gold_202512","observation_period_ordinal","all","overall","overall","Records per person","density_099","density_y","numeric","12.4734039249031","overall","overall"
"2","cdm_gold_202512","observation_period_ordinal","all","overall","overall","Records per person","density_100","density_x","numeric","1","overall","overall"
"2","cdm_gold_202512","observation_period_ordinal","all","overall","overall","Records per person","density_100","density_y","numeric","12.4734039249031","overall","overall"
"2","cdm_gold_202512","observation_period_ordinal","all","overall","overall","Records per person","density_101","density_x","numeric","1","overall","overall"
"2","cdm_gold_202512","observation_period_ordinal","all","overall","overall","Records per person","density_101","density_y","numeric","12.4734039249031","overall","overall"
"2","cdm_gold_202512","observation_period_ordinal","all","overall","overall","Records per person","density_102","density_x","numeric","1","overall","overall"
"2","cdm_gold_202512","observation_period_ordinal","all","overall","overall","Records per person","density_102","density_y","numeric","12.4734039249031","overall","overall"
"2","cdm_gold_202512","observation_period_ordinal","all","overall","overall","Records per person","density_103","density_x","numeric","1","overall","overall"
"2","cdm_gold_202512","observation_period_ordinal","all","overall","overall","Records per person","density_103","density_y","numeric","12.4734039249031","overall","overall"
"2","cdm_gold_202512","observation_period_ordinal","all","overall","overall","Records per person","density_104","density_x","numeric","1","overall","overall"
"2","cdm_gold_202512","observation_period_ordinal","all","overall","overall","Records per person","density_104","density_y","numeric","12.4734039249031","overall","overall"
"2","cdm_gold_202512","observation_period_ordinal","all","overall","overall","Records per person","density_105","density_x","numeric","1","overall","overall"
"2","cdm_gold_202512","observation_period_ordinal","all","overall","overall","Records per person","density_105","density_y","numeric","12.4734039249031","overall","overall"
"2","cdm_gold_202512","observation_period_ordinal","all","overall","overall","Records per person","density_106","density_x","numeric","1","overall","overall"
"2","cdm_gold_202512","observation_period_ordinal","all","overall","overall","Records per person","density_106","density_y","numeric","12.4734039249031","overall","overall"
"2","cdm_gold_202512","observation_period_ordinal","all","overall","overall","Records per person","density_107","density_x","numeric","1","overall","overall"
"2","cdm_gold_202512","observation_period_ordinal","all","overall","overall","Records per person","density_107","density_y","numeric","12.4734039249031","overall","overall"
"2","cdm_gold_202512","observation_period_ordinal","all","overall","overall","Records per person","density_108","density_x","numeric","1","overall","overall"
"2","cdm_gold_202512","observation_period_ordinal","all","overall","overall","Records per person","density_108","density_y","numeric","12.4734039249031","overall","overall"
"2","cdm_gold_202512","observation_period_ordinal","all","overall","overall","Records per person","density_109","density_x","numeric","1","overall","overall"
"2","cdm_gold_202512","observation_period_ordinal","all","overall","overall","Records per person","density_109","density_y","numeric","12.4734039249031","overall","overall"
"2","cdm_gold_202512","observation_period_ordinal","all","overall","overall","Records per person","density_110","density_x","numeric","1","overall","overall"
"2","cdm_gold_202512","observation_period_ordinal","all","overall","overall","Records per person","density_110","density_y","numeric","12.4734039249031","overall","overall"
"2","cdm_gold_202512","observation_period_ordinal","all","overall","overall","Records per person","density_111","density_x","numeric","1","overall","overall"
"2","cdm_gold_202512","observation_period_ordinal","all","overall","overall","Records per person","density_111","density_y","numeric","12.4734039249031","overall","overall"
"2","cdm_gold_202512","observation_period_ordinal","all","overall","overall","Records per person","density_112","density_x","numeric","1","overall","overall"
"2","cdm_gold_202512","observation_period_ordinal","all","overall","overall","Records per person","density_112","density_y","numeric","12.4734039249031","overall","overall"
"2","cdm_gold_202512","observation_period_ordinal","all","overall","overall","Records per person","density_113","density_x","numeric","1","overall","overall"
"2","cdm_gold_202512","observation_period_ordinal","all","overall","overall","Records per person","density_113","density_y","numeric","12.4734039249031","overall","overall"
"2","cdm_gold_202512","observation_period_ordinal","all","overall","overall","Records per person","density_114","density_x","numeric","1","overall","overall"
"2","cdm_gold_202512","observation_period_ordinal","all","overall","overall","Records per person","density_114","density_y","numeric","12.4734039249031","overall","overall"
"2","cdm_gold_202512","observation_period_ordinal","all","overall","overall","Records per person","density_115","density_x","numeric","1","overall","overall"
"2","cdm_gold_202512","observation_period_ordinal","all","overall","overall","Records per person","density_115","density_y","numeric","12.4734039249031","overall","overall"
"2","cdm_gold_202512","observation_period_ordinal","all","overall","overall","Records per person","density_116","density_x","numeric","1","overall","overall"
"2","cdm_gold_202512","observation_period_ordinal","all","overall","overall","Records per person","density_116","density_y","numeric","12.4734039249031","overall","overall"
"2","cdm_gold_202512","observation_period_ordinal","all","overall","overall","Records per person","density_117","density_x","numeric","1","overall","overall"
"2","cdm_gold_202512","observation_period_ordinal","all","overall","overall","Records per person","density_117","density_y","numeric","12.4734039249031","overall","overall"
"2","cdm_gold_202512","observation_period_ordinal","all","overall","overall","Records per person","density_118","density_x","numeric","1","overall","overall"
"2","cdm_gold_202512","observation_period_ordinal","all","overall","overall","Records per person","density_118","density_y","numeric","12.4734039249031","overall","overall"
"2","cdm_gold_202512","observation_period_ordinal","all","overall","overall","Records per person","density_119","density_x","numeric","1","overall","overall"
"2","cdm_gold_202512","observation_period_ordinal","all","overall","overall","Records per person","density_119","density_y","numeric","12.4734039249031","overall","overall"
"2","cdm_gold_202512","observation_period_ordinal","all","overall","overall","Records per person","density_120","density_x","numeric","1","overall","overall"
"2","cdm_gold_202512","observation_period_ordinal","all","overall","overall","Records per person","density_120","density_y","numeric","12.4734039249031","overall","overall"
"2","cdm_gold_202512","observation_period_ordinal","all","overall","overall","Records per person","density_121","density_x","numeric","1","overall","overall"
"2","cdm_gold_202512","observation_period_ordinal","all","overall","overall","Records per person","density_121","density_y","numeric","12.4734039249031","overall","overall"
"2","cdm_gold_202512","observation_period_ordinal","all","overall","overall","Records per person","density_122","density_x","numeric","1","overall","overall"
"2","cdm_gold_202512","observation_period_ordinal","all","overall","overall","Records per person","density_122","density_y","numeric","12.4734039249031","overall","overall"
"2","cdm_gold_202512","observation_period_ordinal","all","overall","overall","Records per person","density_123","density_x","numeric","1","overall","overall"
"2","cdm_gold_202512","observation_period_ordinal","all","overall","overall","Records per person","density_123","density_y","numeric","12.4734039249031","overall","overall"
"2","cdm_gold_202512","observation_period_ordinal","all","overall","overall","Records per person","density_124","density_x","numeric","1","overall","overall"
"2","cdm_gold_202512","observation_period_ordinal","all","overall","overall","Records per person","density_124","density_y","numeric","12.4734039249031","overall","overall"
"2","cdm_gold_202512","observation_period_ordinal","all","overall","overall","Records per person","density_125","density_x","numeric","1","overall","overall"
"2","cdm_gold_202512","observation_period_ordinal","all","overall","overall","Records per person","density_125","density_y","numeric","12.4734039249031","overall","overall"
"2","cdm_gold_202512","observation_period_ordinal","all","overall","overall","Records per person","density_126","density_x","numeric","1","overall","overall"
"2","cdm_gold_202512","observation_period_ordinal","all","overall","overall","Records per person","density_126","density_y","numeric","12.4734039249031","overall","overall"
"2","cdm_gold_202512","observation_period_ordinal","all","overall","overall","Records per person","density_127","density_x","numeric","1","overall","overall"
"2","cdm_gold_202512","observation_period_ordinal","all","overall","overall","Records per person","density_127","density_y","numeric","12.4734039249031","overall","overall"
"2","cdm_gold_202512","observation_period_ordinal","all","overall","overall","Records per person","density_128","density_x","numeric","1","overall","overall"
"2","cdm_gold_202512","observation_period_ordinal","all","overall","overall","Records per person","density_128","density_y","numeric","12.4734039249031","overall","overall"
"2","cdm_gold_202512","observation_period_ordinal","all","overall","overall","Records per person","density_129","density_x","numeric","1","overall","overall"
"2","cdm_gold_202512","observation_period_ordinal","all","overall","overall","Records per person","density_129","density_y","numeric","12.4734039249031","overall","overall"
"2","cdm_gold_202512","observation_period_ordinal","all","overall","overall","Records per person","density_130","density_x","numeric","1","overall","overall"
"2","cdm_gold_202512","observation_period_ordinal","all","overall","overall","Records per person","density_130","density_y","numeric","12.4734039249031","overall","overall"
"2","cdm_gold_202512","observation_period_ordinal","all","overall","overall","Records per person","density_131","density_x","numeric","1","overall","overall"
"2","cdm_gold_202512","observation_period_ordinal","all","overall","overall","Records per person","density_131","density_y","numeric","12.4734039249031","overall","overall"
"2","cdm_gold_202512","observation_period_ordinal","all","overall","overall","Records per person","density_132","density_x","numeric","1","overall","overall"
"2","cdm_gold_202512","observation_period_ordinal","all","overall","overall","Records per person","density_132","density_y","numeric","12.4734039249031","overall","overall"
"2","cdm_gold_202512","observation_period_ordinal","all","overall","overall","Records per person","density_133","density_x","numeric","1","overall","overall"
"2","cdm_gold_202512","observation_period_ordinal","all","overall","overall","Records per person","density_133","density_y","numeric","12.4734039249031","overall","overall"
"2","cdm_gold_202512","observation_period_ordinal","all","overall","overall","Records per person","density_134","density_x","numeric","1","overall","overall"
"2","cdm_gold_202512","observation_period_ordinal","all","overall","overall","Records per person","density_134","density_y","numeric","12.4734039249031","overall","overall"
"2","cdm_gold_202512","observation_period_ordinal","all","overall","overall","Records per person","density_135","density_x","numeric","1","overall","overall"
"2","cdm_gold_202512","observation_period_ordinal","all","overall","overall","Records per person","density_135","density_y","numeric","12.4734039249031","overall","overall"
"2","cdm_gold_202512","observation_period_ordinal","all","overall","overall","Records per person","density_136","density_x","numeric","1","overall","overall"
"2","cdm_gold_202512","observation_period_ordinal","all","overall","overall","Records per person","density_136","density_y","numeric","12.4734039249031","overall","overall"
"2","cdm_gold_202512","observation_period_ordinal","all","overall","overall","Records per person","density_137","density_x","numeric","1","overall","overall"
"2","cdm_gold_202512","observation_period_ordinal","all","overall","overall","Records per person","density_137","density_y","numeric","12.4734039249031","overall","overall"
"2","cdm_gold_202512","observation_period_ordinal","all","overall","overall","Records per person","density_138","density_x","numeric","1","overall","overall"
"2","cdm_gold_202512","observation_period_ordinal","all","overall","overall","Records per person","density_138","density_y","numeric","12.4734039249031","overall","overall"
"2","cdm_gold_202512","observation_period_ordinal","all","overall","overall","Records per person","density_139","density_x","numeric","1","overall","overall"
"2","cdm_gold_202512","observation_period_ordinal","all","overall","overall","Records per person","density_139","density_y","numeric","12.4734039249031","overall","overall"
"2","cdm_gold_202512","observation_period_ordinal","all","overall","overall","Records per person","density_140","density_x","numeric","1","overall","overall"
"2","cdm_gold_202512","observation_period_ordinal","all","overall","overall","Records per person","density_140","density_y","numeric","12.4734039249031","overall","overall"
"2","cdm_gold_202512","observation_period_ordinal","all","overall","overall","Records per person","density_141","density_x","numeric","1","overall","overall"
"2","cdm_gold_202512","observation_period_ordinal","all","overall","overall","Records per person","density_141","density_y","numeric","12.4734039249031","overall","overall"
"2","cdm_gold_202512","observation_period_ordinal","all","overall","overall","Records per person","density_142","density_x","numeric","1","overall","overall"
"2","cdm_gold_202512","observation_period_ordinal","all","overall","overall","Records per person","density_142","density_y","numeric","12.4734039249031","overall","overall"
"2","cdm_gold_202512","observation_period_ordinal","all","overall","overall","Records per person","density_143","density_x","numeric","1","overall","overall"
"2","cdm_gold_202512","observation_period_ordinal","all","overall","overall","Records per person","density_143","density_y","numeric","12.4734039249031","overall","overall"
"2","cdm_gold_202512","observation_period_ordinal","all","overall","overall","Records per person","density_144","density_x","numeric","1","overall","overall"
"2","cdm_gold_202512","observation_period_ordinal","all","overall","overall","Records per person","density_144","density_y","numeric","12.4734039249031","overall","overall"
"2","cdm_gold_202512","observation_period_ordinal","all","overall","overall","Records per person","density_145","density_x","numeric","1","overall","overall"
"2","cdm_gold_202512","observation_period_ordinal","all","overall","overall","Records per person","density_145","density_y","numeric","12.4734039249031","overall","overall"
"2","cdm_gold_202512","observation_period_ordinal","all","overall","overall","Records per person","density_146","density_x","numeric","1","overall","overall"
"2","cdm_gold_202512","observation_period_ordinal","all","overall","overall","Records per person","density_146","density_y","numeric","12.4734039249031","overall","overall"
"2","cdm_gold_202512","observation_period_ordinal","all","overall","overall","Records per person","density_147","density_x","numeric","1","overall","overall"
"2","cdm_gold_202512","observation_period_ordinal","all","overall","overall","Records per person","density_147","density_y","numeric","12.4734039249031","overall","overall"
"2","cdm_gold_202512","observation_period_ordinal","all","overall","overall","Records per person","density_148","density_x","numeric","1","overall","overall"
"2","cdm_gold_202512","observation_period_ordinal","all","overall","overall","Records per person","density_148","density_y","numeric","12.4734039249031","overall","overall"
"2","cdm_gold_202512","observation_period_ordinal","all","overall","overall","Records per person","density_149","density_x","numeric","1","overall","overall"
"2","cdm_gold_202512","observation_period_ordinal","all","overall","overall","Records per person","density_149","density_y","numeric","12.4734039249031","overall","overall"
"2","cdm_gold_202512","observation_period_ordinal","all","overall","overall","Records per person","density_150","density_x","numeric","1","overall","overall"
"2","cdm_gold_202512","observation_period_ordinal","all","overall","overall","Records per person","density_150","density_y","numeric","12.4734039249031","overall","overall"
"2","cdm_gold_202512","observation_period_ordinal","all","overall","overall","Records per person","density_151","density_x","numeric","1","overall","overall"
"2","cdm_gold_202512","observation_period_ordinal","all","overall","overall","Records per person","density_151","density_y","numeric","12.4734039249031","overall","overall"
"2","cdm_gold_202512","observation_period_ordinal","all","overall","overall","Records per person","density_152","density_x","numeric","1","overall","overall"
"2","cdm_gold_202512","observation_period_ordinal","all","overall","overall","Records per person","density_152","density_y","numeric","12.4734039249031","overall","overall"
"2","cdm_gold_202512","observation_period_ordinal","all","overall","overall","Records per person","density_153","density_x","numeric","1","overall","overall"
"2","cdm_gold_202512","observation_period_ordinal","all","overall","overall","Records per person","density_153","density_y","numeric","12.4734039249031","overall","overall"
"2","cdm_gold_202512","observation_period_ordinal","all","overall","overall","Records per person","density_154","density_x","numeric","1","overall","overall"
"2","cdm_gold_202512","observation_period_ordinal","all","overall","overall","Records per person","density_154","density_y","numeric","12.4734039249031","overall","overall"
"2","cdm_gold_202512","observation_period_ordinal","all","overall","overall","Records per person","density_155","density_x","numeric","1","overall","overall"
"2","cdm_gold_202512","observation_period_ordinal","all","overall","overall","Records per person","density_155","density_y","numeric","12.4734039249031","overall","overall"
"2","cdm_gold_202512","observation_period_ordinal","all","overall","overall","Records per person","density_156","density_x","numeric","1","overall","overall"
"2","cdm_gold_202512","observation_period_ordinal","all","overall","overall","Records per person","density_156","density_y","numeric","12.4734039249031","overall","overall"
"2","cdm_gold_202512","observation_period_ordinal","all","overall","overall","Records per person","density_157","density_x","numeric","1","overall","overall"
"2","cdm_gold_202512","observation_period_ordinal","all","overall","overall","Records per person","density_157","density_y","numeric","12.4734039249031","overall","overall"
"2","cdm_gold_202512","observation_period_ordinal","all","overall","overall","Records per person","density_158","density_x","numeric","1","overall","overall"
"2","cdm_gold_202512","observation_period_ordinal","all","overall","overall","Records per person","density_158","density_y","numeric","12.4734039249031","overall","overall"
"2","cdm_gold_202512","observation_period_ordinal","all","overall","overall","Records per person","density_159","density_x","numeric","1","overall","overall"
"2","cdm_gold_202512","observation_period_ordinal","all","overall","overall","Records per person","density_159","density_y","numeric","12.4734039249031","overall","overall"
"2","cdm_gold_202512","observation_period_ordinal","all","overall","overall","Records per person","density_160","density_x","numeric","1","overall","overall"
"2","cdm_gold_202512","observation_period_ordinal","all","overall","overall","Records per person","density_160","density_y","numeric","12.4734039249031","overall","overall"
"2","cdm_gold_202512","observation_period_ordinal","all","overall","overall","Records per person","density_161","density_x","numeric","1","overall","overall"
"2","cdm_gold_202512","observation_period_ordinal","all","overall","overall","Records per person","density_161","density_y","numeric","12.4734039249031","overall","overall"
"2","cdm_gold_202512","observation_period_ordinal","all","overall","overall","Records per person","density_162","density_x","numeric","1","overall","overall"
"2","cdm_gold_202512","observation_period_ordinal","all","overall","overall","Records per person","density_162","density_y","numeric","12.4734039249031","overall","overall"
"2","cdm_gold_202512","observation_period_ordinal","all","overall","overall","Records per person","density_163","density_x","numeric","1","overall","overall"
"2","cdm_gold_202512","observation_period_ordinal","all","overall","overall","Records per person","density_163","density_y","numeric","12.4734039249031","overall","overall"
"2","cdm_gold_202512","observation_period_ordinal","all","overall","overall","Records per person","density_164","density_x","numeric","1","overall","overall"
"2","cdm_gold_202512","observation_period_ordinal","all","overall","overall","Records per person","density_164","density_y","numeric","12.4734039249031","overall","overall"
"2","cdm_gold_202512","observation_period_ordinal","all","overall","overall","Records per person","density_165","density_x","numeric","1","overall","overall"
"2","cdm_gold_202512","observation_period_ordinal","all","overall","overall","Records per person","density_165","density_y","numeric","12.4734039249031","overall","overall"
"2","cdm_gold_202512","observation_period_ordinal","all","overall","overall","Records per person","density_166","density_x","numeric","1","overall","overall"
"2","cdm_gold_202512","observation_period_ordinal","all","overall","overall","Records per person","density_166","density_y","numeric","12.4734039249031","overall","overall"
"2","cdm_gold_202512","observation_period_ordinal","all","overall","overall","Records per person","density_167","density_x","numeric","1","overall","overall"
"2","cdm_gold_202512","observation_period_ordinal","all","overall","overall","Records per person","density_167","density_y","numeric","12.4734039249031","overall","overall"
"2","cdm_gold_202512","observation_period_ordinal","all","overall","overall","Records per person","density_168","density_x","numeric","1","overall","overall"
"2","cdm_gold_202512","observation_period_ordinal","all","overall","overall","Records per person","density_168","density_y","numeric","12.4734039249031","overall","overall"
"2","cdm_gold_202512","observation_period_ordinal","all","overall","overall","Records per person","density_169","density_x","numeric","1","overall","overall"
"2","cdm_gold_202512","observation_period_ordinal","all","overall","overall","Records per person","density_169","density_y","numeric","12.4734039249031","overall","overall"
"2","cdm_gold_202512","observation_period_ordinal","all","overall","overall","Records per person","density_170","density_x","numeric","1","overall","overall"
"2","cdm_gold_202512","observation_period_ordinal","all","overall","overall","Records per person","density_170","density_y","numeric","12.4734039249031","overall","overall"
"2","cdm_gold_202512","observation_period_ordinal","all","overall","overall","Records per person","density_171","density_x","numeric","1","overall","overall"
"2","cdm_gold_202512","observation_period_ordinal","all","overall","overall","Records per person","density_171","density_y","numeric","12.4734039249031","overall","overall"
"2","cdm_gold_202512","observation_period_ordinal","all","overall","overall","Records per person","density_172","density_x","numeric","1","overall","overall"
"2","cdm_gold_202512","observation_period_ordinal","all","overall","overall","Records per person","density_172","density_y","numeric","12.4734039249031","overall","overall"
"2","cdm_gold_202512","observation_period_ordinal","all","overall","overall","Records per person","density_173","density_x","numeric","1","overall","overall"
"2","cdm_gold_202512","observation_period_ordinal","all","overall","overall","Records per person","density_173","density_y","numeric","12.4734039249031","overall","overall"
"2","cdm_gold_202512","observation_period_ordinal","all","overall","overall","Records per person","density_174","density_x","numeric","1","overall","overall"
"2","cdm_gold_202512","observation_period_ordinal","all","overall","overall","Records per person","density_174","density_y","numeric","12.4734039249031","overall","overall"
"2","cdm_gold_202512","observation_period_ordinal","all","overall","overall","Records per person","density_175","density_x","numeric","1","overall","overall"
"2","cdm_gold_202512","observation_period_ordinal","all","overall","overall","Records per person","density_175","density_y","numeric","12.4734039249031","overall","overall"
"2","cdm_gold_202512","observation_period_ordinal","all","overall","overall","Records per person","density_176","density_x","numeric","1","overall","overall"
"2","cdm_gold_202512","observation_period_ordinal","all","overall","overall","Records per person","density_176","density_y","numeric","12.4734039249031","overall","overall"
"2","cdm_gold_202512","observation_period_ordinal","all","overall","overall","Records per person","density_177","density_x","numeric","1","overall","overall"
"2","cdm_gold_202512","observation_period_ordinal","all","overall","overall","Records per person","density_177","density_y","numeric","12.4734039249031","overall","overall"
"2","cdm_gold_202512","observation_period_ordinal","all","overall","overall","Records per person","density_178","density_x","numeric","1","overall","overall"
"2","cdm_gold_202512","observation_period_ordinal","all","overall","overall","Records per person","density_178","density_y","numeric","12.4734039249031","overall","overall"
"2","cdm_gold_202512","observation_period_ordinal","all","overall","overall","Records per person","density_179","density_x","numeric","1","overall","overall"
"2","cdm_gold_202512","observation_period_ordinal","all","overall","overall","Records per person","density_179","density_y","numeric","12.4734039249031","overall","overall"
"2","cdm_gold_202512","observation_period_ordinal","all","overall","overall","Records per person","density_180","density_x","numeric","1","overall","overall"
"2","cdm_gold_202512","observation_period_ordinal","all","overall","overall","Records per person","density_180","density_y","numeric","12.4734039249031","overall","overall"
"2","cdm_gold_202512","observation_period_ordinal","all","overall","overall","Records per person","density_181","density_x","numeric","1","overall","overall"
"2","cdm_gold_202512","observation_period_ordinal","all","overall","overall","Records per person","density_181","density_y","numeric","12.4734039249031","overall","overall"
"2","cdm_gold_202512","observation_period_ordinal","all","overall","overall","Records per person","density_182","density_x","numeric","1","overall","overall"
"2","cdm_gold_202512","observation_period_ordinal","all","overall","overall","Records per person","density_182","density_y","numeric","12.4734039249031","overall","overall"
"2","cdm_gold_202512","observation_period_ordinal","all","overall","overall","Records per person","density_183","density_x","numeric","1","overall","overall"
"2","cdm_gold_202512","observation_period_ordinal","all","overall","overall","Records per person","density_183","density_y","numeric","12.4734039249031","overall","overall"
"2","cdm_gold_202512","observation_period_ordinal","all","overall","overall","Records per person","density_184","density_x","numeric","1","overall","overall"
"2","cdm_gold_202512","observation_period_ordinal","all","overall","overall","Records per person","density_184","density_y","numeric","12.4734039249031","overall","overall"
"2","cdm_gold_202512","observation_period_ordinal","all","overall","overall","Records per person","density_185","density_x","numeric","1","overall","overall"
"2","cdm_gold_202512","observation_period_ordinal","all","overall","overall","Records per person","density_185","density_y","numeric","12.4734039249031","overall","overall"
"2","cdm_gold_202512","observation_period_ordinal","all","overall","overall","Records per person","density_186","density_x","numeric","1","overall","overall"
"2","cdm_gold_202512","observation_period_ordinal","all","overall","overall","Records per person","density_186","density_y","numeric","12.4734039249031","overall","overall"
"2","cdm_gold_202512","observation_period_ordinal","all","overall","overall","Records per person","density_187","density_x","numeric","1","overall","overall"
"2","cdm_gold_202512","observation_period_ordinal","all","overall","overall","Records per person","density_187","density_y","numeric","12.4734039249031","overall","overall"
"2","cdm_gold_202512","observation_period_ordinal","all","overall","overall","Records per person","density_188","density_x","numeric","1","overall","overall"
"2","cdm_gold_202512","observation_period_ordinal","all","overall","overall","Records per person","density_188","density_y","numeric","12.4734039249031","overall","overall"
"2","cdm_gold_202512","observation_period_ordinal","all","overall","overall","Records per person","density_189","density_x","numeric","1","overall","overall"
"2","cdm_gold_202512","observation_period_ordinal","all","overall","overall","Records per person","density_189","density_y","numeric","12.4734039249031","overall","overall"
"2","cdm_gold_202512","observation_period_ordinal","all","overall","overall","Records per person","density_190","density_x","numeric","1","overall","overall"
"2","cdm_gold_202512","observation_period_ordinal","all","overall","overall","Records per person","density_190","density_y","numeric","12.4734039249031","overall","overall"
"2","cdm_gold_202512","observation_period_ordinal","all","overall","overall","Records per person","density_191","density_x","numeric","1","overall","overall"
"2","cdm_gold_202512","observation_period_ordinal","all","overall","overall","Records per person","density_191","density_y","numeric","12.4734039249031","overall","overall"
"2","cdm_gold_202512","observation_period_ordinal","all","overall","overall","Records per person","density_192","density_x","numeric","1","overall","overall"
"2","cdm_gold_202512","observation_period_ordinal","all","overall","overall","Records per person","density_192","density_y","numeric","12.4734039249031","overall","overall"
"2","cdm_gold_202512","observation_period_ordinal","all","overall","overall","Records per person","density_193","density_x","numeric","1","overall","overall"
"2","cdm_gold_202512","observation_period_ordinal","all","overall","overall","Records per person","density_193","density_y","numeric","12.4734039249031","overall","overall"
"2","cdm_gold_202512","observation_period_ordinal","all","overall","overall","Records per person","density_194","density_x","numeric","1","overall","overall"
"2","cdm_gold_202512","observation_period_ordinal","all","overall","overall","Records per person","density_194","density_y","numeric","12.4734039249031","overall","overall"
"2","cdm_gold_202512","observation_period_ordinal","all","overall","overall","Records per person","density_195","density_x","numeric","1","overall","overall"
"2","cdm_gold_202512","observation_period_ordinal","all","overall","overall","Records per person","density_195","density_y","numeric","12.4734039249031","overall","overall"
"2","cdm_gold_202512","observation_period_ordinal","all","overall","overall","Records per person","density_196","density_x","numeric","1","overall","overall"
"2","cdm_gold_202512","observation_period_ordinal","all","overall","overall","Records per person","density_196","density_y","numeric","12.4734039249031","overall","overall"
"2","cdm_gold_202512","observation_period_ordinal","all","overall","overall","Records per person","density_197","density_x","numeric","1","overall","overall"
"2","cdm_gold_202512","observation_period_ordinal","all","overall","overall","Records per person","density_197","density_y","numeric","12.4734039249031","overall","overall"
"2","cdm_gold_202512","observation_period_ordinal","all","overall","overall","Records per person","density_198","density_x","numeric","1","overall","overall"
"2","cdm_gold_202512","observation_period_ordinal","all","overall","overall","Records per person","density_198","density_y","numeric","12.4734039249031","overall","overall"
"2","cdm_gold_202512","observation_period_ordinal","all","overall","overall","Records per person","density_199","density_x","numeric","1","overall","overall"
"2","cdm_gold_202512","observation_period_ordinal","all","overall","overall","Records per person","density_199","density_y","numeric","12.4734039249031","overall","overall"
"2","cdm_gold_202512","observation_period_ordinal","all","overall","overall","Records per person","density_200","density_x","numeric","1","overall","overall"
"2","cdm_gold_202512","observation_period_ordinal","all","overall","overall","Records per person","density_200","density_y","numeric","12.4734039249031","overall","overall"
"2","cdm_gold_202512","observation_period_ordinal","all","overall","overall","Records per person","density_201","density_x","numeric","1","overall","overall"
"2","cdm_gold_202512","observation_period_ordinal","all","overall","overall","Records per person","density_201","density_y","numeric","12.4734039249031","overall","overall"
"2","cdm_gold_202512","observation_period_ordinal","all","overall","overall","Records per person","density_202","density_x","numeric","1","overall","overall"
"2","cdm_gold_202512","observation_period_ordinal","all","overall","overall","Records per person","density_202","density_y","numeric","12.4734039249031","overall","overall"
"2","cdm_gold_202512","observation_period_ordinal","all","overall","overall","Records per person","density_203","density_x","numeric","1","overall","overall"
"2","cdm_gold_202512","observation_period_ordinal","all","overall","overall","Records per person","density_203","density_y","numeric","12.4734039249031","overall","overall"
"2","cdm_gold_202512","observation_period_ordinal","all","overall","overall","Records per person","density_204","density_x","numeric","1","overall","overall"
"2","cdm_gold_202512","observation_period_ordinal","all","overall","overall","Records per person","density_204","density_y","numeric","12.4734039249031","overall","overall"
"2","cdm_gold_202512","observation_period_ordinal","all","overall","overall","Records per person","density_205","density_x","numeric","1","overall","overall"
"2","cdm_gold_202512","observation_period_ordinal","all","overall","overall","Records per person","density_205","density_y","numeric","12.4734039249031","overall","overall"
"2","cdm_gold_202512","observation_period_ordinal","all","overall","overall","Records per person","density_206","density_x","numeric","1","overall","overall"
"2","cdm_gold_202512","observation_period_ordinal","all","overall","overall","Records per person","density_206","density_y","numeric","12.4734039249031","overall","overall"
"2","cdm_gold_202512","observation_period_ordinal","all","overall","overall","Records per person","density_207","density_x","numeric","1","overall","overall"
"2","cdm_gold_202512","observation_period_ordinal","all","overall","overall","Records per person","density_207","density_y","numeric","12.4734039249031","overall","overall"
"2","cdm_gold_202512","observation_period_ordinal","all","overall","overall","Records per person","density_208","density_x","numeric","1","overall","overall"
"2","cdm_gold_202512","observation_period_ordinal","all","overall","overall","Records per person","density_208","density_y","numeric","12.4734039249031","overall","overall"
"2","cdm_gold_202512","observation_period_ordinal","all","overall","overall","Records per person","density_209","density_x","numeric","1","overall","overall"
"2","cdm_gold_202512","observation_period_ordinal","all","overall","overall","Records per person","density_209","density_y","numeric","12.4734039249031","overall","overall"
"2","cdm_gold_202512","observation_period_ordinal","all","overall","overall","Records per person","density_210","density_x","numeric","1","overall","overall"
"2","cdm_gold_202512","observation_period_ordinal","all","overall","overall","Records per person","density_210","density_y","numeric","12.4734039249031","overall","overall"
"2","cdm_gold_202512","observation_period_ordinal","all","overall","overall","Records per person","density_211","density_x","numeric","1","overall","overall"
"2","cdm_gold_202512","observation_period_ordinal","all","overall","overall","Records per person","density_211","density_y","numeric","12.4734039249031","overall","overall"
"2","cdm_gold_202512","observation_period_ordinal","all","overall","overall","Records per person","density_212","density_x","numeric","1","overall","overall"
"2","cdm_gold_202512","observation_period_ordinal","all","overall","overall","Records per person","density_212","density_y","numeric","12.4734039249031","overall","overall"
"2","cdm_gold_202512","observation_period_ordinal","all","overall","overall","Records per person","density_213","density_x","numeric","1","overall","overall"
"2","cdm_gold_202512","observation_period_ordinal","all","overall","overall","Records per person","density_213","density_y","numeric","12.4734039249031","overall","overall"
"2","cdm_gold_202512","observation_period_ordinal","all","overall","overall","Records per person","density_214","density_x","numeric","1","overall","overall"
"2","cdm_gold_202512","observation_period_ordinal","all","overall","overall","Records per person","density_214","density_y","numeric","12.4734039249031","overall","overall"
"2","cdm_gold_202512","observation_period_ordinal","all","overall","overall","Records per person","density_215","density_x","numeric","1","overall","overall"
"2","cdm_gold_202512","observation_period_ordinal","all","overall","overall","Records per person","density_215","density_y","numeric","12.4734039249031","overall","overall"
"2","cdm_gold_202512","observation_period_ordinal","all","overall","overall","Records per person","density_216","density_x","numeric","1","overall","overall"
"2","cdm_gold_202512","observation_period_ordinal","all","overall","overall","Records per person","density_216","density_y","numeric","12.4734039249031","overall","overall"
"2","cdm_gold_202512","observation_period_ordinal","all","overall","overall","Records per person","density_217","density_x","numeric","1","overall","overall"
"2","cdm_gold_202512","observation_period_ordinal","all","overall","overall","Records per person","density_217","density_y","numeric","12.4734039249031","overall","overall"
"2","cdm_gold_202512","observation_period_ordinal","all","overall","overall","Records per person","density_218","density_x","numeric","1","overall","overall"
"2","cdm_gold_202512","observation_period_ordinal","all","overall","overall","Records per person","density_218","density_y","numeric","12.4734039249031","overall","overall"
"2","cdm_gold_202512","observation_period_ordinal","all","overall","overall","Records per person","density_219","density_x","numeric","1","overall","overall"
"2","cdm_gold_202512","observation_period_ordinal","all","overall","overall","Records per person","density_219","density_y","numeric","12.4734039249031","overall","overall"
"2","cdm_gold_202512","observation_period_ordinal","all","overall","overall","Records per person","density_220","density_x","numeric","1","overall","overall"
"2","cdm_gold_202512","observation_period_ordinal","all","overall","overall","Records per person","density_220","density_y","numeric","12.4734039249031","overall","overall"
"2","cdm_gold_202512","observation_period_ordinal","all","overall","overall","Records per person","density_221","density_x","numeric","1","overall","overall"
"2","cdm_gold_202512","observation_period_ordinal","all","overall","overall","Records per person","density_221","density_y","numeric","12.4734039249031","overall","overall"
"2","cdm_gold_202512","observation_period_ordinal","all","overall","overall","Records per person","density_222","density_x","numeric","1","overall","overall"
"2","cdm_gold_202512","observation_period_ordinal","all","overall","overall","Records per person","density_222","density_y","numeric","12.4734039249031","overall","overall"
"2","cdm_gold_202512","observation_period_ordinal","all","overall","overall","Records per person","density_223","density_x","numeric","1","overall","overall"
"2","cdm_gold_202512","observation_period_ordinal","all","overall","overall","Records per person","density_223","density_y","numeric","12.4734039249031","overall","overall"
"2","cdm_gold_202512","observation_period_ordinal","all","overall","overall","Records per person","density_224","density_x","numeric","1","overall","overall"
"2","cdm_gold_202512","observation_period_ordinal","all","overall","overall","Records per person","density_224","density_y","numeric","12.4734039249031","overall","overall"
"2","cdm_gold_202512","observation_period_ordinal","all","overall","overall","Records per person","density_225","density_x","numeric","1","overall","overall"
"2","cdm_gold_202512","observation_period_ordinal","all","overall","overall","Records per person","density_225","density_y","numeric","12.4734039249031","overall","overall"
"2","cdm_gold_202512","observation_period_ordinal","all","overall","overall","Records per person","density_226","density_x","numeric","1","overall","overall"
"2","cdm_gold_202512","observation_period_ordinal","all","overall","overall","Records per person","density_226","density_y","numeric","12.4734039249031","overall","overall"
"2","cdm_gold_202512","observation_period_ordinal","all","overall","overall","Records per person","density_227","density_x","numeric","1","overall","overall"
"2","cdm_gold_202512","observation_period_ordinal","all","overall","overall","Records per person","density_227","density_y","numeric","12.4734039249031","overall","overall"
"2","cdm_gold_202512","observation_period_ordinal","all","overall","overall","Records per person","density_228","density_x","numeric","1","overall","overall"
"2","cdm_gold_202512","observation_period_ordinal","all","overall","overall","Records per person","density_228","density_y","numeric","12.4734039249031","overall","overall"
"2","cdm_gold_202512","observation_period_ordinal","all","overall","overall","Records per person","density_229","density_x","numeric","1","overall","overall"
"2","cdm_gold_202512","observation_period_ordinal","all","overall","overall","Records per person","density_229","density_y","numeric","12.4734039249031","overall","overall"
"2","cdm_gold_202512","observation_period_ordinal","all","overall","overall","Records per person","density_230","density_x","numeric","1","overall","overall"
"2","cdm_gold_202512","observation_period_ordinal","all","overall","overall","Records per person","density_230","density_y","numeric","12.4734039249031","overall","overall"
"2","cdm_gold_202512","observation_period_ordinal","all","overall","overall","Records per person","density_231","density_x","numeric","1","overall","overall"
"2","cdm_gold_202512","observation_period_ordinal","all","overall","overall","Records per person","density_231","density_y","numeric","12.4734039249031","overall","overall"
"2","cdm_gold_202512","observation_period_ordinal","all","overall","overall","Records per person","density_232","density_x","numeric","1","overall","overall"
"2","cdm_gold_202512","observation_period_ordinal","all","overall","overall","Records per person","density_232","density_y","numeric","12.4734039249031","overall","overall"
"2","cdm_gold_202512","observation_period_ordinal","all","overall","overall","Records per person","density_233","density_x","numeric","1","overall","overall"
"2","cdm_gold_202512","observation_period_ordinal","all","overall","overall","Records per person","density_233","density_y","numeric","12.4734039249031","overall","overall"
"2","cdm_gold_202512","observation_period_ordinal","all","overall","overall","Records per person","density_234","density_x","numeric","1","overall","overall"
"2","cdm_gold_202512","observation_period_ordinal","all","overall","overall","Records per person","density_234","density_y","numeric","12.4734039249031","overall","overall"
"2","cdm_gold_202512","observation_period_ordinal","all","overall","overall","Records per person","density_235","density_x","numeric","1","overall","overall"
"2","cdm_gold_202512","observation_period_ordinal","all","overall","overall","Records per person","density_235","density_y","numeric","12.4734039249031","overall","overall"
"2","cdm_gold_202512","observation_period_ordinal","all","overall","overall","Records per person","density_236","density_x","numeric","1","overall","overall"
"2","cdm_gold_202512","observation_period_ordinal","all","overall","overall","Records per person","density_236","density_y","numeric","12.4734039249031","overall","overall"
"2","cdm_gold_202512","observation_period_ordinal","all","overall","overall","Records per person","density_237","density_x","numeric","1","overall","overall"
"2","cdm_gold_202512","observation_period_ordinal","all","overall","overall","Records per person","density_237","density_y","numeric","12.4734039249031","overall","overall"
"2","cdm_gold_202512","observation_period_ordinal","all","overall","overall","Records per person","density_238","density_x","numeric","1","overall","overall"
"2","cdm_gold_202512","observation_period_ordinal","all","overall","overall","Records per person","density_238","density_y","numeric","12.4734039249031","overall","overall"
"2","cdm_gold_202512","observation_period_ordinal","all","overall","overall","Records per person","density_239","density_x","numeric","1","overall","overall"
"2","cdm_gold_202512","observation_period_ordinal","all","overall","overall","Records per person","density_239","density_y","numeric","12.4734039249031","overall","overall"
"2","cdm_gold_202512","observation_period_ordinal","all","overall","overall","Records per person","density_240","density_x","numeric","1","overall","overall"
"2","cdm_gold_202512","observation_period_ordinal","all","overall","overall","Records per person","density_240","density_y","numeric","12.4734039249031","overall","overall"
"2","cdm_gold_202512","observation_period_ordinal","all","overall","overall","Records per person","density_241","density_x","numeric","1","overall","overall"
"2","cdm_gold_202512","observation_period_ordinal","all","overall","overall","Records per person","density_241","density_y","numeric","12.4734039249031","overall","overall"
"2","cdm_gold_202512","observation_period_ordinal","all","overall","overall","Records per person","density_242","density_x","numeric","1","overall","overall"
"2","cdm_gold_202512","observation_period_ordinal","all","overall","overall","Records per person","density_242","density_y","numeric","12.4734039249031","overall","overall"
"2","cdm_gold_202512","observation_period_ordinal","all","overall","overall","Records per person","density_243","density_x","numeric","1","overall","overall"
"2","cdm_gold_202512","observation_period_ordinal","all","overall","overall","Records per person","density_243","density_y","numeric","12.4734039249031","overall","overall"
"2","cdm_gold_202512","observation_period_ordinal","all","overall","overall","Records per person","density_244","density_x","numeric","1","overall","overall"
"2","cdm_gold_202512","observation_period_ordinal","all","overall","overall","Records per person","density_244","density_y","numeric","12.4734039249031","overall","overall"
"2","cdm_gold_202512","observation_period_ordinal","all","overall","overall","Records per person","density_245","density_x","numeric","1","overall","overall"
"2","cdm_gold_202512","observation_period_ordinal","all","overall","overall","Records per person","density_245","density_y","numeric","12.4734039249031","overall","overall"
"2","cdm_gold_202512","observation_period_ordinal","all","overall","overall","Records per person","density_246","density_x","numeric","1","overall","overall"
"2","cdm_gold_202512","observation_period_ordinal","all","overall","overall","Records per person","density_246","density_y","numeric","12.4734039249031","overall","overall"
"2","cdm_gold_202512","observation_period_ordinal","all","overall","overall","Records per person","density_247","density_x","numeric","1","overall","overall"
"2","cdm_gold_202512","observation_period_ordinal","all","overall","overall","Records per person","density_247","density_y","numeric","12.4734039249031","overall","overall"
"2","cdm_gold_202512","observation_period_ordinal","all","overall","overall","Records per person","density_248","density_x","numeric","1","overall","overall"
"2","cdm_gold_202512","observation_period_ordinal","all","overall","overall","Records per person","density_248","density_y","numeric","12.4734039249031","overall","overall"
"2","cdm_gold_202512","observation_period_ordinal","all","overall","overall","Records per person","density_249","density_x","numeric","1","overall","overall"
"2","cdm_gold_202512","observation_period_ordinal","all","overall","overall","Records per person","density_249","density_y","numeric","12.4734039249031","overall","overall"
"2","cdm_gold_202512","observation_period_ordinal","all","overall","overall","Records per person","density_250","density_x","numeric","1","overall","overall"
"2","cdm_gold_202512","observation_period_ordinal","all","overall","overall","Records per person","density_250","density_y","numeric","12.4734039249031","overall","overall"
"2","cdm_gold_202512","observation_period_ordinal","all","overall","overall","Records per person","density_251","density_x","numeric","1","overall","overall"
"2","cdm_gold_202512","observation_period_ordinal","all","overall","overall","Records per person","density_251","density_y","numeric","12.4734039249031","overall","overall"
"2","cdm_gold_202512","observation_period_ordinal","all","overall","overall","Records per person","density_252","density_x","numeric","1","overall","overall"
"2","cdm_gold_202512","observation_period_ordinal","all","overall","overall","Records per person","density_252","density_y","numeric","12.4734039249031","overall","overall"
"2","cdm_gold_202512","observation_period_ordinal","all","overall","overall","Records per person","density_253","density_x","numeric","1","overall","overall"
"2","cdm_gold_202512","observation_period_ordinal","all","overall","overall","Records per person","density_253","density_y","numeric","12.4734039249031","overall","overall"
"2","cdm_gold_202512","observation_period_ordinal","all","overall","overall","Records per person","density_254","density_x","numeric","1","overall","overall"
"2","cdm_gold_202512","observation_period_ordinal","all","overall","overall","Records per person","density_254","density_y","numeric","12.4734039249031","overall","overall"
"2","cdm_gold_202512","observation_period_ordinal","all","overall","overall","Records per person","density_255","density_x","numeric","1","overall","overall"
"2","cdm_gold_202512","observation_period_ordinal","all","overall","overall","Records per person","density_255","density_y","numeric","12.4734039249031","overall","overall"
"2","cdm_gold_202512","observation_period_ordinal","all","overall","overall","Records per person","density_256","density_x","numeric","1","overall","overall"
"2","cdm_gold_202512","observation_period_ordinal","all","overall","overall","Records per person","density_256","density_y","numeric","12.4734039249031","overall","overall"
"2","cdm_gold_202512","observation_period_ordinal","all","overall","overall","Records per person","density_257","density_x","numeric","1","overall","overall"
"2","cdm_gold_202512","observation_period_ordinal","all","overall","overall","Records per person","density_257","density_y","numeric","12.4734039249031","overall","overall"
"2","cdm_gold_202512","observation_period_ordinal","all","overall","overall","Records per person","density_258","density_x","numeric","1","overall","overall"
"2","cdm_gold_202512","observation_period_ordinal","all","overall","overall","Records per person","density_258","density_y","numeric","12.4734039249031","overall","overall"
"2","cdm_gold_202512","observation_period_ordinal","all","overall","overall","Records per person","density_259","density_x","numeric","1","overall","overall"
"2","cdm_gold_202512","observation_period_ordinal","all","overall","overall","Records per person","density_259","density_y","numeric","12.4734039249031","overall","overall"
"2","cdm_gold_202512","observation_period_ordinal","all","overall","overall","Records per person","density_260","density_x","numeric","1","overall","overall"
"2","cdm_gold_202512","observation_period_ordinal","all","overall","overall","Records per person","density_260","density_y","numeric","12.4734039249031","overall","overall"
"2","cdm_gold_202512","observation_period_ordinal","all","overall","overall","Records per person","density_261","density_x","numeric","1","overall","overall"
"2","cdm_gold_202512","observation_period_ordinal","all","overall","overall","Records per person","density_261","density_y","numeric","12.4734039249031","overall","overall"
"2","cdm_gold_202512","observation_period_ordinal","all","overall","overall","Records per person","density_262","density_x","numeric","1","overall","overall"
"2","cdm_gold_202512","observation_period_ordinal","all","overall","overall","Records per person","density_262","density_y","numeric","12.4734039249031","overall","overall"
"2","cdm_gold_202512","observation_period_ordinal","all","overall","overall","Records per person","density_263","density_x","numeric","1","overall","overall"
"2","cdm_gold_202512","observation_period_ordinal","all","overall","overall","Records per person","density_263","density_y","numeric","12.4734039249031","overall","overall"
"2","cdm_gold_202512","observation_period_ordinal","all","overall","overall","Records per person","density_264","density_x","numeric","1","overall","overall"
"2","cdm_gold_202512","observation_period_ordinal","all","overall","overall","Records per person","density_264","density_y","numeric","12.4734039249031","overall","overall"
"2","cdm_gold_202512","observation_period_ordinal","all","overall","overall","Records per person","density_265","density_x","numeric","1","overall","overall"
"2","cdm_gold_202512","observation_period_ordinal","all","overall","overall","Records per person","density_265","density_y","numeric","12.4734039249031","overall","overall"
"2","cdm_gold_202512","observation_period_ordinal","all","overall","overall","Records per person","density_266","density_x","numeric","1","overall","overall"
"2","cdm_gold_202512","observation_period_ordinal","all","overall","overall","Records per person","density_266","density_y","numeric","12.4734039249031","overall","overall"
"2","cdm_gold_202512","observation_period_ordinal","all","overall","overall","Records per person","density_267","density_x","numeric","1","overall","overall"
"2","cdm_gold_202512","observation_period_ordinal","all","overall","overall","Records per person","density_267","density_y","numeric","12.4734039249031","overall","overall"
"2","cdm_gold_202512","observation_period_ordinal","all","overall","overall","Records per person","density_268","density_x","numeric","1","overall","overall"
"2","cdm_gold_202512","observation_period_ordinal","all","overall","overall","Records per person","density_268","density_y","numeric","12.4734039249031","overall","overall"
"2","cdm_gold_202512","observation_period_ordinal","all","overall","overall","Records per person","density_269","density_x","numeric","1","overall","overall"
"2","cdm_gold_202512","observation_period_ordinal","all","overall","overall","Records per person","density_269","density_y","numeric","12.4734039249031","overall","overall"
"2","cdm_gold_202512","observation_period_ordinal","all","overall","overall","Records per person","density_270","density_x","numeric","1","overall","overall"
"2","cdm_gold_202512","observation_period_ordinal","all","overall","overall","Records per person","density_270","density_y","numeric","12.4734039249031","overall","overall"
"2","cdm_gold_202512","observation_period_ordinal","all","overall","overall","Records per person","density_271","density_x","numeric","1","overall","overall"
"2","cdm_gold_202512","observation_period_ordinal","all","overall","overall","Records per person","density_271","density_y","numeric","12.4734039249031","overall","overall"
"2","cdm_gold_202512","observation_period_ordinal","all","overall","overall","Records per person","density_272","density_x","numeric","1","overall","overall"
"2","cdm_gold_202512","observation_period_ordinal","all","overall","overall","Records per person","density_272","density_y","numeric","12.4734039249031","overall","overall"
"2","cdm_gold_202512","observation_period_ordinal","all","overall","overall","Records per person","density_273","density_x","numeric","1","overall","overall"
"2","cdm_gold_202512","observation_period_ordinal","all","overall","overall","Records per person","density_273","density_y","numeric","12.4734039249031","overall","overall"
"2","cdm_gold_202512","observation_period_ordinal","all","overall","overall","Records per person","density_274","density_x","numeric","1","overall","overall"
"2","cdm_gold_202512","observation_period_ordinal","all","overall","overall","Records per person","density_274","density_y","numeric","12.4734039249031","overall","overall"
"2","cdm_gold_202512","observation_period_ordinal","all","overall","overall","Records per person","density_275","density_x","numeric","1","overall","overall"
"2","cdm_gold_202512","observation_period_ordinal","all","overall","overall","Records per person","density_275","density_y","numeric","12.4734039249031","overall","overall"
"2","cdm_gold_202512","observation_period_ordinal","all","overall","overall","Records per person","density_276","density_x","numeric","1","overall","overall"
"2","cdm_gold_202512","observation_period_ordinal","all","overall","overall","Records per person","density_276","density_y","numeric","12.4734039249031","overall","overall"
"2","cdm_gold_202512","observation_period_ordinal","all","overall","overall","Records per person","density_277","density_x","numeric","1","overall","overall"
"2","cdm_gold_202512","observation_period_ordinal","all","overall","overall","Records per person","density_277","density_y","numeric","12.4734039249031","overall","overall"
"2","cdm_gold_202512","observation_period_ordinal","all","overall","overall","Records per person","density_278","density_x","numeric","1","overall","overall"
"2","cdm_gold_202512","observation_period_ordinal","all","overall","overall","Records per person","density_278","density_y","numeric","12.4734039249031","overall","overall"
"2","cdm_gold_202512","observation_period_ordinal","all","overall","overall","Records per person","density_279","density_x","numeric","1","overall","overall"
"2","cdm_gold_202512","observation_period_ordinal","all","overall","overall","Records per person","density_279","density_y","numeric","12.4734039249031","overall","overall"
"2","cdm_gold_202512","observation_period_ordinal","all","overall","overall","Records per person","density_280","density_x","numeric","1","overall","overall"
"2","cdm_gold_202512","observation_period_ordinal","all","overall","overall","Records per person","density_280","density_y","numeric","12.4734039249031","overall","overall"
"2","cdm_gold_202512","observation_period_ordinal","all","overall","overall","Records per person","density_281","density_x","numeric","1","overall","overall"
"2","cdm_gold_202512","observation_period_ordinal","all","overall","overall","Records per person","density_281","density_y","numeric","12.4734039249031","overall","overall"
"2","cdm_gold_202512","observation_period_ordinal","all","overall","overall","Records per person","density_282","density_x","numeric","1","overall","overall"
"2","cdm_gold_202512","observation_period_ordinal","all","overall","overall","Records per person","density_282","density_y","numeric","12.4734039249031","overall","overall"
"2","cdm_gold_202512","observation_period_ordinal","all","overall","overall","Records per person","density_283","density_x","numeric","1","overall","overall"
"2","cdm_gold_202512","observation_period_ordinal","all","overall","overall","Records per person","density_283","density_y","numeric","12.4734039249031","overall","overall"
"2","cdm_gold_202512","observation_period_ordinal","all","overall","overall","Records per person","density_284","density_x","numeric","1","overall","overall"
"2","cdm_gold_202512","observation_period_ordinal","all","overall","overall","Records per person","density_284","density_y","numeric","12.4734039249031","overall","overall"
"2","cdm_gold_202512","observation_period_ordinal","all","overall","overall","Records per person","density_285","density_x","numeric","1","overall","overall"
"2","cdm_gold_202512","observation_period_ordinal","all","overall","overall","Records per person","density_285","density_y","numeric","12.4734039249031","overall","overall"
"2","cdm_gold_202512","observation_period_ordinal","all","overall","overall","Records per person","density_286","density_x","numeric","1","overall","overall"
"2","cdm_gold_202512","observation_period_ordinal","all","overall","overall","Records per person","density_286","density_y","numeric","12.4734039249031","overall","overall"
"2","cdm_gold_202512","observation_period_ordinal","all","overall","overall","Records per person","density_287","density_x","numeric","1","overall","overall"
"2","cdm_gold_202512","observation_period_ordinal","all","overall","overall","Records per person","density_287","density_y","numeric","12.4734039249031","overall","overall"
"2","cdm_gold_202512","observation_period_ordinal","all","overall","overall","Records per person","density_288","density_x","numeric","1","overall","overall"
"2","cdm_gold_202512","observation_period_ordinal","all","overall","overall","Records per person","density_288","density_y","numeric","12.4734039249031","overall","overall"
"2","cdm_gold_202512","observation_period_ordinal","all","overall","overall","Records per person","density_289","density_x","numeric","1","overall","overall"
"2","cdm_gold_202512","observation_period_ordinal","all","overall","overall","Records per person","density_289","density_y","numeric","12.4734039249031","overall","overall"
"2","cdm_gold_202512","observation_period_ordinal","all","overall","overall","Records per person","density_290","density_x","numeric","1","overall","overall"
"2","cdm_gold_202512","observation_period_ordinal","all","overall","overall","Records per person","density_290","density_y","numeric","12.4734039249031","overall","overall"
"2","cdm_gold_202512","observation_period_ordinal","all","overall","overall","Records per person","density_291","density_x","numeric","1","overall","overall"
"2","cdm_gold_202512","observation_period_ordinal","all","overall","overall","Records per person","density_291","density_y","numeric","12.4734039249031","overall","overall"
"2","cdm_gold_202512","observation_period_ordinal","all","overall","overall","Records per person","density_292","density_x","numeric","1","overall","overall"
"2","cdm_gold_202512","observation_period_ordinal","all","overall","overall","Records per person","density_292","density_y","numeric","12.4734039249031","overall","overall"
"2","cdm_gold_202512","observation_period_ordinal","all","overall","overall","Records per person","density_293","density_x","numeric","1","overall","overall"
"2","cdm_gold_202512","observation_period_ordinal","all","overall","overall","Records per person","density_293","density_y","numeric","12.4734039249031","overall","overall"
"2","cdm_gold_202512","observation_period_ordinal","all","overall","overall","Records per person","density_294","density_x","numeric","1","overall","overall"
"2","cdm_gold_202512","observation_period_ordinal","all","overall","overall","Records per person","density_294","density_y","numeric","12.4734039249031","overall","overall"
"2","cdm_gold_202512","observation_period_ordinal","all","overall","overall","Records per person","density_295","density_x","numeric","1","overall","overall"
"2","cdm_gold_202512","observation_period_ordinal","all","overall","overall","Records per person","density_295","density_y","numeric","12.4734039249031","overall","overall"
"2","cdm_gold_202512","observation_period_ordinal","all","overall","overall","Records per person","density_296","density_x","numeric","1","overall","overall"
"2","cdm_gold_202512","observation_period_ordinal","all","overall","overall","Records per person","density_296","density_y","numeric","12.4734039249031","overall","overall"
"2","cdm_gold_202512","observation_period_ordinal","all","overall","overall","Records per person","density_297","density_x","numeric","1","overall","overall"
"2","cdm_gold_202512","observation_period_ordinal","all","overall","overall","Records per person","density_297","density_y","numeric","12.4734039249031","overall","overall"
"2","cdm_gold_202512","observation_period_ordinal","all","overall","overall","Records per person","density_298","density_x","numeric","1","overall","overall"
"2","cdm_gold_202512","observation_period_ordinal","all","overall","overall","Records per person","density_298","density_y","numeric","12.4734039249031","overall","overall"
"2","cdm_gold_202512","observation_period_ordinal","all","overall","overall","Records per person","density_299","density_x","numeric","1","overall","overall"
"2","cdm_gold_202512","observation_period_ordinal","all","overall","overall","Records per person","density_299","density_y","numeric","12.4734039249031","overall","overall"
"2","cdm_gold_202512","observation_period_ordinal","all","overall","overall","Records per person","density_300","density_x","numeric","1","overall","overall"
"2","cdm_gold_202512","observation_period_ordinal","all","overall","overall","Records per person","density_300","density_y","numeric","12.4734039249031","overall","overall"
"2","cdm_gold_202512","observation_period_ordinal","all","overall","overall","Records per person","density_301","density_x","numeric","1","overall","overall"
"2","cdm_gold_202512","observation_period_ordinal","all","overall","overall","Records per person","density_301","density_y","numeric","12.4734039249031","overall","overall"
"2","cdm_gold_202512","observation_period_ordinal","all","overall","overall","Records per person","density_302","density_x","numeric","1","overall","overall"
"2","cdm_gold_202512","observation_period_ordinal","all","overall","overall","Records per person","density_302","density_y","numeric","12.4734039249031","overall","overall"
"2","cdm_gold_202512","observation_period_ordinal","all","overall","overall","Records per person","density_303","density_x","numeric","1","overall","overall"
"2","cdm_gold_202512","observation_period_ordinal","all","overall","overall","Records per person","density_303","density_y","numeric","12.4734039249031","overall","overall"
"2","cdm_gold_202512","observation_period_ordinal","all","overall","overall","Records per person","density_304","density_x","numeric","1","overall","overall"
"2","cdm_gold_202512","observation_period_ordinal","all","overall","overall","Records per person","density_304","density_y","numeric","12.4734039249031","overall","overall"
"2","cdm_gold_202512","observation_period_ordinal","all","overall","overall","Records per person","density_305","density_x","numeric","1","overall","overall"
"2","cdm_gold_202512","observation_period_ordinal","all","overall","overall","Records per person","density_305","density_y","numeric","12.4734039249031","overall","overall"
"2","cdm_gold_202512","observation_period_ordinal","all","overall","overall","Records per person","density_306","density_x","numeric","1","overall","overall"
"2","cdm_gold_202512","observation_period_ordinal","all","overall","overall","Records per person","density_306","density_y","numeric","12.4734039249031","overall","overall"
"2","cdm_gold_202512","observation_period_ordinal","all","overall","overall","Records per person","density_307","density_x","numeric","1","overall","overall"
"2","cdm_gold_202512","observation_period_ordinal","all","overall","overall","Records per person","density_307","density_y","numeric","12.4734039249031","overall","overall"
"2","cdm_gold_202512","observation_period_ordinal","all","overall","overall","Records per person","density_308","density_x","numeric","1","overall","overall"
"2","cdm_gold_202512","observation_period_ordinal","all","overall","overall","Records per person","density_308","density_y","numeric","12.4734039249031","overall","overall"
"2","cdm_gold_202512","observation_period_ordinal","all","overall","overall","Records per person","density_309","density_x","numeric","1","overall","overall"
"2","cdm_gold_202512","observation_period_ordinal","all","overall","overall","Records per person","density_309","density_y","numeric","12.4734039249031","overall","overall"
"2","cdm_gold_202512","observation_period_ordinal","all","overall","overall","Records per person","density_310","density_x","numeric","1","overall","overall"
"2","cdm_gold_202512","observation_period_ordinal","all","overall","overall","Records per person","density_310","density_y","numeric","12.4734039249031","overall","overall"
"2","cdm_gold_202512","observation_period_ordinal","all","overall","overall","Records per person","density_311","density_x","numeric","1","overall","overall"
"2","cdm_gold_202512","observation_period_ordinal","all","overall","overall","Records per person","density_311","density_y","numeric","12.4734039249031","overall","overall"
"2","cdm_gold_202512","observation_period_ordinal","all","overall","overall","Records per person","density_312","density_x","numeric","1","overall","overall"
"2","cdm_gold_202512","observation_period_ordinal","all","overall","overall","Records per person","density_312","density_y","numeric","12.4734039249031","overall","overall"
"2","cdm_gold_202512","observation_period_ordinal","all","overall","overall","Records per person","density_313","density_x","numeric","1","overall","overall"
"2","cdm_gold_202512","observation_period_ordinal","all","overall","overall","Records per person","density_313","density_y","numeric","12.4734039249031","overall","overall"
"2","cdm_gold_202512","observation_period_ordinal","all","overall","overall","Records per person","density_314","density_x","numeric","1","overall","overall"
"2","cdm_gold_202512","observation_period_ordinal","all","overall","overall","Records per person","density_314","density_y","numeric","12.4734039249031","overall","overall"
"2","cdm_gold_202512","observation_period_ordinal","all","overall","overall","Records per person","density_315","density_x","numeric","1","overall","overall"
"2","cdm_gold_202512","observation_period_ordinal","all","overall","overall","Records per person","density_315","density_y","numeric","12.4734039249031","overall","overall"
"2","cdm_gold_202512","observation_period_ordinal","all","overall","overall","Records per person","density_316","density_x","numeric","1","overall","overall"
"2","cdm_gold_202512","observation_period_ordinal","all","overall","overall","Records per person","density_316","density_y","numeric","12.4734039249031","overall","overall"
"2","cdm_gold_202512","observation_period_ordinal","all","overall","overall","Records per person","density_317","density_x","numeric","1","overall","overall"
"2","cdm_gold_202512","observation_period_ordinal","all","overall","overall","Records per person","density_317","density_y","numeric","12.4734039249031","overall","overall"
"2","cdm_gold_202512","observation_period_ordinal","all","overall","overall","Records per person","density_318","density_x","numeric","1","overall","overall"
"2","cdm_gold_202512","observation_period_ordinal","all","overall","overall","Records per person","density_318","density_y","numeric","12.4734039249031","overall","overall"
"2","cdm_gold_202512","observation_period_ordinal","all","overall","overall","Records per person","density_319","density_x","numeric","1","overall","overall"
"2","cdm_gold_202512","observation_period_ordinal","all","overall","overall","Records per person","density_319","density_y","numeric","12.4734039249031","overall","overall"
"2","cdm_gold_202512","observation_period_ordinal","all","overall","overall","Records per person","density_320","density_x","numeric","1","overall","overall"
"2","cdm_gold_202512","observation_period_ordinal","all","overall","overall","Records per person","density_320","density_y","numeric","12.4734039249031","overall","overall"
"2","cdm_gold_202512","observation_period_ordinal","all","overall","overall","Records per person","density_321","density_x","numeric","1","overall","overall"
"2","cdm_gold_202512","observation_period_ordinal","all","overall","overall","Records per person","density_321","density_y","numeric","12.4734039249031","overall","overall"
"2","cdm_gold_202512","observation_period_ordinal","all","overall","overall","Records per person","density_322","density_x","numeric","1","overall","overall"
"2","cdm_gold_202512","observation_period_ordinal","all","overall","overall","Records per person","density_322","density_y","numeric","12.4734039249031","overall","overall"
"2","cdm_gold_202512","observation_period_ordinal","all","overall","overall","Records per person","density_323","density_x","numeric","1","overall","overall"
"2","cdm_gold_202512","observation_period_ordinal","all","overall","overall","Records per person","density_323","density_y","numeric","12.4734039249031","overall","overall"
"2","cdm_gold_202512","observation_period_ordinal","all","overall","overall","Records per person","density_324","density_x","numeric","1","overall","overall"
"2","cdm_gold_202512","observation_period_ordinal","all","overall","overall","Records per person","density_324","density_y","numeric","12.4734039249031","overall","overall"
"2","cdm_gold_202512","observation_period_ordinal","all","overall","overall","Records per person","density_325","density_x","numeric","1","overall","overall"
"2","cdm_gold_202512","observation_period_ordinal","all","overall","overall","Records per person","density_325","density_y","numeric","12.4734039249031","overall","overall"
"2","cdm_gold_202512","observation_period_ordinal","all","overall","overall","Records per person","density_326","density_x","numeric","1","overall","overall"
"2","cdm_gold_202512","observation_period_ordinal","all","overall","overall","Records per person","density_326","density_y","numeric","12.4734039249031","overall","overall"
"2","cdm_gold_202512","observation_period_ordinal","all","overall","overall","Records per person","density_327","density_x","numeric","1","overall","overall"
"2","cdm_gold_202512","observation_period_ordinal","all","overall","overall","Records per person","density_327","density_y","numeric","12.4734039249031","overall","overall"
"2","cdm_gold_202512","observation_period_ordinal","all","overall","overall","Records per person","density_328","density_x","numeric","1","overall","overall"
"2","cdm_gold_202512","observation_period_ordinal","all","overall","overall","Records per person","density_328","density_y","numeric","12.4734039249031","overall","overall"
"2","cdm_gold_202512","observation_period_ordinal","all","overall","overall","Records per person","density_329","density_x","numeric","1","overall","overall"
"2","cdm_gold_202512","observation_period_ordinal","all","overall","overall","Records per person","density_329","density_y","numeric","12.4734039249031","overall","overall"
"2","cdm_gold_202512","observation_period_ordinal","all","overall","overall","Records per person","density_330","density_x","numeric","1","overall","overall"
"2","cdm_gold_202512","observation_period_ordinal","all","overall","overall","Records per person","density_330","density_y","numeric","12.4734039249031","overall","overall"
"2","cdm_gold_202512","observation_period_ordinal","all","overall","overall","Records per person","density_331","density_x","numeric","1","overall","overall"
"2","cdm_gold_202512","observation_period_ordinal","all","overall","overall","Records per person","density_331","density_y","numeric","12.4734039249031","overall","overall"
"2","cdm_gold_202512","observation_period_ordinal","all","overall","overall","Records per person","density_332","density_x","numeric","1","overall","overall"
"2","cdm_gold_202512","observation_period_ordinal","all","overall","overall","Records per person","density_332","density_y","numeric","12.4734039249031","overall","overall"
"2","cdm_gold_202512","observation_period_ordinal","all","overall","overall","Records per person","density_333","density_x","numeric","1","overall","overall"
"2","cdm_gold_202512","observation_period_ordinal","all","overall","overall","Records per person","density_333","density_y","numeric","12.4734039249031","overall","overall"
"2","cdm_gold_202512","observation_period_ordinal","all","overall","overall","Records per person","density_334","density_x","numeric","1","overall","overall"
"2","cdm_gold_202512","observation_period_ordinal","all","overall","overall","Records per person","density_334","density_y","numeric","12.4734039249031","overall","overall"
"2","cdm_gold_202512","observation_period_ordinal","all","overall","overall","Records per person","density_335","density_x","numeric","1","overall","overall"
"2","cdm_gold_202512","observation_period_ordinal","all","overall","overall","Records per person","density_335","density_y","numeric","12.4734039249031","overall","overall"
"2","cdm_gold_202512","observation_period_ordinal","all","overall","overall","Records per person","density_336","density_x","numeric","1","overall","overall"
"2","cdm_gold_202512","observation_period_ordinal","all","overall","overall","Records per person","density_336","density_y","numeric","12.4734039249031","overall","overall"
"2","cdm_gold_202512","observation_period_ordinal","all","overall","overall","Records per person","density_337","density_x","numeric","1","overall","overall"
"2","cdm_gold_202512","observation_period_ordinal","all","overall","overall","Records per person","density_337","density_y","numeric","12.4734039249031","overall","overall"
"2","cdm_gold_202512","observation_period_ordinal","all","overall","overall","Records per person","density_338","density_x","numeric","1","overall","overall"
"2","cdm_gold_202512","observation_period_ordinal","all","overall","overall","Records per person","density_338","density_y","numeric","12.4734039249031","overall","overall"
"2","cdm_gold_202512","observation_period_ordinal","all","overall","overall","Records per person","density_339","density_x","numeric","1","overall","overall"
"2","cdm_gold_202512","observation_period_ordinal","all","overall","overall","Records per person","density_339","density_y","numeric","12.4734039249031","overall","overall"
"2","cdm_gold_202512","observation_period_ordinal","all","overall","overall","Records per person","density_340","density_x","numeric","1","overall","overall"
"2","cdm_gold_202512","observation_period_ordinal","all","overall","overall","Records per person","density_340","density_y","numeric","12.4734039249031","overall","overall"
"2","cdm_gold_202512","observation_period_ordinal","all","overall","overall","Records per person","density_341","density_x","numeric","1","overall","overall"
"2","cdm_gold_202512","observation_period_ordinal","all","overall","overall","Records per person","density_341","density_y","numeric","12.4734039249031","overall","overall"
"2","cdm_gold_202512","observation_period_ordinal","all","overall","overall","Records per person","density_342","density_x","numeric","1","overall","overall"
"2","cdm_gold_202512","observation_period_ordinal","all","overall","overall","Records per person","density_342","density_y","numeric","12.4734039249031","overall","overall"
"2","cdm_gold_202512","observation_period_ordinal","all","overall","overall","Records per person","density_343","density_x","numeric","1","overall","overall"
"2","cdm_gold_202512","observation_period_ordinal","all","overall","overall","Records per person","density_343","density_y","numeric","12.4734039249031","overall","overall"
"2","cdm_gold_202512","observation_period_ordinal","all","overall","overall","Records per person","density_344","density_x","numeric","1","overall","overall"
"2","cdm_gold_202512","observation_period_ordinal","all","overall","overall","Records per person","density_344","density_y","numeric","12.4734039249031","overall","overall"
"2","cdm_gold_202512","observation_period_ordinal","all","overall","overall","Records per person","density_345","density_x","numeric","1","overall","overall"
"2","cdm_gold_202512","observation_period_ordinal","all","overall","overall","Records per person","density_345","density_y","numeric","12.4734039249031","overall","overall"
"2","cdm_gold_202512","observation_period_ordinal","all","overall","overall","Records per person","density_346","density_x","numeric","1","overall","overall"
"2","cdm_gold_202512","observation_period_ordinal","all","overall","overall","Records per person","density_346","density_y","numeric","12.4734039249031","overall","overall"
"2","cdm_gold_202512","observation_period_ordinal","all","overall","overall","Records per person","density_347","density_x","numeric","1","overall","overall"
"2","cdm_gold_202512","observation_period_ordinal","all","overall","overall","Records per person","density_347","density_y","numeric","12.4734039249031","overall","overall"
"2","cdm_gold_202512","observation_period_ordinal","all","overall","overall","Records per person","density_348","density_x","numeric","1","overall","overall"
"2","cdm_gold_202512","observation_period_ordinal","all","overall","overall","Records per person","density_348","density_y","numeric","12.4734039249031","overall","overall"
"2","cdm_gold_202512","observation_period_ordinal","all","overall","overall","Records per person","density_349","density_x","numeric","1","overall","overall"
"2","cdm_gold_202512","observation_period_ordinal","all","overall","overall","Records per person","density_349","density_y","numeric","12.4734039249031","overall","overall"
"2","cdm_gold_202512","observation_period_ordinal","all","overall","overall","Records per person","density_350","density_x","numeric","1","overall","overall"
"2","cdm_gold_202512","observation_period_ordinal","all","overall","overall","Records per person","density_350","density_y","numeric","12.4734039249031","overall","overall"
"2","cdm_gold_202512","observation_period_ordinal","all","overall","overall","Records per person","density_351","density_x","numeric","1","overall","overall"
"2","cdm_gold_202512","observation_period_ordinal","all","overall","overall","Records per person","density_351","density_y","numeric","12.4734039249031","overall","overall"
"2","cdm_gold_202512","observation_period_ordinal","all","overall","overall","Records per person","density_352","density_x","numeric","1","overall","overall"
"2","cdm_gold_202512","observation_period_ordinal","all","overall","overall","Records per person","density_352","density_y","numeric","12.4734039249031","overall","overall"
"2","cdm_gold_202512","observation_period_ordinal","all","overall","overall","Records per person","density_353","density_x","numeric","1","overall","overall"
"2","cdm_gold_202512","observation_period_ordinal","all","overall","overall","Records per person","density_353","density_y","numeric","12.4734039249031","overall","overall"
"2","cdm_gold_202512","observation_period_ordinal","all","overall","overall","Records per person","density_354","density_x","numeric","1","overall","overall"
"2","cdm_gold_202512","observation_period_ordinal","all","overall","overall","Records per person","density_354","density_y","numeric","12.4734039249031","overall","overall"
"2","cdm_gold_202512","observation_period_ordinal","all","overall","overall","Records per person","density_355","density_x","numeric","1","overall","overall"
"2","cdm_gold_202512","observation_period_ordinal","all","overall","overall","Records per person","density_355","density_y","numeric","12.4734039249031","overall","overall"
"2","cdm_gold_202512","observation_period_ordinal","all","overall","overall","Records per person","density_356","density_x","numeric","1","overall","overall"
"2","cdm_gold_202512","observation_period_ordinal","all","overall","overall","Records per person","density_356","density_y","numeric","12.4734039249031","overall","overall"
"2","cdm_gold_202512","observation_period_ordinal","all","overall","overall","Records per person","density_357","density_x","numeric","1","overall","overall"
"2","cdm_gold_202512","observation_period_ordinal","all","overall","overall","Records per person","density_357","density_y","numeric","12.4734039249031","overall","overall"
"2","cdm_gold_202512","observation_period_ordinal","all","overall","overall","Records per person","density_358","density_x","numeric","1","overall","overall"
"2","cdm_gold_202512","observation_period_ordinal","all","overall","overall","Records per person","density_358","density_y","numeric","12.4734039249031","overall","overall"
"2","cdm_gold_202512","observation_period_ordinal","all","overall","overall","Records per person","density_359","density_x","numeric","1","overall","overall"
"2","cdm_gold_202512","observation_period_ordinal","all","overall","overall","Records per person","density_359","density_y","numeric","12.4734039249031","overall","overall"
"2","cdm_gold_202512","observation_period_ordinal","all","overall","overall","Records per person","density_360","density_x","numeric","1","overall","overall"
"2","cdm_gold_202512","observation_period_ordinal","all","overall","overall","Records per person","density_360","density_y","numeric","12.4734039249031","overall","overall"
"2","cdm_gold_202512","observation_period_ordinal","all","overall","overall","Records per person","density_361","density_x","numeric","1","overall","overall"
"2","cdm_gold_202512","observation_period_ordinal","all","overall","overall","Records per person","density_361","density_y","numeric","12.4734039249031","overall","overall"
"2","cdm_gold_202512","observation_period_ordinal","all","overall","overall","Records per person","density_362","density_x","numeric","1","overall","overall"
"2","cdm_gold_202512","observation_period_ordinal","all","overall","overall","Records per person","density_362","density_y","numeric","12.4734039249031","overall","overall"
"2","cdm_gold_202512","observation_period_ordinal","all","overall","overall","Records per person","density_363","density_x","numeric","1","overall","overall"
"2","cdm_gold_202512","observation_period_ordinal","all","overall","overall","Records per person","density_363","density_y","numeric","12.4734039249031","overall","overall"
"2","cdm_gold_202512","observation_period_ordinal","all","overall","overall","Records per person","density_364","density_x","numeric","1","overall","overall"
"2","cdm_gold_202512","observation_period_ordinal","all","overall","overall","Records per person","density_364","density_y","numeric","12.4734039249031","overall","overall"
"2","cdm_gold_202512","observation_period_ordinal","all","overall","overall","Records per person","density_365","density_x","numeric","1","overall","overall"
"2","cdm_gold_202512","observation_period_ordinal","all","overall","overall","Records per person","density_365","density_y","numeric","12.4734039249031","overall","overall"
"2","cdm_gold_202512","observation_period_ordinal","all","overall","overall","Records per person","density_366","density_x","numeric","1","overall","overall"
"2","cdm_gold_202512","observation_period_ordinal","all","overall","overall","Records per person","density_366","density_y","numeric","12.4734039249031","overall","overall"
"2","cdm_gold_202512","observation_period_ordinal","all","overall","overall","Records per person","density_367","density_x","numeric","1","overall","overall"
"2","cdm_gold_202512","observation_period_ordinal","all","overall","overall","Records per person","density_367","density_y","numeric","12.4734039249031","overall","overall"
"2","cdm_gold_202512","observation_period_ordinal","all","overall","overall","Records per person","density_368","density_x","numeric","1","overall","overall"
"2","cdm_gold_202512","observation_period_ordinal","all","overall","overall","Records per person","density_368","density_y","numeric","12.4734039249031","overall","overall"
"2","cdm_gold_202512","observation_period_ordinal","all","overall","overall","Records per person","density_369","density_x","numeric","1","overall","overall"
"2","cdm_gold_202512","observation_period_ordinal","all","overall","overall","Records per person","density_369","density_y","numeric","12.4734039249031","overall","overall"
"2","cdm_gold_202512","observation_period_ordinal","all","overall","overall","Records per person","density_370","density_x","numeric","1","overall","overall"
"2","cdm_gold_202512","observation_period_ordinal","all","overall","overall","Records per person","density_370","density_y","numeric","12.4734039249031","overall","overall"
"2","cdm_gold_202512","observation_period_ordinal","all","overall","overall","Records per person","density_371","density_x","numeric","1","overall","overall"
"2","cdm_gold_202512","observation_period_ordinal","all","overall","overall","Records per person","density_371","density_y","numeric","12.4734039249031","overall","overall"
"2","cdm_gold_202512","observation_period_ordinal","all","overall","overall","Records per person","density_372","density_x","numeric","1","overall","overall"
"2","cdm_gold_202512","observation_period_ordinal","all","overall","overall","Records per person","density_372","density_y","numeric","12.4734039249031","overall","overall"
"2","cdm_gold_202512","observation_period_ordinal","all","overall","overall","Records per person","density_373","density_x","numeric","1","overall","overall"
"2","cdm_gold_202512","observation_period_ordinal","all","overall","overall","Records per person","density_373","density_y","numeric","12.4734039249031","overall","overall"
"2","cdm_gold_202512","observation_period_ordinal","all","overall","overall","Records per person","density_374","density_x","numeric","1","overall","overall"
"2","cdm_gold_202512","observation_period_ordinal","all","overall","overall","Records per person","density_374","density_y","numeric","12.4734039249031","overall","overall"
"2","cdm_gold_202512","observation_period_ordinal","all","overall","overall","Records per person","density_375","density_x","numeric","1","overall","overall"
"2","cdm_gold_202512","observation_period_ordinal","all","overall","overall","Records per person","density_375","density_y","numeric","12.4734039249031","overall","overall"
"2","cdm_gold_202512","observation_period_ordinal","all","overall","overall","Records per person","density_376","density_x","numeric","1","overall","overall"
"2","cdm_gold_202512","observation_period_ordinal","all","overall","overall","Records per person","density_376","density_y","numeric","12.4734039249031","overall","overall"
"2","cdm_gold_202512","observation_period_ordinal","all","overall","overall","Records per person","density_377","density_x","numeric","1","overall","overall"
"2","cdm_gold_202512","observation_period_ordinal","all","overall","overall","Records per person","density_377","density_y","numeric","12.4734039249031","overall","overall"
"2","cdm_gold_202512","observation_period_ordinal","all","overall","overall","Records per person","density_378","density_x","numeric","1","overall","overall"
"2","cdm_gold_202512","observation_period_ordinal","all","overall","overall","Records per person","density_378","density_y","numeric","12.4734039249031","overall","overall"
"2","cdm_gold_202512","observation_period_ordinal","all","overall","overall","Records per person","density_379","density_x","numeric","1","overall","overall"
"2","cdm_gold_202512","observation_period_ordinal","all","overall","overall","Records per person","density_379","density_y","numeric","12.4734039249031","overall","overall"
"2","cdm_gold_202512","observation_period_ordinal","all","overall","overall","Records per person","density_380","density_x","numeric","1","overall","overall"
"2","cdm_gold_202512","observation_period_ordinal","all","overall","overall","Records per person","density_380","density_y","numeric","12.4734039249031","overall","overall"
"2","cdm_gold_202512","observation_period_ordinal","all","overall","overall","Records per person","density_381","density_x","numeric","1","overall","overall"
"2","cdm_gold_202512","observation_period_ordinal","all","overall","overall","Records per person","density_381","density_y","numeric","12.4734039249031","overall","overall"
"2","cdm_gold_202512","observation_period_ordinal","all","overall","overall","Records per person","density_382","density_x","numeric","1","overall","overall"
"2","cdm_gold_202512","observation_period_ordinal","all","overall","overall","Records per person","density_382","density_y","numeric","12.4734039249031","overall","overall"
"2","cdm_gold_202512","observation_period_ordinal","all","overall","overall","Records per person","density_383","density_x","numeric","1","overall","overall"
"2","cdm_gold_202512","observation_period_ordinal","all","overall","overall","Records per person","density_383","density_y","numeric","12.4734039249031","overall","overall"
"2","cdm_gold_202512","observation_period_ordinal","all","overall","overall","Records per person","density_384","density_x","numeric","1","overall","overall"
"2","cdm_gold_202512","observation_period_ordinal","all","overall","overall","Records per person","density_384","density_y","numeric","12.4734039249031","overall","overall"
"2","cdm_gold_202512","observation_period_ordinal","all","overall","overall","Records per person","density_385","density_x","numeric","1","overall","overall"
"2","cdm_gold_202512","observation_period_ordinal","all","overall","overall","Records per person","density_385","density_y","numeric","12.4734039249031","overall","overall"
"2","cdm_gold_202512","observation_period_ordinal","all","overall","overall","Records per person","density_386","density_x","numeric","1","overall","overall"
"2","cdm_gold_202512","observation_period_ordinal","all","overall","overall","Records per person","density_386","density_y","numeric","12.4734039249031","overall","overall"
"2","cdm_gold_202512","observation_period_ordinal","all","overall","overall","Records per person","density_387","density_x","numeric","1","overall","overall"
"2","cdm_gold_202512","observation_period_ordinal","all","overall","overall","Records per person","density_387","density_y","numeric","12.4734039249031","overall","overall"
"2","cdm_gold_202512","observation_period_ordinal","all","overall","overall","Records per person","density_388","density_x","numeric","1","overall","overall"
"2","cdm_gold_202512","observation_period_ordinal","all","overall","overall","Records per person","density_388","density_y","numeric","12.4734039249031","overall","overall"
"2","cdm_gold_202512","observation_period_ordinal","all","overall","overall","Records per person","density_389","density_x","numeric","1","overall","overall"
"2","cdm_gold_202512","observation_period_ordinal","all","overall","overall","Records per person","density_389","density_y","numeric","12.4734039249031","overall","overall"
"2","cdm_gold_202512","observation_period_ordinal","all","overall","overall","Records per person","density_390","density_x","numeric","1","overall","overall"
"2","cdm_gold_202512","observation_period_ordinal","all","overall","overall","Records per person","density_390","density_y","numeric","12.4734039249031","overall","overall"
"2","cdm_gold_202512","observation_period_ordinal","all","overall","overall","Records per person","density_391","density_x","numeric","1","overall","overall"
"2","cdm_gold_202512","observation_period_ordinal","all","overall","overall","Records per person","density_391","density_y","numeric","12.4734039249031","overall","overall"
"2","cdm_gold_202512","observation_period_ordinal","all","overall","overall","Records per person","density_392","density_x","numeric","1","overall","overall"
"2","cdm_gold_202512","observation_period_ordinal","all","overall","overall","Records per person","density_392","density_y","numeric","12.4734039249031","overall","overall"
"2","cdm_gold_202512","observation_period_ordinal","all","overall","overall","Records per person","density_393","density_x","numeric","1","overall","overall"
"2","cdm_gold_202512","observation_period_ordinal","all","overall","overall","Records per person","density_393","density_y","numeric","12.4734039249031","overall","overall"
"2","cdm_gold_202512","observation_period_ordinal","all","overall","overall","Records per person","density_394","density_x","numeric","1","overall","overall"
"2","cdm_gold_202512","observation_period_ordinal","all","overall","overall","Records per person","density_394","density_y","numeric","12.4734039249031","overall","overall"
"2","cdm_gold_202512","observation_period_ordinal","all","overall","overall","Records per person","density_395","density_x","numeric","1","overall","overall"
"2","cdm_gold_202512","observation_period_ordinal","all","overall","overall","Records per person","density_395","density_y","numeric","12.4734039249031","overall","overall"
"2","cdm_gold_202512","observation_period_ordinal","all","overall","overall","Records per person","density_396","density_x","numeric","1","overall","overall"
"2","cdm_gold_202512","observation_period_ordinal","all","overall","overall","Records per person","density_396","density_y","numeric","12.4734039249031","overall","overall"
"2","cdm_gold_202512","observation_period_ordinal","all","overall","overall","Records per person","density_397","density_x","numeric","1","overall","overall"
"2","cdm_gold_202512","observation_period_ordinal","all","overall","overall","Records per person","density_397","density_y","numeric","12.4734039249031","overall","overall"
"2","cdm_gold_202512","observation_period_ordinal","all","overall","overall","Records per person","density_398","density_x","numeric","1","overall","overall"
"2","cdm_gold_202512","observation_period_ordinal","all","overall","overall","Records per person","density_398","density_y","numeric","12.4734039249031","overall","overall"
"2","cdm_gold_202512","observation_period_ordinal","all","overall","overall","Records per person","density_399","density_x","numeric","1","overall","overall"
"2","cdm_gold_202512","observation_period_ordinal","all","overall","overall","Records per person","density_399","density_y","numeric","12.4734039249031","overall","overall"
"2","cdm_gold_202512","observation_period_ordinal","all","overall","overall","Records per person","density_400","density_x","numeric","1","overall","overall"
"2","cdm_gold_202512","observation_period_ordinal","all","overall","overall","Records per person","density_400","density_y","numeric","12.4734039249031","overall","overall"
"2","cdm_gold_202512","observation_period_ordinal","all","overall","overall","Records per person","density_401","density_x","numeric","1","overall","overall"
"2","cdm_gold_202512","observation_period_ordinal","all","overall","overall","Records per person","density_401","density_y","numeric","12.4734039249031","overall","overall"
"2","cdm_gold_202512","observation_period_ordinal","all","overall","overall","Records per person","density_402","density_x","numeric","1","overall","overall"
"2","cdm_gold_202512","observation_period_ordinal","all","overall","overall","Records per person","density_402","density_y","numeric","12.4734039249031","overall","overall"
"2","cdm_gold_202512","observation_period_ordinal","all","overall","overall","Records per person","density_403","density_x","numeric","1","overall","overall"
"2","cdm_gold_202512","observation_period_ordinal","all","overall","overall","Records per person","density_403","density_y","numeric","12.4734039249031","overall","overall"
"2","cdm_gold_202512","observation_period_ordinal","all","overall","overall","Records per person","density_404","density_x","numeric","1","overall","overall"
"2","cdm_gold_202512","observation_period_ordinal","all","overall","overall","Records per person","density_404","density_y","numeric","12.4734039249031","overall","overall"
"2","cdm_gold_202512","observation_period_ordinal","all","overall","overall","Records per person","density_405","density_x","numeric","1","overall","overall"
"2","cdm_gold_202512","observation_period_ordinal","all","overall","overall","Records per person","density_405","density_y","numeric","12.4734039249031","overall","overall"
"2","cdm_gold_202512","observation_period_ordinal","all","overall","overall","Records per person","density_406","density_x","numeric","1","overall","overall"
"2","cdm_gold_202512","observation_period_ordinal","all","overall","overall","Records per person","density_406","density_y","numeric","12.4734039249031","overall","overall"
"2","cdm_gold_202512","observation_period_ordinal","all","overall","overall","Records per person","density_407","density_x","numeric","1","overall","overall"
"2","cdm_gold_202512","observation_period_ordinal","all","overall","overall","Records per person","density_407","density_y","numeric","12.4734039249031","overall","overall"
"2","cdm_gold_202512","observation_period_ordinal","all","overall","overall","Records per person","density_408","density_x","numeric","1","overall","overall"
"2","cdm_gold_202512","observation_period_ordinal","all","overall","overall","Records per person","density_408","density_y","numeric","12.4734039249031","overall","overall"
"2","cdm_gold_202512","observation_period_ordinal","all","overall","overall","Records per person","density_409","density_x","numeric","1","overall","overall"
"2","cdm_gold_202512","observation_period_ordinal","all","overall","overall","Records per person","density_409","density_y","numeric","12.4734039249031","overall","overall"
"2","cdm_gold_202512","observation_period_ordinal","all","overall","overall","Records per person","density_410","density_x","numeric","1","overall","overall"
"2","cdm_gold_202512","observation_period_ordinal","all","overall","overall","Records per person","density_410","density_y","numeric","12.4734039249031","overall","overall"
"2","cdm_gold_202512","observation_period_ordinal","all","overall","overall","Records per person","density_411","density_x","numeric","1","overall","overall"
"2","cdm_gold_202512","observation_period_ordinal","all","overall","overall","Records per person","density_411","density_y","numeric","12.4734039249031","overall","overall"
"2","cdm_gold_202512","observation_period_ordinal","all","overall","overall","Records per person","density_412","density_x","numeric","1","overall","overall"
"2","cdm_gold_202512","observation_period_ordinal","all","overall","overall","Records per person","density_412","density_y","numeric","12.4734039249031","overall","overall"
"2","cdm_gold_202512","observation_period_ordinal","all","overall","overall","Records per person","density_413","density_x","numeric","1","overall","overall"
"2","cdm_gold_202512","observation_period_ordinal","all","overall","overall","Records per person","density_413","density_y","numeric","12.4734039249031","overall","overall"
"2","cdm_gold_202512","observation_period_ordinal","all","overall","overall","Records per person","density_414","density_x","numeric","1","overall","overall"
"2","cdm_gold_202512","observation_period_ordinal","all","overall","overall","Records per person","density_414","density_y","numeric","12.4734039249031","overall","overall"
"2","cdm_gold_202512","observation_period_ordinal","all","overall","overall","Records per person","density_415","density_x","numeric","1","overall","overall"
"2","cdm_gold_202512","observation_period_ordinal","all","overall","overall","Records per person","density_415","density_y","numeric","12.4734039249031","overall","overall"
"2","cdm_gold_202512","observation_period_ordinal","all","overall","overall","Records per person","density_416","density_x","numeric","1","overall","overall"
"2","cdm_gold_202512","observation_period_ordinal","all","overall","overall","Records per person","density_416","density_y","numeric","12.4734039249031","overall","overall"
"2","cdm_gold_202512","observation_period_ordinal","all","overall","overall","Records per person","density_417","density_x","numeric","1","overall","overall"
"2","cdm_gold_202512","observation_period_ordinal","all","overall","overall","Records per person","density_417","density_y","numeric","12.4734039249031","overall","overall"
"2","cdm_gold_202512","observation_period_ordinal","all","overall","overall","Records per person","density_418","density_x","numeric","1","overall","overall"
"2","cdm_gold_202512","observation_period_ordinal","all","overall","overall","Records per person","density_418","density_y","numeric","12.4734039249031","overall","overall"
"2","cdm_gold_202512","observation_period_ordinal","all","overall","overall","Records per person","density_419","density_x","numeric","1","overall","overall"
"2","cdm_gold_202512","observation_period_ordinal","all","overall","overall","Records per person","density_419","density_y","numeric","12.4734039249031","overall","overall"
"2","cdm_gold_202512","observation_period_ordinal","all","overall","overall","Records per person","density_420","density_x","numeric","1","overall","overall"
"2","cdm_gold_202512","observation_period_ordinal","all","overall","overall","Records per person","density_420","density_y","numeric","12.4734039249031","overall","overall"
"2","cdm_gold_202512","observation_period_ordinal","all","overall","overall","Records per person","density_421","density_x","numeric","1","overall","overall"
"2","cdm_gold_202512","observation_period_ordinal","all","overall","overall","Records per person","density_421","density_y","numeric","12.4734039249031","overall","overall"
"2","cdm_gold_202512","observation_period_ordinal","all","overall","overall","Records per person","density_422","density_x","numeric","1","overall","overall"
"2","cdm_gold_202512","observation_period_ordinal","all","overall","overall","Records per person","density_422","density_y","numeric","12.4734039249031","overall","overall"
"2","cdm_gold_202512","observation_period_ordinal","all","overall","overall","Records per person","density_423","density_x","numeric","1","overall","overall"
"2","cdm_gold_202512","observation_period_ordinal","all","overall","overall","Records per person","density_423","density_y","numeric","12.4734039249031","overall","overall"
"2","cdm_gold_202512","observation_period_ordinal","all","overall","overall","Records per person","density_424","density_x","numeric","1","overall","overall"
"2","cdm_gold_202512","observation_period_ordinal","all","overall","overall","Records per person","density_424","density_y","numeric","12.4734039249031","overall","overall"
"2","cdm_gold_202512","observation_period_ordinal","all","overall","overall","Records per person","density_425","density_x","numeric","1","overall","overall"
"2","cdm_gold_202512","observation_period_ordinal","all","overall","overall","Records per person","density_425","density_y","numeric","12.4734039249031","overall","overall"
"2","cdm_gold_202512","observation_period_ordinal","all","overall","overall","Records per person","density_426","density_x","numeric","1","overall","overall"
"2","cdm_gold_202512","observation_period_ordinal","all","overall","overall","Records per person","density_426","density_y","numeric","12.4734039249031","overall","overall"
"2","cdm_gold_202512","observation_period_ordinal","all","overall","overall","Records per person","density_427","density_x","numeric","1","overall","overall"
"2","cdm_gold_202512","observation_period_ordinal","all","overall","overall","Records per person","density_427","density_y","numeric","12.4734039249031","overall","overall"
"2","cdm_gold_202512","observation_period_ordinal","all","overall","overall","Records per person","density_428","density_x","numeric","1","overall","overall"
"2","cdm_gold_202512","observation_period_ordinal","all","overall","overall","Records per person","density_428","density_y","numeric","12.4734039249031","overall","overall"
"2","cdm_gold_202512","observation_period_ordinal","all","overall","overall","Records per person","density_429","density_x","numeric","1","overall","overall"
"2","cdm_gold_202512","observation_period_ordinal","all","overall","overall","Records per person","density_429","density_y","numeric","12.4734039249031","overall","overall"
"2","cdm_gold_202512","observation_period_ordinal","all","overall","overall","Records per person","density_430","density_x","numeric","1","overall","overall"
"2","cdm_gold_202512","observation_period_ordinal","all","overall","overall","Records per person","density_430","density_y","numeric","12.4734039249031","overall","overall"
"2","cdm_gold_202512","observation_period_ordinal","all","overall","overall","Records per person","density_431","density_x","numeric","1","overall","overall"
"2","cdm_gold_202512","observation_period_ordinal","all","overall","overall","Records per person","density_431","density_y","numeric","12.4734039249031","overall","overall"
"2","cdm_gold_202512","observation_period_ordinal","all","overall","overall","Records per person","density_432","density_x","numeric","1","overall","overall"
"2","cdm_gold_202512","observation_period_ordinal","all","overall","overall","Records per person","density_432","density_y","numeric","12.4734039249031","overall","overall"
"2","cdm_gold_202512","observation_period_ordinal","all","overall","overall","Records per person","density_433","density_x","numeric","1","overall","overall"
"2","cdm_gold_202512","observation_period_ordinal","all","overall","overall","Records per person","density_433","density_y","numeric","12.4734039249031","overall","overall"
"2","cdm_gold_202512","observation_period_ordinal","all","overall","overall","Records per person","density_434","density_x","numeric","1","overall","overall"
"2","cdm_gold_202512","observation_period_ordinal","all","overall","overall","Records per person","density_434","density_y","numeric","12.4734039249031","overall","overall"
"2","cdm_gold_202512","observation_period_ordinal","all","overall","overall","Records per person","density_435","density_x","numeric","1","overall","overall"
"2","cdm_gold_202512","observation_period_ordinal","all","overall","overall","Records per person","density_435","density_y","numeric","12.4734039249031","overall","overall"
"2","cdm_gold_202512","observation_period_ordinal","all","overall","overall","Records per person","density_436","density_x","numeric","1","overall","overall"
"2","cdm_gold_202512","observation_period_ordinal","all","overall","overall","Records per person","density_436","density_y","numeric","12.4734039249031","overall","overall"
"2","cdm_gold_202512","observation_period_ordinal","all","overall","overall","Records per person","density_437","density_x","numeric","1","overall","overall"
"2","cdm_gold_202512","observation_period_ordinal","all","overall","overall","Records per person","density_437","density_y","numeric","12.4734039249031","overall","overall"
"2","cdm_gold_202512","observation_period_ordinal","all","overall","overall","Records per person","density_438","density_x","numeric","1","overall","overall"
"2","cdm_gold_202512","observation_period_ordinal","all","overall","overall","Records per person","density_438","density_y","numeric","12.4734039249031","overall","overall"
"2","cdm_gold_202512","observation_period_ordinal","all","overall","overall","Records per person","density_439","density_x","numeric","1","overall","overall"
"2","cdm_gold_202512","observation_period_ordinal","all","overall","overall","Records per person","density_439","density_y","numeric","12.4734039249031","overall","overall"
"2","cdm_gold_202512","observation_period_ordinal","all","overall","overall","Records per person","density_440","density_x","numeric","1","overall","overall"
"2","cdm_gold_202512","observation_period_ordinal","all","overall","overall","Records per person","density_440","density_y","numeric","12.4734039249031","overall","overall"
"2","cdm_gold_202512","observation_period_ordinal","all","overall","overall","Records per person","density_441","density_x","numeric","1","overall","overall"
"2","cdm_gold_202512","observation_period_ordinal","all","overall","overall","Records per person","density_441","density_y","numeric","12.4734039249031","overall","overall"
"2","cdm_gold_202512","observation_period_ordinal","all","overall","overall","Records per person","density_442","density_x","numeric","1","overall","overall"
"2","cdm_gold_202512","observation_period_ordinal","all","overall","overall","Records per person","density_442","density_y","numeric","12.4734039249031","overall","overall"
"2","cdm_gold_202512","observation_period_ordinal","all","overall","overall","Records per person","density_443","density_x","numeric","1","overall","overall"
"2","cdm_gold_202512","observation_period_ordinal","all","overall","overall","Records per person","density_443","density_y","numeric","12.4734039249031","overall","overall"
"2","cdm_gold_202512","observation_period_ordinal","all","overall","overall","Records per person","density_444","density_x","numeric","1","overall","overall"
"2","cdm_gold_202512","observation_period_ordinal","all","overall","overall","Records per person","density_444","density_y","numeric","12.4734039249031","overall","overall"
"2","cdm_gold_202512","observation_period_ordinal","all","overall","overall","Records per person","density_445","density_x","numeric","1","overall","overall"
"2","cdm_gold_202512","observation_period_ordinal","all","overall","overall","Records per person","density_445","density_y","numeric","12.4734039249031","overall","overall"
"2","cdm_gold_202512","observation_period_ordinal","all","overall","overall","Records per person","density_446","density_x","numeric","1","overall","overall"
"2","cdm_gold_202512","observation_period_ordinal","all","overall","overall","Records per person","density_446","density_y","numeric","12.4734039249031","overall","overall"
"2","cdm_gold_202512","observation_period_ordinal","all","overall","overall","Records per person","density_447","density_x","numeric","1","overall","overall"
"2","cdm_gold_202512","observation_period_ordinal","all","overall","overall","Records per person","density_447","density_y","numeric","12.4734039249031","overall","overall"
"2","cdm_gold_202512","observation_period_ordinal","all","overall","overall","Records per person","density_448","density_x","numeric","1","overall","overall"
"2","cdm_gold_202512","observation_period_ordinal","all","overall","overall","Records per person","density_448","density_y","numeric","12.4734039249031","overall","overall"
"2","cdm_gold_202512","observation_period_ordinal","all","overall","overall","Records per person","density_449","density_x","numeric","1","overall","overall"
"2","cdm_gold_202512","observation_period_ordinal","all","overall","overall","Records per person","density_449","density_y","numeric","12.4734039249031","overall","overall"
"2","cdm_gold_202512","observation_period_ordinal","all","overall","overall","Records per person","density_450","density_x","numeric","1","overall","overall"
"2","cdm_gold_202512","observation_period_ordinal","all","overall","overall","Records per person","density_450","density_y","numeric","12.4734039249031","overall","overall"
"2","cdm_gold_202512","observation_period_ordinal","all","overall","overall","Records per person","density_451","density_x","numeric","1","overall","overall"
"2","cdm_gold_202512","observation_period_ordinal","all","overall","overall","Records per person","density_451","density_y","numeric","12.4734039249031","overall","overall"
"2","cdm_gold_202512","observation_period_ordinal","all","overall","overall","Records per person","density_452","density_x","numeric","1","overall","overall"
"2","cdm_gold_202512","observation_period_ordinal","all","overall","overall","Records per person","density_452","density_y","numeric","12.4734039249031","overall","overall"
"2","cdm_gold_202512","observation_period_ordinal","all","overall","overall","Records per person","density_453","density_x","numeric","1","overall","overall"
"2","cdm_gold_202512","observation_period_ordinal","all","overall","overall","Records per person","density_453","density_y","numeric","12.4734039249031","overall","overall"
"2","cdm_gold_202512","observation_period_ordinal","all","overall","overall","Records per person","density_454","density_x","numeric","1","overall","overall"
"2","cdm_gold_202512","observation_period_ordinal","all","overall","overall","Records per person","density_454","density_y","numeric","12.4734039249031","overall","overall"
"2","cdm_gold_202512","observation_period_ordinal","all","overall","overall","Records per person","density_455","density_x","numeric","1","overall","overall"
"2","cdm_gold_202512","observation_period_ordinal","all","overall","overall","Records per person","density_455","density_y","numeric","12.4734039249031","overall","overall"
"2","cdm_gold_202512","observation_period_ordinal","all","overall","overall","Records per person","density_456","density_x","numeric","1","overall","overall"
"2","cdm_gold_202512","observation_period_ordinal","all","overall","overall","Records per person","density_456","density_y","numeric","12.4734039249031","overall","overall"
"2","cdm_gold_202512","observation_period_ordinal","all","overall","overall","Records per person","density_457","density_x","numeric","1","overall","overall"
"2","cdm_gold_202512","observation_period_ordinal","all","overall","overall","Records per person","density_457","density_y","numeric","12.4734039249031","overall","overall"
"2","cdm_gold_202512","observation_period_ordinal","all","overall","overall","Records per person","density_458","density_x","numeric","1","overall","overall"
"2","cdm_gold_202512","observation_period_ordinal","all","overall","overall","Records per person","density_458","density_y","numeric","12.4734039249031","overall","overall"
"2","cdm_gold_202512","observation_period_ordinal","all","overall","overall","Records per person","density_459","density_x","numeric","1","overall","overall"
"2","cdm_gold_202512","observation_period_ordinal","all","overall","overall","Records per person","density_459","density_y","numeric","12.4734039249031","overall","overall"
"2","cdm_gold_202512","observation_period_ordinal","all","overall","overall","Records per person","density_460","density_x","numeric","1","overall","overall"
"2","cdm_gold_202512","observation_period_ordinal","all","overall","overall","Records per person","density_460","density_y","numeric","12.4734039249031","overall","overall"
"2","cdm_gold_202512","observation_period_ordinal","all","overall","overall","Records per person","density_461","density_x","numeric","1","overall","overall"
"2","cdm_gold_202512","observation_period_ordinal","all","overall","overall","Records per person","density_461","density_y","numeric","12.4734039249031","overall","overall"
"2","cdm_gold_202512","observation_period_ordinal","all","overall","overall","Records per person","density_462","density_x","numeric","1","overall","overall"
"2","cdm_gold_202512","observation_period_ordinal","all","overall","overall","Records per person","density_462","density_y","numeric","12.4734039249031","overall","overall"
"2","cdm_gold_202512","observation_period_ordinal","all","overall","overall","Records per person","density_463","density_x","numeric","1","overall","overall"
"2","cdm_gold_202512","observation_period_ordinal","all","overall","overall","Records per person","density_463","density_y","numeric","12.4734039249031","overall","overall"
"2","cdm_gold_202512","observation_period_ordinal","all","overall","overall","Records per person","density_464","density_x","numeric","1","overall","overall"
"2","cdm_gold_202512","observation_period_ordinal","all","overall","overall","Records per person","density_464","density_y","numeric","12.4734039249031","overall","overall"
"2","cdm_gold_202512","observation_period_ordinal","all","overall","overall","Records per person","density_465","density_x","numeric","1","overall","overall"
"2","cdm_gold_202512","observation_period_ordinal","all","overall","overall","Records per person","density_465","density_y","numeric","12.4734039249031","overall","overall"
"2","cdm_gold_202512","observation_period_ordinal","all","overall","overall","Records per person","density_466","density_x","numeric","1","overall","overall"
"2","cdm_gold_202512","observation_period_ordinal","all","overall","overall","Records per person","density_466","density_y","numeric","12.4734039249031","overall","overall"
"2","cdm_gold_202512","observation_period_ordinal","all","overall","overall","Records per person","density_467","density_x","numeric","1","overall","overall"
"2","cdm_gold_202512","observation_period_ordinal","all","overall","overall","Records per person","density_467","density_y","numeric","12.4734039249031","overall","overall"
"2","cdm_gold_202512","observation_period_ordinal","all","overall","overall","Records per person","density_468","density_x","numeric","1","overall","overall"
"2","cdm_gold_202512","observation_period_ordinal","all","overall","overall","Records per person","density_468","density_y","numeric","12.4734039249031","overall","overall"
"2","cdm_gold_202512","observation_period_ordinal","all","overall","overall","Records per person","density_469","density_x","numeric","1","overall","overall"
"2","cdm_gold_202512","observation_period_ordinal","all","overall","overall","Records per person","density_469","density_y","numeric","12.4734039249031","overall","overall"
"2","cdm_gold_202512","observation_period_ordinal","all","overall","overall","Records per person","density_470","density_x","numeric","1","overall","overall"
"2","cdm_gold_202512","observation_period_ordinal","all","overall","overall","Records per person","density_470","density_y","numeric","12.4734039249031","overall","overall"
"2","cdm_gold_202512","observation_period_ordinal","all","overall","overall","Records per person","density_471","density_x","numeric","1","overall","overall"
"2","cdm_gold_202512","observation_period_ordinal","all","overall","overall","Records per person","density_471","density_y","numeric","12.4734039249031","overall","overall"
"2","cdm_gold_202512","observation_period_ordinal","all","overall","overall","Records per person","density_472","density_x","numeric","1","overall","overall"
"2","cdm_gold_202512","observation_period_ordinal","all","overall","overall","Records per person","density_472","density_y","numeric","12.4734039249031","overall","overall"
"2","cdm_gold_202512","observation_period_ordinal","all","overall","overall","Records per person","density_473","density_x","numeric","1","overall","overall"
"2","cdm_gold_202512","observation_period_ordinal","all","overall","overall","Records per person","density_473","density_y","numeric","12.4734039249031","overall","overall"
"2","cdm_gold_202512","observation_period_ordinal","all","overall","overall","Records per person","density_474","density_x","numeric","1","overall","overall"
"2","cdm_gold_202512","observation_period_ordinal","all","overall","overall","Records per person","density_474","density_y","numeric","12.4734039249031","overall","overall"
"2","cdm_gold_202512","observation_period_ordinal","all","overall","overall","Records per person","density_475","density_x","numeric","1","overall","overall"
"2","cdm_gold_202512","observation_period_ordinal","all","overall","overall","Records per person","density_475","density_y","numeric","12.4734039249031","overall","overall"
"2","cdm_gold_202512","observation_period_ordinal","all","overall","overall","Records per person","density_476","density_x","numeric","1","overall","overall"
"2","cdm_gold_202512","observation_period_ordinal","all","overall","overall","Records per person","density_476","density_y","numeric","12.4734039249031","overall","overall"
"2","cdm_gold_202512","observation_period_ordinal","all","overall","overall","Records per person","density_477","density_x","numeric","1","overall","overall"
"2","cdm_gold_202512","observation_period_ordinal","all","overall","overall","Records per person","density_477","density_y","numeric","12.4734039249031","overall","overall"
"2","cdm_gold_202512","observation_period_ordinal","all","overall","overall","Records per person","density_478","density_x","numeric","1","overall","overall"
"2","cdm_gold_202512","observation_period_ordinal","all","overall","overall","Records per person","density_478","density_y","numeric","12.4734039249031","overall","overall"
"2","cdm_gold_202512","observation_period_ordinal","all","overall","overall","Records per person","density_479","density_x","numeric","1","overall","overall"
"2","cdm_gold_202512","observation_period_ordinal","all","overall","overall","Records per person","density_479","density_y","numeric","12.4734039249031","overall","overall"
"2","cdm_gold_202512","observation_period_ordinal","all","overall","overall","Records per person","density_480","density_x","numeric","1","overall","overall"
"2","cdm_gold_202512","observation_period_ordinal","all","overall","overall","Records per person","density_480","density_y","numeric","12.4734039249031","overall","overall"
"2","cdm_gold_202512","observation_period_ordinal","all","overall","overall","Records per person","density_481","density_x","numeric","1","overall","overall"
"2","cdm_gold_202512","observation_period_ordinal","all","overall","overall","Records per person","density_481","density_y","numeric","12.4734039249031","overall","overall"
"2","cdm_gold_202512","observation_period_ordinal","all","overall","overall","Records per person","density_482","density_x","numeric","1","overall","overall"
"2","cdm_gold_202512","observation_period_ordinal","all","overall","overall","Records per person","density_482","density_y","numeric","12.4734039249031","overall","overall"
"2","cdm_gold_202512","observation_period_ordinal","all","overall","overall","Records per person","density_483","density_x","numeric","1","overall","overall"
"2","cdm_gold_202512","observation_period_ordinal","all","overall","overall","Records per person","density_483","density_y","numeric","12.4734039249031","overall","overall"
"2","cdm_gold_202512","observation_period_ordinal","all","overall","overall","Records per person","density_484","density_x","numeric","1","overall","overall"
"2","cdm_gold_202512","observation_period_ordinal","all","overall","overall","Records per person","density_484","density_y","numeric","12.4734039249031","overall","overall"
"2","cdm_gold_202512","observation_period_ordinal","all","overall","overall","Records per person","density_485","density_x","numeric","1","overall","overall"
"2","cdm_gold_202512","observation_period_ordinal","all","overall","overall","Records per person","density_485","density_y","numeric","12.4734039249031","overall","overall"
"2","cdm_gold_202512","observation_period_ordinal","all","overall","overall","Records per person","density_486","density_x","numeric","1","overall","overall"
"2","cdm_gold_202512","observation_period_ordinal","all","overall","overall","Records per person","density_486","density_y","numeric","12.4734039249031","overall","overall"
"2","cdm_gold_202512","observation_period_ordinal","all","overall","overall","Records per person","density_487","density_x","numeric","1","overall","overall"
"2","cdm_gold_202512","observation_period_ordinal","all","overall","overall","Records per person","density_487","density_y","numeric","12.4734039249031","overall","overall"
"2","cdm_gold_202512","observation_period_ordinal","all","overall","overall","Records per person","density_488","density_x","numeric","1","overall","overall"
"2","cdm_gold_202512","observation_period_ordinal","all","overall","overall","Records per person","density_488","density_y","numeric","12.4734039249031","overall","overall"
"2","cdm_gold_202512","observation_period_ordinal","all","overall","overall","Records per person","density_489","density_x","numeric","1","overall","overall"
"2","cdm_gold_202512","observation_period_ordinal","all","overall","overall","Records per person","density_489","density_y","numeric","12.4734039249031","overall","overall"
"2","cdm_gold_202512","observation_period_ordinal","all","overall","overall","Records per person","density_490","density_x","numeric","1","overall","overall"
"2","cdm_gold_202512","observation_period_ordinal","all","overall","overall","Records per person","density_490","density_y","numeric","12.4734039249031","overall","overall"
"2","cdm_gold_202512","observation_period_ordinal","all","overall","overall","Records per person","density_491","density_x","numeric","1","overall","overall"
"2","cdm_gold_202512","observation_period_ordinal","all","overall","overall","Records per person","density_491","density_y","numeric","12.4734039249031","overall","overall"
"2","cdm_gold_202512","observation_period_ordinal","all","overall","overall","Records per person","density_492","density_x","numeric","1","overall","overall"
"2","cdm_gold_202512","observation_period_ordinal","all","overall","overall","Records per person","density_492","density_y","numeric","12.4734039249031","overall","overall"
"2","cdm_gold_202512","observation_period_ordinal","all","overall","overall","Records per person","density_493","density_x","numeric","1","overall","overall"
"2","cdm_gold_202512","observation_period_ordinal","all","overall","overall","Records per person","density_493","density_y","numeric","12.4734039249031","overall","overall"
"2","cdm_gold_202512","observation_period_ordinal","all","overall","overall","Records per person","density_494","density_x","numeric","1","overall","overall"
"2","cdm_gold_202512","observation_period_ordinal","all","overall","overall","Records per person","density_494","density_y","numeric","12.4734039249031","overall","overall"
"2","cdm_gold_202512","observation_period_ordinal","all","overall","overall","Records per person","density_495","density_x","numeric","1","overall","overall"
"2","cdm_gold_202512","observation_period_ordinal","all","overall","overall","Records per person","density_495","density_y","numeric","12.4734039249031","overall","overall"
"2","cdm_gold_202512","observation_period_ordinal","all","overall","overall","Records per person","density_496","density_x","numeric","1","overall","overall"
"2","cdm_gold_202512","observation_period_ordinal","all","overall","overall","Records per person","density_496","density_y","numeric","12.4734039249031","overall","overall"
"2","cdm_gold_202512","observation_period_ordinal","all","overall","overall","Records per person","density_497","density_x","numeric","1","overall","overall"
"2","cdm_gold_202512","observation_period_ordinal","all","overall","overall","Records per person","density_497","density_y","numeric","12.4734039249031","overall","overall"
"2","cdm_gold_202512","observation_period_ordinal","all","overall","overall","Records per person","density_498","density_x","numeric","1","overall","overall"
"2","cdm_gold_202512","observation_period_ordinal","all","overall","overall","Records per person","density_498","density_y","numeric","12.4734039249031","overall","overall"
"2","cdm_gold_202512","observation_period_ordinal","all","overall","overall","Records per person","density_499","density_x","numeric","1","overall","overall"
"2","cdm_gold_202512","observation_period_ordinal","all","overall","overall","Records per person","density_499","density_y","numeric","12.4734039249031","overall","overall"
"2","cdm_gold_202512","observation_period_ordinal","all","overall","overall","Records per person","density_500","density_x","numeric","1","overall","overall"
"2","cdm_gold_202512","observation_period_ordinal","all","overall","overall","Records per person","density_500","density_y","numeric","12.4734039249031","overall","overall"
"2","cdm_gold_202512","observation_period_ordinal","all","overall","overall","Records per person","density_501","density_x","numeric","1","overall","overall"
"2","cdm_gold_202512","observation_period_ordinal","all","overall","overall","Records per person","density_501","density_y","numeric","12.4734039249031","overall","overall"
"2","cdm_gold_202512","observation_period_ordinal","all","overall","overall","Records per person","density_502","density_x","numeric","1","overall","overall"
"2","cdm_gold_202512","observation_period_ordinal","all","overall","overall","Records per person","density_502","density_y","numeric","12.4734039249031","overall","overall"
"2","cdm_gold_202512","observation_period_ordinal","all","overall","overall","Records per person","density_503","density_x","numeric","1","overall","overall"
"2","cdm_gold_202512","observation_period_ordinal","all","overall","overall","Records per person","density_503","density_y","numeric","12.4734039249031","overall","overall"
"2","cdm_gold_202512","observation_period_ordinal","all","overall","overall","Records per person","density_504","density_x","numeric","1","overall","overall"
"2","cdm_gold_202512","observation_period_ordinal","all","overall","overall","Records per person","density_504","density_y","numeric","12.4734039249031","overall","overall"
"2","cdm_gold_202512","observation_period_ordinal","all","overall","overall","Records per person","density_505","density_x","numeric","1","overall","overall"
"2","cdm_gold_202512","observation_period_ordinal","all","overall","overall","Records per person","density_505","density_y","numeric","12.4734039249031","overall","overall"
"2","cdm_gold_202512","observation_period_ordinal","all","overall","overall","Records per person","density_506","density_x","numeric","1","overall","overall"
"2","cdm_gold_202512","observation_period_ordinal","all","overall","overall","Records per person","density_506","density_y","numeric","12.4734039249031","overall","overall"
"2","cdm_gold_202512","observation_period_ordinal","all","overall","overall","Records per person","density_507","density_x","numeric","1","overall","overall"
"2","cdm_gold_202512","observation_period_ordinal","all","overall","overall","Records per person","density_507","density_y","numeric","12.4734039249031","overall","overall"
"2","cdm_gold_202512","observation_period_ordinal","all","overall","overall","Records per person","density_508","density_x","numeric","1","overall","overall"
"2","cdm_gold_202512","observation_period_ordinal","all","overall","overall","Records per person","density_508","density_y","numeric","12.4734039249031","overall","overall"
"2","cdm_gold_202512","observation_period_ordinal","all","overall","overall","Records per person","density_509","density_x","numeric","1","overall","overall"
"2","cdm_gold_202512","observation_period_ordinal","all","overall","overall","Records per person","density_509","density_y","numeric","12.4734039249031","overall","overall"
"2","cdm_gold_202512","observation_period_ordinal","all","overall","overall","Records per person","density_510","density_x","numeric","1","overall","overall"
"2","cdm_gold_202512","observation_period_ordinal","all","overall","overall","Records per person","density_510","density_y","numeric","12.4734039249031","overall","overall"
"2","cdm_gold_202512","observation_period_ordinal","all","overall","overall","Records per person","density_511","density_x","numeric","1","overall","overall"
"2","cdm_gold_202512","observation_period_ordinal","all","overall","overall","Records per person","density_511","density_y","numeric","12.4734039249031","overall","overall"
"2","cdm_gold_202512","observation_period_ordinal","all","overall","overall","Records per person","density_512","density_x","numeric","1","overall","overall"
"2","cdm_gold_202512","observation_period_ordinal","all","overall","overall","Records per person","density_512","density_y","numeric","12.4734039249031","overall","overall"
"2","cdm_gold_202512","observation_period_ordinal","all","overall","overall","Type concept id","Standard algorithm","count","integer","17649004","overall","overall"
"2","cdm_gold_202512","observation_period_ordinal","all","overall","overall","Subjects not in person table",NA,"count","integer","0","overall","overall"
"2","cdm_gold_202512","observation_period_ordinal","all","overall","overall","Subjects not in person table",NA,"percentage","percentage","0.00","overall","overall"
"2","cdm_gold_202512","observation_period_ordinal","all","overall","overall","End date before start date",NA,"count","integer","0","overall","overall"
"2","cdm_gold_202512","observation_period_ordinal","all","overall","overall","Start date before birth date",NA,"count","integer","44","overall","overall"
"2","cdm_gold_202512","observation_period_ordinal","all","overall","overall","Column name","observation_period_id","na_count","integer","0","overall","overall"
"2","cdm_gold_202512","observation_period_ordinal","all","overall","overall","Column name","observation_period_id","na_percentage","percentage","0.00","overall","overall"
"2","cdm_gold_202512","observation_period_ordinal","all","overall","overall","Column name","observation_period_id","zero_count","integer","0","overall","overall"
"2","cdm_gold_202512","observation_period_ordinal","all","overall","overall","Column name","observation_period_id","zero_percentage","percentage","0.00","overall","overall"
"2","cdm_gold_202512","observation_period_ordinal","all","overall","overall","Column name","person_id","na_count","integer","0","overall","overall"
"2","cdm_gold_202512","observation_period_ordinal","all","overall","overall","Column name","person_id","na_percentage","percentage","0.00","overall","overall"
"2","cdm_gold_202512","observation_period_ordinal","all","overall","overall","Column name","person_id","zero_count","integer","0","overall","overall"
"2","cdm_gold_202512","observation_period_ordinal","all","overall","overall","Column name","person_id","zero_percentage","percentage","0.00","overall","overall"
"2","cdm_gold_202512","observation_period_ordinal","all","overall","overall","Column name","observation_period_start_date","na_count","integer","0","overall","overall"
"2","cdm_gold_202512","observation_period_ordinal","all","overall","overall","Column name","observation_period_start_date","na_percentage","percentage","0.00","overall","overall"
"2","cdm_gold_202512","observation_period_ordinal","all","overall","overall","Column name","observation_period_end_date","na_count","integer","0","overall","overall"
"2","cdm_gold_202512","observation_period_ordinal","all","overall","overall","Column name","observation_period_end_date","na_percentage","percentage","0.00","overall","overall"
"2","cdm_gold_202512","observation_period_ordinal","all","overall","overall","Column name","period_type_concept_id","na_count","integer","0","overall","overall"
"2","cdm_gold_202512","observation_period_ordinal","all","overall","overall","Column name","period_type_concept_id","na_percentage","percentage","0.00","overall","overall"
"2","cdm_gold_202512","observation_period_ordinal","all","overall","overall","Column name","period_type_concept_id","zero_count","integer","0","overall","overall"
"2","cdm_gold_202512","observation_period_ordinal","all","overall","overall","Column name","period_type_concept_id","zero_percentage","percentage","0.00","overall","overall"
"2","cdm_gold_202512","observation_period_ordinal","all","overall","overall","Type concept id","Standard algorithm","percentage","percentage","100.00","overall","overall"
"2","cdm_gold_202512","observation_period_ordinal","all","overall","overall","End date before start date",NA,"percentage","percentage","0.00","overall","overall"
"2","cdm_gold_202512","observation_period_ordinal","all","overall","overall","Start date before birth date",NA,"percentage","percentage","0.00","overall","overall"
"3","cdm_gold_202512","cohort_name","covid_vaccine","reason","Initial qualifying events","number_records",NA,"count","integer","9861497","reason_id","1"
"3","cdm_gold_202512","cohort_name","covid_vaccine","reason","Initial qualifying events","number_subjects",NA,"count","integer","2597848","reason_id","1"
"3","cdm_gold_202512","cohort_name","covid_vaccine","reason","Initial qualifying events","excluded_records",NA,"count","integer","0","reason_id","1"
"3","cdm_gold_202512","cohort_name","covid_vaccine","reason","Initial qualifying events","excluded_subjects",NA,"count","integer","0","reason_id","1"
"3","cdm_gold_202512","cohort_name","covid_vaccine","reason","Record in observation","number_records",NA,"count","integer","9861497","reason_id","2"
"3","cdm_gold_202512","cohort_name","covid_vaccine","reason","Record in observation","number_subjects",NA,"count","integer","2597848","reason_id","2"
"3","cdm_gold_202512","cohort_name","covid_vaccine","reason","Record in observation","excluded_records",NA,"count","integer","0","reason_id","2"
"3","cdm_gold_202512","cohort_name","covid_vaccine","reason","Record in observation","excluded_subjects",NA,"count","integer","0","reason_id","2"
"3","cdm_gold_202512","cohort_name","covid_vaccine","reason","Not missing record date","number_records",NA,"count","integer","9861497","reason_id","3"
"3","cdm_gold_202512","cohort_name","covid_vaccine","reason","Not missing record date","number_subjects",NA,"count","integer","2597848","reason_id","3"
"3","cdm_gold_202512","cohort_name","covid_vaccine","reason","Not missing record date","excluded_records",NA,"count","integer","0","reason_id","3"
"3","cdm_gold_202512","cohort_name","covid_vaccine","reason","Not missing record date","excluded_subjects",NA,"count","integer","0","reason_id","3"
"3","cdm_gold_202512","cohort_name","covid_vaccine","reason","Merge overlapping records","number_records",NA,"count","integer","9623519","reason_id","4"
"3","cdm_gold_202512","cohort_name","covid_vaccine","reason","Merge overlapping records","number_subjects",NA,"count","integer","2597848","reason_id","4"
"3","cdm_gold_202512","cohort_name","covid_vaccine","reason","Merge overlapping records","excluded_records",NA,"count","integer","237978","reason_id","4"
"3","cdm_gold_202512","cohort_name","covid_vaccine","reason","Merge overlapping records","excluded_subjects",NA,"count","integer","0","reason_id","4"
"3","cdm_gold_202512","cohort_name","covid_vaccine","reason","Require 0 intersections with cohort covid_vaccine. Intersection window: 1 to 21 days relative to cohort_start_date. Requirement applied to the first entry","number_records",NA,"count","integer","9542700","reason_id","5"
"3","cdm_gold_202512","cohort_name","covid_vaccine","reason","Require 0 intersections with cohort covid_vaccine. Intersection window: 1 to 21 days relative to cohort_start_date. Requirement applied to the first entry","number_subjects",NA,"count","integer","2580497","reason_id","5"
"3","cdm_gold_202512","cohort_name","covid_vaccine","reason","Require 0 intersections with cohort covid_vaccine. Intersection window: 1 to 21 days relative to cohort_start_date. Requirement applied to the first entry","excluded_records",NA,"count","integer","80819","reason_id","5"
"3","cdm_gold_202512","cohort_name","covid_vaccine","reason","Require 0 intersections with cohort covid_vaccine. Intersection window: 1 to 21 days relative to cohort_start_date. Requirement applied to the first entry","excluded_subjects",NA,"count","integer","17351","reason_id","5"
"3","cdm_gold_202512","cohort_name","covid_vaccine","reason","Require 0 intersections with cohort covid_vaccine. Intersection window: -90 to -1 days relative to cohort_start_date","number_records",NA,"count","integer","9527877","reason_id","6"
"3","cdm_gold_202512","cohort_name","covid_vaccine","reason","Require 0 intersections with cohort covid_vaccine. Intersection window: -90 to -1 days relative to cohort_start_date","number_subjects",NA,"count","integer","2580044","reason_id","6"
"3","cdm_gold_202512","cohort_name","covid_vaccine","reason","Require 0 intersections with cohort covid_vaccine. Intersection window: -90 to -1 days relative to cohort_start_date","excluded_records",NA,"count","integer","14823","reason_id","6"
"3","cdm_gold_202512","cohort_name","covid_vaccine","reason","Require 0 intersections with cohort covid_vaccine. Intersection window: -90 to -1 days relative to cohort_start_date","excluded_subjects",NA,"count","integer","453","reason_id","6"
"4","cdm_gold_202512","cohort_name","a_2023","reason","Initial qualifying events","number_records",NA,"count","integer","17649004","reason_id","1"
"4","cdm_gold_202512","cohort_name","a_2023","reason","Initial qualifying events","number_subjects",NA,"count","integer","17649004","reason_id","1"
"4","cdm_gold_202512","cohort_name","a_2023","reason","Initial qualifying events","excluded_records",NA,"count","integer","0","reason_id","1"
"4","cdm_gold_202512","cohort_name","a_2023","reason","Initial qualifying events","excluded_subjects",NA,"count","integer","0","reason_id","1"
"4","cdm_gold_202512","cohort_name","a_2023","reason","In observation on the 8th December 2020","number_records",NA,"count","integer","3431025","reason_id","2"
"4","cdm_gold_202512","cohort_name","a_2023","reason","In observation on the 8th December 2020","number_subjects",NA,"count","integer","3431025","reason_id","2"
"4","cdm_gold_202512","cohort_name","a_2023","reason","In observation on the 8th December 2020","excluded_records",NA,"count","integer","14217979","reason_id","2"
"4","cdm_gold_202512","cohort_name","a_2023","reason","In observation on the 8th December 2020","excluded_subjects",NA,"count","integer","14217979","reason_id","2"
"4","cdm_gold_202512","cohort_name","a_2023","reason","cohort_start_date trimmed >= 2023-10-02","number_records",NA,"count","integer","2481789","reason_id","3"
"4","cdm_gold_202512","cohort_name","a_2023","reason","cohort_start_date trimmed >= 2023-10-02","number_subjects",NA,"count","integer","2481789","reason_id","3"
"4","cdm_gold_202512","cohort_name","a_2023","reason","cohort_start_date trimmed >= 2023-10-02","excluded_records",NA,"count","integer","949236","reason_id","3"
"4","cdm_gold_202512","cohort_name","a_2023","reason","cohort_start_date trimmed >= 2023-10-02","excluded_subjects",NA,"count","integer","949236","reason_id","3"
"4","cdm_gold_202512","cohort_name","a_2023","reason","cohort_end_date trimmed <= 2024-01-31","number_records",NA,"count","integer","2481789","reason_id","4"
"4","cdm_gold_202512","cohort_name","a_2023","reason","cohort_end_date trimmed <= 2024-01-31","number_subjects",NA,"count","integer","2481789","reason_id","4"
"4","cdm_gold_202512","cohort_name","a_2023","reason","cohort_end_date trimmed <= 2024-01-31","excluded_records",NA,"count","integer","0","reason_id","4"
"4","cdm_gold_202512","cohort_name","a_2023","reason","cohort_end_date trimmed <= 2024-01-31","excluded_subjects",NA,"count","integer","0","reason_id","4"
"4","cdm_gold_202512","cohort_name","a_2023","reason","Eligibles for booster dose vaccination","number_records",NA,"count","integer","515747","reason_id","5"
"4","cdm_gold_202512","cohort_name","a_2023","reason","Eligibles for booster dose vaccination","number_subjects",NA,"count","integer","515720","reason_id","5"
"4","cdm_gold_202512","cohort_name","a_2023","reason","Eligibles for booster dose vaccination","excluded_records",NA,"count","integer","1966042","reason_id","5"
"4","cdm_gold_202512","cohort_name","a_2023","reason","Eligibles for booster dose vaccination","excluded_subjects",NA,"count","integer","1966069","reason_id","5"
"4","cdm_gold_202512","cohort_name","a_2023","reason","Vaccinated within campaign of interest","number_records",NA,"count","integer","322645","reason_id","6"
"4","cdm_gold_202512","cohort_name","a_2023","reason","Vaccinated within campaign of interest","number_subjects",NA,"count","integer","322618","reason_id","6"
"4","cdm_gold_202512","cohort_name","a_2023","reason","Vaccinated within campaign of interest","excluded_records",NA,"count","integer","193102","reason_id","6"
"4","cdm_gold_202512","cohort_name","a_2023","reason","Vaccinated within campaign of interest","excluded_subjects",NA,"count","integer","193102","reason_id","6"
"5","cdm_gold_202512","cohort_name","s_2024","reason","Initial qualifying events","number_records",NA,"count","integer","17649004","reason_id","1"
"5","cdm_gold_202512","cohort_name","s_2024","reason","Initial qualifying events","number_subjects",NA,"count","integer","17649004","reason_id","1"
"5","cdm_gold_202512","cohort_name","s_2024","reason","Initial qualifying events","excluded_records",NA,"count","integer","0","reason_id","1"
"5","cdm_gold_202512","cohort_name","s_2024","reason","Initial qualifying events","excluded_subjects",NA,"count","integer","0","reason_id","1"
"5","cdm_gold_202512","cohort_name","s_2024","reason","In observation on the 8th December 2020","number_records",NA,"count","integer","3431025","reason_id","2"
"5","cdm_gold_202512","cohort_name","s_2024","reason","In observation on the 8th December 2020","number_subjects",NA,"count","integer","3431025","reason_id","2"
"5","cdm_gold_202512","cohort_name","s_2024","reason","In observation on the 8th December 2020","excluded_records",NA,"count","integer","14217979","reason_id","2"
"5","cdm_gold_202512","cohort_name","s_2024","reason","In observation on the 8th December 2020","excluded_subjects",NA,"count","integer","14217979","reason_id","2"
"5","cdm_gold_202512","cohort_name","s_2024","reason","cohort_start_date trimmed >= 2024-04-15","number_records",NA,"count","integer","2376331","reason_id","3"
"5","cdm_gold_202512","cohort_name","s_2024","reason","cohort_start_date trimmed >= 2024-04-15","number_subjects",NA,"count","integer","2376331","reason_id","3"
"5","cdm_gold_202512","cohort_name","s_2024","reason","cohort_start_date trimmed >= 2024-04-15","excluded_records",NA,"count","integer","1054694","reason_id","3"
"5","cdm_gold_202512","cohort_name","s_2024","reason","cohort_start_date trimmed >= 2024-04-15","excluded_subjects",NA,"count","integer","1054694","reason_id","3"
"5","cdm_gold_202512","cohort_name","s_2024","reason","cohort_end_date trimmed <= 2024-06-30","number_records",NA,"count","integer","2376331","reason_id","4"
"5","cdm_gold_202512","cohort_name","s_2024","reason","cohort_end_date trimmed <= 2024-06-30","number_subjects",NA,"count","integer","2376331","reason_id","4"
"5","cdm_gold_202512","cohort_name","s_2024","reason","cohort_end_date trimmed <= 2024-06-30","excluded_records",NA,"count","integer","0","reason_id","4"
"5","cdm_gold_202512","cohort_name","s_2024","reason","cohort_end_date trimmed <= 2024-06-30","excluded_subjects",NA,"count","integer","0","reason_id","4"
"5","cdm_gold_202512","cohort_name","s_2024","reason","Eligibles for booster dose vaccination","number_records",NA,"count","integer","266169","reason_id","5"
"5","cdm_gold_202512","cohort_name","s_2024","reason","Eligibles for booster dose vaccination","number_subjects",NA,"count","integer","266169","reason_id","5"
"5","cdm_gold_202512","cohort_name","s_2024","reason","Eligibles for booster dose vaccination","excluded_records",NA,"count","integer","2110162","reason_id","5"
"5","cdm_gold_202512","cohort_name","s_2024","reason","Eligibles for booster dose vaccination","excluded_subjects",NA,"count","integer","2110162","reason_id","5"
"5","cdm_gold_202512","cohort_name","s_2024","reason","Vaccinated within campaign of interest","number_records",NA,"count","integer","155676","reason_id","6"
"5","cdm_gold_202512","cohort_name","s_2024","reason","Vaccinated within campaign of interest","number_subjects",NA,"count","integer","155676","reason_id","6"
"5","cdm_gold_202512","cohort_name","s_2024","reason","Vaccinated within campaign of interest","excluded_records",NA,"count","integer","110493","reason_id","6"
"5","cdm_gold_202512","cohort_name","s_2024","reason","Vaccinated within campaign of interest","excluded_subjects",NA,"count","integer","110493","reason_id","6"
"6","cdm_gold_202512","cohort_name","a_2024","reason","Initial qualifying events","number_records",NA,"count","integer","17649004","reason_id","1"
"6","cdm_gold_202512","cohort_name","a_2024","reason","Initial qualifying events","number_subjects",NA,"count","integer","17649004","reason_id","1"
"6","cdm_gold_202512","cohort_name","a_2024","reason","Initial qualifying events","excluded_records",NA,"count","integer","0","reason_id","1"
"6","cdm_gold_202512","cohort_name","a_2024","reason","Initial qualifying events","excluded_subjects",NA,"count","integer","0","reason_id","1"
"6","cdm_gold_202512","cohort_name","a_2024","reason","In observation on the 8th December 2020","number_records",NA,"count","integer","3431025","reason_id","2"
"6","cdm_gold_202512","cohort_name","a_2024","reason","In observation on the 8th December 2020","number_subjects",NA,"count","integer","3431025","reason_id","2"
"6","cdm_gold_202512","cohort_name","a_2024","reason","In observation on the 8th December 2020","excluded_records",NA,"count","integer","14217979","reason_id","2"
"6","cdm_gold_202512","cohort_name","a_2024","reason","In observation on the 8th December 2020","excluded_subjects",NA,"count","integer","14217979","reason_id","2"
"6","cdm_gold_202512","cohort_name","a_2024","reason","cohort_start_date trimmed >= 2024-10-03","number_records",NA,"count","integer","2236018","reason_id","3"
"6","cdm_gold_202512","cohort_name","a_2024","reason","cohort_start_date trimmed >= 2024-10-03","number_subjects",NA,"count","integer","2236018","reason_id","3"
"6","cdm_gold_202512","cohort_name","a_2024","reason","cohort_start_date trimmed >= 2024-10-03","excluded_records",NA,"count","integer","1195007","reason_id","3"
"6","cdm_gold_202512","cohort_name","a_2024","reason","cohort_start_date trimmed >= 2024-10-03","excluded_subjects",NA,"count","integer","1195007","reason_id","3"
"6","cdm_gold_202512","cohort_name","a_2024","reason","cohort_end_date trimmed <= 2025-01-31","number_records",NA,"count","integer","2236018","reason_id","4"
"6","cdm_gold_202512","cohort_name","a_2024","reason","cohort_end_date trimmed <= 2025-01-31","number_subjects",NA,"count","integer","2236018","reason_id","4"
"6","cdm_gold_202512","cohort_name","a_2024","reason","cohort_end_date trimmed <= 2025-01-31","excluded_records",NA,"count","integer","0","reason_id","4"
"6","cdm_gold_202512","cohort_name","a_2024","reason","cohort_end_date trimmed <= 2025-01-31","excluded_subjects",NA,"count","integer","0","reason_id","4"
"6","cdm_gold_202512","cohort_name","a_2024","reason","Eligibles for booster dose vaccination","number_records",NA,"count","integer","484713","reason_id","5"
"6","cdm_gold_202512","cohort_name","a_2024","reason","Eligibles for booster dose vaccination","number_subjects",NA,"count","integer","484694","reason_id","5"
"6","cdm_gold_202512","cohort_name","a_2024","reason","Eligibles for booster dose vaccination","excluded_records",NA,"count","integer","1751305","reason_id","5"
"6","cdm_gold_202512","cohort_name","a_2024","reason","Eligibles for booster dose vaccination","excluded_subjects",NA,"count","integer","1751324","reason_id","5"
"6","cdm_gold_202512","cohort_name","a_2024","reason","Vaccinated within campaign of interest","number_records",NA,"count","integer","291837","reason_id","6"
"6","cdm_gold_202512","cohort_name","a_2024","reason","Vaccinated within campaign of interest","number_subjects",NA,"count","integer","291818","reason_id","6"
"6","cdm_gold_202512","cohort_name","a_2024","reason","Vaccinated within campaign of interest","excluded_records",NA,"count","integer","192876","reason_id","6"
"6","cdm_gold_202512","cohort_name","a_2024","reason","Vaccinated within campaign of interest","excluded_subjects",NA,"count","integer","192876","reason_id","6"
"7","cdm_gold_202512","cohort_name","s_2025","reason","Initial qualifying events","number_records",NA,"count","integer","17649004","reason_id","1"
"7","cdm_gold_202512","cohort_name","s_2025","reason","Initial qualifying events","number_subjects",NA,"count","integer","17649004","reason_id","1"
"7","cdm_gold_202512","cohort_name","s_2025","reason","Initial qualifying events","excluded_records",NA,"count","integer","0","reason_id","1"
"7","cdm_gold_202512","cohort_name","s_2025","reason","Initial qualifying events","excluded_subjects",NA,"count","integer","0","reason_id","1"
"7","cdm_gold_202512","cohort_name","s_2025","reason","In observation on the 8th December 2020","number_records",NA,"count","integer","3431025","reason_id","2"
"7","cdm_gold_202512","cohort_name","s_2025","reason","In observation on the 8th December 2020","number_subjects",NA,"count","integer","3431025","reason_id","2"
"7","cdm_gold_202512","cohort_name","s_2025","reason","In observation on the 8th December 2020","excluded_records",NA,"count","integer","14217979","reason_id","2"
"7","cdm_gold_202512","cohort_name","s_2025","reason","In observation on the 8th December 2020","excluded_subjects",NA,"count","integer","14217979","reason_id","2"
"7","cdm_gold_202512","cohort_name","s_2025","reason","cohort_start_date trimmed >= 2025-04-01","number_records",NA,"count","integer","1944124","reason_id","3"
"7","cdm_gold_202512","cohort_name","s_2025","reason","cohort_start_date trimmed >= 2025-04-01","number_subjects",NA,"count","integer","1944124","reason_id","3"
"7","cdm_gold_202512","cohort_name","s_2025","reason","cohort_start_date trimmed >= 2025-04-01","excluded_records",NA,"count","integer","1486901","reason_id","3"
"7","cdm_gold_202512","cohort_name","s_2025","reason","cohort_start_date trimmed >= 2025-04-01","excluded_subjects",NA,"count","integer","1486901","reason_id","3"
"7","cdm_gold_202512","cohort_name","s_2025","reason","cohort_end_date trimmed <= 2025-06-17","number_records",NA,"count","integer","1944124","reason_id","4"
"7","cdm_gold_202512","cohort_name","s_2025","reason","cohort_end_date trimmed <= 2025-06-17","number_subjects",NA,"count","integer","1944124","reason_id","4"
"7","cdm_gold_202512","cohort_name","s_2025","reason","cohort_end_date trimmed <= 2025-06-17","excluded_records",NA,"count","integer","0","reason_id","4"
"7","cdm_gold_202512","cohort_name","s_2025","reason","cohort_end_date trimmed <= 2025-06-17","excluded_subjects",NA,"count","integer","0","reason_id","4"
"7","cdm_gold_202512","cohort_name","s_2025","reason","Eligibles for booster dose vaccination","number_records",NA,"count","integer","226007","reason_id","5"
"7","cdm_gold_202512","cohort_name","s_2025","reason","Eligibles for booster dose vaccination","number_subjects",NA,"count","integer","226007","reason_id","5"
"7","cdm_gold_202512","cohort_name","s_2025","reason","Eligibles for booster dose vaccination","excluded_records",NA,"count","integer","1718117","reason_id","5"
"7","cdm_gold_202512","cohort_name","s_2025","reason","Eligibles for booster dose vaccination","excluded_subjects",NA,"count","integer","1718117","reason_id","5"
"7","cdm_gold_202512","cohort_name","s_2025","reason","Vaccinated within campaign of interest","number_records",NA,"count","integer","123232","reason_id","6"
"7","cdm_gold_202512","cohort_name","s_2025","reason","Vaccinated within campaign of interest","number_subjects",NA,"count","integer","123232","reason_id","6"
"7","cdm_gold_202512","cohort_name","s_2025","reason","Vaccinated within campaign of interest","excluded_records",NA,"count","integer","102775","reason_id","6"
"7","cdm_gold_202512","cohort_name","s_2025","reason","Vaccinated within campaign of interest","excluded_subjects",NA,"count","integer","102775","reason_id","6"
"8","cdm_gold_202512","cohort_name","a_2023","reason","Initial qualifying events","number_records",NA,"count","integer","17649004","reason_id","1"
"8","cdm_gold_202512","cohort_name","a_2023","reason","Initial qualifying events","number_subjects",NA,"count","integer","17649004","reason_id","1"
"8","cdm_gold_202512","cohort_name","a_2023","reason","Initial qualifying events","excluded_records",NA,"count","integer","0","reason_id","1"
"8","cdm_gold_202512","cohort_name","a_2023","reason","Initial qualifying events","excluded_subjects",NA,"count","integer","0","reason_id","1"
"8","cdm_gold_202512","cohort_name","a_2023","reason","In observation on the 8th December 2020","number_records",NA,"count","integer","3431025","reason_id","2"
"8","cdm_gold_202512","cohort_name","a_2023","reason","In observation on the 8th December 2020","number_subjects",NA,"count","integer","3431025","reason_id","2"
"8","cdm_gold_202512","cohort_name","a_2023","reason","In observation on the 8th December 2020","excluded_records",NA,"count","integer","14217979","reason_id","2"
"8","cdm_gold_202512","cohort_name","a_2023","reason","In observation on the 8th December 2020","excluded_subjects",NA,"count","integer","14217979","reason_id","2"
"8","cdm_gold_202512","cohort_name","a_2023","reason","cohort_start_date trimmed >= 2023-10-02","number_records",NA,"count","integer","2481789","reason_id","3"
"8","cdm_gold_202512","cohort_name","a_2023","reason","cohort_start_date trimmed >= 2023-10-02","number_subjects",NA,"count","integer","2481789","reason_id","3"
"8","cdm_gold_202512","cohort_name","a_2023","reason","cohort_start_date trimmed >= 2023-10-02","excluded_records",NA,"count","integer","949236","reason_id","3"
"8","cdm_gold_202512","cohort_name","a_2023","reason","cohort_start_date trimmed >= 2023-10-02","excluded_subjects",NA,"count","integer","949236","reason_id","3"
"8","cdm_gold_202512","cohort_name","a_2023","reason","cohort_end_date trimmed <= 2024-01-31","number_records",NA,"count","integer","2481789","reason_id","4"
"8","cdm_gold_202512","cohort_name","a_2023","reason","cohort_end_date trimmed <= 2024-01-31","number_subjects",NA,"count","integer","2481789","reason_id","4"
"8","cdm_gold_202512","cohort_name","a_2023","reason","cohort_end_date trimmed <= 2024-01-31","excluded_records",NA,"count","integer","0","reason_id","4"
"8","cdm_gold_202512","cohort_name","a_2023","reason","cohort_end_date trimmed <= 2024-01-31","excluded_subjects",NA,"count","integer","0","reason_id","4"
"8","cdm_gold_202512","cohort_name","a_2023","reason","Eligibles for booster dose vaccination","number_records",NA,"count","integer","515747","reason_id","5"
"8","cdm_gold_202512","cohort_name","a_2023","reason","Eligibles for booster dose vaccination","number_subjects",NA,"count","integer","515720","reason_id","5"
"8","cdm_gold_202512","cohort_name","a_2023","reason","Eligibles for booster dose vaccination","excluded_records",NA,"count","integer","1966042","reason_id","5"
"8","cdm_gold_202512","cohort_name","a_2023","reason","Eligibles for booster dose vaccination","excluded_subjects",NA,"count","integer","1966069","reason_id","5"
"9","cdm_gold_202512","cohort_name","s_2024","reason","Initial qualifying events","number_records",NA,"count","integer","17649004","reason_id","1"
"9","cdm_gold_202512","cohort_name","s_2024","reason","Initial qualifying events","number_subjects",NA,"count","integer","17649004","reason_id","1"
"9","cdm_gold_202512","cohort_name","s_2024","reason","Initial qualifying events","excluded_records",NA,"count","integer","0","reason_id","1"
"9","cdm_gold_202512","cohort_name","s_2024","reason","Initial qualifying events","excluded_subjects",NA,"count","integer","0","reason_id","1"
"9","cdm_gold_202512","cohort_name","s_2024","reason","In observation on the 8th December 2020","number_records",NA,"count","integer","3431025","reason_id","2"
"9","cdm_gold_202512","cohort_name","s_2024","reason","In observation on the 8th December 2020","number_subjects",NA,"count","integer","3431025","reason_id","2"
"9","cdm_gold_202512","cohort_name","s_2024","reason","In observation on the 8th December 2020","excluded_records",NA,"count","integer","14217979","reason_id","2"
"9","cdm_gold_202512","cohort_name","s_2024","reason","In observation on the 8th December 2020","excluded_subjects",NA,"count","integer","14217979","reason_id","2"
"9","cdm_gold_202512","cohort_name","s_2024","reason","cohort_start_date trimmed >= 2024-04-15","number_records",NA,"count","integer","2376331","reason_id","3"
"9","cdm_gold_202512","cohort_name","s_2024","reason","cohort_start_date trimmed >= 2024-04-15","number_subjects",NA,"count","integer","2376331","reason_id","3"
"9","cdm_gold_202512","cohort_name","s_2024","reason","cohort_start_date trimmed >= 2024-04-15","excluded_records",NA,"count","integer","1054694","reason_id","3"
"9","cdm_gold_202512","cohort_name","s_2024","reason","cohort_start_date trimmed >= 2024-04-15","excluded_subjects",NA,"count","integer","1054694","reason_id","3"
"9","cdm_gold_202512","cohort_name","s_2024","reason","cohort_end_date trimmed <= 2024-06-30","number_records",NA,"count","integer","2376331","reason_id","4"
"9","cdm_gold_202512","cohort_name","s_2024","reason","cohort_end_date trimmed <= 2024-06-30","number_subjects",NA,"count","integer","2376331","reason_id","4"
"9","cdm_gold_202512","cohort_name","s_2024","reason","cohort_end_date trimmed <= 2024-06-30","excluded_records",NA,"count","integer","0","reason_id","4"
"9","cdm_gold_202512","cohort_name","s_2024","reason","cohort_end_date trimmed <= 2024-06-30","excluded_subjects",NA,"count","integer","0","reason_id","4"
"9","cdm_gold_202512","cohort_name","s_2024","reason","Eligibles for booster dose vaccination","number_records",NA,"count","integer","266169","reason_id","5"
"9","cdm_gold_202512","cohort_name","s_2024","reason","Eligibles for booster dose vaccination","number_subjects",NA,"count","integer","266169","reason_id","5"
"9","cdm_gold_202512","cohort_name","s_2024","reason","Eligibles for booster dose vaccination","excluded_records",NA,"count","integer","2110162","reason_id","5"
"9","cdm_gold_202512","cohort_name","s_2024","reason","Eligibles for booster dose vaccination","excluded_subjects",NA,"count","integer","2110162","reason_id","5"
"10","cdm_gold_202512","cohort_name","a_2024","reason","Initial qualifying events","number_records",NA,"count","integer","17649004","reason_id","1"
"10","cdm_gold_202512","cohort_name","a_2024","reason","Initial qualifying events","number_subjects",NA,"count","integer","17649004","reason_id","1"
"10","cdm_gold_202512","cohort_name","a_2024","reason","Initial qualifying events","excluded_records",NA,"count","integer","0","reason_id","1"
"10","cdm_gold_202512","cohort_name","a_2024","reason","Initial qualifying events","excluded_subjects",NA,"count","integer","0","reason_id","1"
"10","cdm_gold_202512","cohort_name","a_2024","reason","In observation on the 8th December 2020","number_records",NA,"count","integer","3431025","reason_id","2"
"10","cdm_gold_202512","cohort_name","a_2024","reason","In observation on the 8th December 2020","number_subjects",NA,"count","integer","3431025","reason_id","2"
"10","cdm_gold_202512","cohort_name","a_2024","reason","In observation on the 8th December 2020","excluded_records",NA,"count","integer","14217979","reason_id","2"
"10","cdm_gold_202512","cohort_name","a_2024","reason","In observation on the 8th December 2020","excluded_subjects",NA,"count","integer","14217979","reason_id","2"
"10","cdm_gold_202512","cohort_name","a_2024","reason","cohort_start_date trimmed >= 2024-10-03","number_records",NA,"count","integer","2236018","reason_id","3"
"10","cdm_gold_202512","cohort_name","a_2024","reason","cohort_start_date trimmed >= 2024-10-03","number_subjects",NA,"count","integer","2236018","reason_id","3"
"10","cdm_gold_202512","cohort_name","a_2024","reason","cohort_start_date trimmed >= 2024-10-03","excluded_records",NA,"count","integer","1195007","reason_id","3"
"10","cdm_gold_202512","cohort_name","a_2024","reason","cohort_start_date trimmed >= 2024-10-03","excluded_subjects",NA,"count","integer","1195007","reason_id","3"
"10","cdm_gold_202512","cohort_name","a_2024","reason","cohort_end_date trimmed <= 2025-01-31","number_records",NA,"count","integer","2236018","reason_id","4"
"10","cdm_gold_202512","cohort_name","a_2024","reason","cohort_end_date trimmed <= 2025-01-31","number_subjects",NA,"count","integer","2236018","reason_id","4"
"10","cdm_gold_202512","cohort_name","a_2024","reason","cohort_end_date trimmed <= 2025-01-31","excluded_records",NA,"count","integer","0","reason_id","4"
"10","cdm_gold_202512","cohort_name","a_2024","reason","cohort_end_date trimmed <= 2025-01-31","excluded_subjects",NA,"count","integer","0","reason_id","4"
"10","cdm_gold_202512","cohort_name","a_2024","reason","Eligibles for booster dose vaccination","number_records",NA,"count","integer","484713","reason_id","5"
"10","cdm_gold_202512","cohort_name","a_2024","reason","Eligibles for booster dose vaccination","number_subjects",NA,"count","integer","484694","reason_id","5"
"10","cdm_gold_202512","cohort_name","a_2024","reason","Eligibles for booster dose vaccination","excluded_records",NA,"count","integer","1751305","reason_id","5"
"10","cdm_gold_202512","cohort_name","a_2024","reason","Eligibles for booster dose vaccination","excluded_subjects",NA,"count","integer","1751324","reason_id","5"
"11","cdm_gold_202512","cohort_name","s_2025","reason","Initial qualifying events","number_records",NA,"count","integer","17649004","reason_id","1"
"11","cdm_gold_202512","cohort_name","s_2025","reason","Initial qualifying events","number_subjects",NA,"count","integer","17649004","reason_id","1"
"11","cdm_gold_202512","cohort_name","s_2025","reason","Initial qualifying events","excluded_records",NA,"count","integer","0","reason_id","1"
"11","cdm_gold_202512","cohort_name","s_2025","reason","Initial qualifying events","excluded_subjects",NA,"count","integer","0","reason_id","1"
"11","cdm_gold_202512","cohort_name","s_2025","reason","In observation on the 8th December 2020","number_records",NA,"count","integer","3431025","reason_id","2"
"11","cdm_gold_202512","cohort_name","s_2025","reason","In observation on the 8th December 2020","number_subjects",NA,"count","integer","3431025","reason_id","2"
"11","cdm_gold_202512","cohort_name","s_2025","reason","In observation on the 8th December 2020","excluded_records",NA,"count","integer","14217979","reason_id","2"
"11","cdm_gold_202512","cohort_name","s_2025","reason","In observation on the 8th December 2020","excluded_subjects",NA,"count","integer","14217979","reason_id","2"
"11","cdm_gold_202512","cohort_name","s_2025","reason","cohort_start_date trimmed >= 2025-04-01","number_records",NA,"count","integer","1944124","reason_id","3"
"11","cdm_gold_202512","cohort_name","s_2025","reason","cohort_start_date trimmed >= 2025-04-01","number_subjects",NA,"count","integer","1944124","reason_id","3"
"11","cdm_gold_202512","cohort_name","s_2025","reason","cohort_start_date trimmed >= 2025-04-01","excluded_records",NA,"count","integer","1486901","reason_id","3"
"11","cdm_gold_202512","cohort_name","s_2025","reason","cohort_start_date trimmed >= 2025-04-01","excluded_subjects",NA,"count","integer","1486901","reason_id","3"
"11","cdm_gold_202512","cohort_name","s_2025","reason","cohort_end_date trimmed <= 2025-06-17","number_records",NA,"count","integer","1944124","reason_id","4"
"11","cdm_gold_202512","cohort_name","s_2025","reason","cohort_end_date trimmed <= 2025-06-17","number_subjects",NA,"count","integer","1944124","reason_id","4"
"11","cdm_gold_202512","cohort_name","s_2025","reason","cohort_end_date trimmed <= 2025-06-17","excluded_records",NA,"count","integer","0","reason_id","4"
"11","cdm_gold_202512","cohort_name","s_2025","reason","cohort_end_date trimmed <= 2025-06-17","excluded_subjects",NA,"count","integer","0","reason_id","4"
"11","cdm_gold_202512","cohort_name","s_2025","reason","Eligibles for booster dose vaccination","number_records",NA,"count","integer","226007","reason_id","5"
"11","cdm_gold_202512","cohort_name","s_2025","reason","Eligibles for booster dose vaccination","number_subjects",NA,"count","integer","226007","reason_id","5"
"11","cdm_gold_202512","cohort_name","s_2025","reason","Eligibles for booster dose vaccination","excluded_records",NA,"count","integer","1718117","reason_id","5"
"11","cdm_gold_202512","cohort_name","s_2025","reason","Eligibles for booster dose vaccination","excluded_subjects",NA,"count","integer","1718117","reason_id","5"
"12","cdm_gold_202512","overall","overall","log_id","1","Log file created",NA,"date_time","character","2026-06-11 14:19:01","overall","overall"
"12","cdm_gold_202512","overall","overall","log_id","1","Log file created",NA,"elapsed_time","integer","0","overall","overall"
"12","cdm_gold_202512","overall","overall","log_id","2","LOG CREATED",NA,"date_time","character","2026-06-11 14:19:01","overall","overall"
"12","cdm_gold_202512","overall","overall","log_id","2","LOG CREATED",NA,"elapsed_time","integer","0","overall","overall"
"12","cdm_gold_202512","overall","overall","log_id","3","Extract CDM snapshot",NA,"date_time","character","2026-06-11 14:19:01","overall","overall"
"12","cdm_gold_202512","overall","overall","log_id","3","Extract CDM snapshot",NA,"elapsed_time","integer","28","overall","overall"
"12","cdm_gold_202512","overall","overall","log_id","4","Extract observation period summary",NA,"date_time","character","2026-06-11 14:19:29","overall","overall"
"12","cdm_gold_202512","overall","overall","log_id","4","Extract observation period summary",NA,"elapsed_time","integer","597","overall","overall"
"12","cdm_gold_202512","overall","overall","log_id","5","Instantiating study cohorts",NA,"date_time","character","2026-06-11 14:29:26","overall","overall"
"12","cdm_gold_202512","overall","overall","log_id","5","Instantiating study cohorts",NA,"elapsed_time","integer","0","overall","overall"
"12","cdm_gold_202512","overall","overall","log_id","6","Vaccinated people identified by campaign",NA,"date_time","character","2026-06-11 14:29:26","overall","overall"
"12","cdm_gold_202512","overall","overall","log_id","6","Vaccinated people identified by campaign",NA,"elapsed_time","integer","0","overall","overall"
"12","cdm_gold_202512","overall","overall","log_id","7","Eligibles for each of the vaccination campaigns -either for being immunosuppressed or by age-",NA,"date_time","character","2026-06-11 14:29:26","overall","overall"
"12","cdm_gold_202512","overall","overall","log_id","9","Vaccinated people within the vaccination campaigns of interest -either for being immunosuppressed or by age-",NA,"date_time","character","2026-06-11 14:29:26","overall","overall"
"12","cdm_gold_202512","overall","overall","log_id","9","Vaccinated people within the vaccination campaigns of interest -either for being immunosuppressed or by age-",NA,"elapsed_time","integer","0","overall","overall"
"12","cdm_gold_202512","overall","overall","log_id","10","Study cohorts instantiated",NA,"date_time","character","2026-06-11 14:29:26","overall","overall"
"12","cdm_gold_202512","overall","overall","log_id","10","Study cohorts instantiated",NA,"elapsed_time","integer","1","overall","overall"
"12","cdm_gold_202512","overall","overall","log_id","11","Attritions by campaign and for coverage finished",NA,"date_time","character","2026-06-11 14:29:27","overall","overall"
"12","cdm_gold_202512","overall","overall","log_id","11","Attritions by campaign and for coverage finished",NA,"elapsed_time","integer","0","overall","overall"
"12","cdm_gold_202512","overall","overall","log_id","12","Run study analyses",NA,"date_time","character","2026-06-11 14:29:27","overall","overall"
"12","cdm_gold_202512","overall","overall","log_id","12","Run study analyses",NA,"elapsed_time","integer","0","overall","overall"
"12","cdm_gold_202512","overall","overall","log_id","13","Defining reusable function to characterise",NA,"date_time","character","2026-06-11 14:29:27","overall","overall"
"12","cdm_gold_202512","overall","overall","log_id","13","Defining reusable function to characterise",NA,"elapsed_time","integer","10723","overall","overall"
"12","cdm_gold_202512","overall","overall","log_id","14","Analyses for the vaccinated people and eligibles for each campaign done",NA,"date_time","character","2026-06-11 17:28:10","overall","overall"
"12","cdm_gold_202512","overall","overall","log_id","14","Analyses for the vaccinated people and eligibles for each campaign done",NA,"elapsed_time","integer","87","overall","overall"
"12","cdm_gold_202512","overall","overall","log_id","15","Coverage analysis finished",NA,"date_time","character","2026-06-11 17:29:37","overall","overall"
"12","cdm_gold_202512","overall","overall","log_id","15","Coverage analysis finished",NA,"elapsed_time","integer","2391","overall","overall"
"12","cdm_gold_202512","overall","overall","log_id","16","Linear Regression Fits finished",NA,"date_time","character","2026-06-11 18:09:28","overall","overall"
"12","cdm_gold_202512","overall","overall","log_id","16","Linear Regression Fits finished",NA,"elapsed_time","integer","0","overall","overall"
"12","cdm_gold_202512","overall","overall","log_id","17","Exporting log file",NA,"date_time","character","2026-06-11 18:09:28","overall","overall"
"12","cdm_gold_202512","overall","overall","log_id","17","Exporting log file",NA,"elapsed_time","integer","0","overall","overall"
"12","cdm_gold_202512","overall","overall","log_id","18","Exporting log file",NA,"date_time","character","2026-06-11 18:09:28","overall","overall"
"13","cdm_gold_202512","cohort_name","a_2023","overall","overall","Number records",NA,"count","integer","322645","overall","overall"
"13","cdm_gold_202512","cohort_name","a_2023","overall","overall","Number subjects",NA,"count","integer","322618","overall","overall"
"13","cdm_gold_202512","cohort_name","a_2023","overall","overall","Cohort start date",NA,"min","date","2023-10-02","overall","overall"
"13","cdm_gold_202512","cohort_name","a_2023","overall","overall","Cohort start date",NA,"q25","date","2023-10-12","overall","overall"
"13","cdm_gold_202512","cohort_name","a_2023","overall","overall","Cohort start date",NA,"median","date","2023-10-25","overall","overall"
"13","cdm_gold_202512","cohort_name","a_2023","overall","overall","Cohort start date",NA,"q75","date","2023-11-14","overall","overall"
"13","cdm_gold_202512","cohort_name","a_2023","overall","overall","Cohort start date",NA,"max","date","2024-01-31","overall","overall"
"13","cdm_gold_202512","cohort_name","a_2023","overall","overall","Cohort end date",NA,"min","date","2023-10-02","overall","overall"
"13","cdm_gold_202512","cohort_name","a_2023","overall","overall","Cohort end date",NA,"q25","date","2023-10-12","overall","overall"
"13","cdm_gold_202512","cohort_name","a_2023","overall","overall","Cohort end date",NA,"median","date","2023-10-25","overall","overall"
"13","cdm_gold_202512","cohort_name","a_2023","overall","overall","Cohort end date",NA,"q75","date","2023-11-14","overall","overall"
"13","cdm_gold_202512","cohort_name","a_2023","overall","overall","Cohort end date",NA,"max","date","2024-01-31","overall","overall"
"13","cdm_gold_202512","cohort_name","a_2023","overall","overall","Region","England","count","integer","5401","overall","overall"
"13","cdm_gold_202512","cohort_name","a_2023","overall","overall","Region","England","percentage","percentage","1.67397604177966","overall","overall"
"13","cdm_gold_202512","cohort_name","a_2023","overall","overall","Region","Northern ireland","count","integer","27396","overall","overall"
"13","cdm_gold_202512","cohort_name","a_2023","overall","overall","Region","Northern ireland","percentage","percentage","8.49106603232655","overall","overall"
"13","cdm_gold_202512","cohort_name","a_2023","overall","overall","Region","Scotland","count","integer","182826","overall","overall"
"13","cdm_gold_202512","cohort_name","a_2023","overall","overall","Region","Scotland","percentage","percentage","56.6647553813014","overall","overall"
"13","cdm_gold_202512","cohort_name","a_2023","overall","overall","Region","Wales","count","integer","107022","overall","overall"
"13","cdm_gold_202512","cohort_name","a_2023","overall","overall","Region","Wales","percentage","percentage","33.1702025445924","overall","overall"
"13","cdm_gold_202512","cohort_name","a_2023","overall","overall","Ethnicity","Asian","count","integer","1057","overall","overall"
"13","cdm_gold_202512","cohort_name","a_2023","overall","overall","Ethnicity","Asian","percentage","percentage","0.327604642873747","overall","overall"
"13","cdm_gold_202512","cohort_name","a_2023","overall","overall","Ethnicity","Black","count","integer","180","overall","overall"
"13","cdm_gold_202512","cohort_name","a_2023","overall","overall","Ethnicity","Black","percentage","percentage","0.055788870120411","overall","overall"
"13","cdm_gold_202512","cohort_name","a_2023","overall","overall","Ethnicity","Missing","count","integer","174361","overall","overall"
"13","cdm_gold_202512","cohort_name","a_2023","overall","overall","Ethnicity","Missing","percentage","percentage","54.0411287948054","overall","overall"
"13","cdm_gold_202512","cohort_name","a_2023","overall","overall","Ethnicity","White","count","integer","147047","overall","overall"
"13","cdm_gold_202512","cohort_name","a_2023","overall","overall","Ethnicity","White","percentage","percentage","45.5754776922004","overall","overall"
"13","cdm_gold_202512","cohort_name","a_2023","overall","overall","Sex","Female","count","integer","170953","overall","overall"
"13","cdm_gold_202512","cohort_name","a_2023","overall","overall","Sex","Female","percentage","percentage","52.9848595205257","overall","overall"
"13","cdm_gold_202512","cohort_name","a_2023","overall","overall","Sex","Male","count","integer","151692","overall","overall"
"13","cdm_gold_202512","cohort_name","a_2023","overall","overall","Sex","Male","percentage","percentage","47.0151404794743","overall","overall"
"13","cdm_gold_202512","cohort_name","a_2023","overall","overall","Imd","Q1","count","integer","39839","overall","overall"
"13","cdm_gold_202512","cohort_name","a_2023","overall","overall","Imd","Q1","percentage","percentage","12.3476266484836","overall","overall"
"13","cdm_gold_202512","cohort_name","a_2023","overall","overall","Imd","Q2","count","integer","50626","overall","overall"
"13","cdm_gold_202512","cohort_name","a_2023","overall","overall","Imd","Q2","percentage","percentage","15.6909296595329","overall","overall"
"13","cdm_gold_202512","cohort_name","a_2023","overall","overall","Imd","Q3","count","integer","96748","overall","overall"
"13","cdm_gold_202512","cohort_name","a_2023","overall","overall","Imd","Q3","percentage","percentage","29.9858978133862","overall","overall"
"13","cdm_gold_202512","cohort_name","a_2023","overall","overall","Imd","Q4","count","integer","90827","overall","overall"
"13","cdm_gold_202512","cohort_name","a_2023","overall","overall","Imd","Q4","percentage","percentage","28.150753924592","overall","overall"
"13","cdm_gold_202512","cohort_name","a_2023","overall","overall","Imd","Q5","count","integer","44605","overall","overall"
"13","cdm_gold_202512","cohort_name","a_2023","overall","overall","Imd","Q5","percentage","percentage","13.8247919540052","overall","overall"
"13","cdm_gold_202512","cohort_name","a_2023","overall","overall","Immunosuppressed",NA,"count","integer","14883","overall","overall"
"13","cdm_gold_202512","cohort_name","a_2023","overall","overall","Immunosuppressed",NA,"min","integer","0","overall","overall"
"13","cdm_gold_202512","cohort_name","a_2023","overall","overall","Immunosuppressed",NA,"q25","integer","0","overall","overall"
"13","cdm_gold_202512","cohort_name","a_2023","overall","overall","Immunosuppressed",NA,"median","integer","0","overall","overall"
"13","cdm_gold_202512","cohort_name","a_2023","overall","overall","Immunosuppressed",NA,"q75","integer","0","overall","overall"
"13","cdm_gold_202512","cohort_name","a_2023","overall","overall","Immunosuppressed",NA,"max","integer","1","overall","overall"
"13","cdm_gold_202512","cohort_name","a_2023","overall","overall","Immunosuppressed",NA,"percentage","percentage","4.61280974445598","overall","overall"
"13","cdm_gold_202512","cohort_name","a_2023","overall","overall","Immunosuppressed",NA,"mean","numeric","0.0461280974445598","overall","overall"
"13","cdm_gold_202512","cohort_name","a_2023","overall","overall","Immunosuppressed",NA,"sd","numeric","0.209762800431437","overall","overall"
"13","cdm_gold_202512","cohort_name","a_2023","overall","overall","Age eligibility",NA,"count","integer","317285","overall","overall"
"13","cdm_gold_202512","cohort_name","a_2023","overall","overall","Age eligibility",NA,"min","integer","0","overall","overall"
"13","cdm_gold_202512","cohort_name","a_2023","overall","overall","Age eligibility",NA,"q25","integer","1","overall","overall"
"13","cdm_gold_202512","cohort_name","a_2023","overall","overall","Age eligibility",NA,"median","integer","1","overall","overall"
"13","cdm_gold_202512","cohort_name","a_2023","overall","overall","Age eligibility",NA,"q75","integer","1","overall","overall"
"13","cdm_gold_202512","cohort_name","a_2023","overall","overall","Age eligibility",NA,"max","integer","1","overall","overall"
"13","cdm_gold_202512","cohort_name","a_2023","overall","overall","Age eligibility",NA,"percentage","percentage","98.3387314230811","overall","overall"
"13","cdm_gold_202512","cohort_name","a_2023","overall","overall","Age eligibility",NA,"mean","numeric","0.983387314230811","overall","overall"
"13","cdm_gold_202512","cohort_name","a_2023","overall","overall","Age eligibility",NA,"sd","numeric","0.12781531627533","overall","overall"
"13","cdm_gold_202512","cohort_name","a_2023","overall","overall","Prior dose",NA,"min","integer","2","overall","overall"
"13","cdm_gold_202512","cohort_name","a_2023","overall","overall","Prior dose",NA,"q25","integer","4","overall","overall"
"13","cdm_gold_202512","cohort_name","a_2023","overall","overall","Prior dose",NA,"median","integer","5","overall","overall"
"13","cdm_gold_202512","cohort_name","a_2023","overall","overall","Prior dose",NA,"q75","integer","6","overall","overall"
"13","cdm_gold_202512","cohort_name","a_2023","overall","overall","Prior dose",NA,"max","integer","8","overall","overall"
"13","cdm_gold_202512","cohort_name","a_2023","overall","overall","Prior dose",NA,"mean","numeric","4.8901300190612","overall","overall"
"13","cdm_gold_202512","cohort_name","a_2023","overall","overall","Prior dose",NA,"sd","numeric","0.984617527167143","overall","overall"
"13","cdm_gold_202512","cohort_name","a_2023","overall","overall","Dose",NA,"min","integer","3","overall","overall"
"13","cdm_gold_202512","cohort_name","a_2023","overall","overall","Dose",NA,"q25","integer","5","overall","overall"
"13","cdm_gold_202512","cohort_name","a_2023","overall","overall","Dose",NA,"median","integer","6","overall","overall"
"13","cdm_gold_202512","cohort_name","a_2023","overall","overall","Dose",NA,"q75","integer","7","overall","overall"
"13","cdm_gold_202512","cohort_name","a_2023","overall","overall","Dose",NA,"max","integer","9","overall","overall"
"13","cdm_gold_202512","cohort_name","a_2023","overall","overall","Dose",NA,"mean","numeric","5","overall","overall"
"13","cdm_gold_202512","cohort_name","a_2023","overall","overall","Dose",NA,"sd","numeric","0.984617527167143","overall","overall"
"13","cdm_gold_202512","cohort_name","a_2023","overall","overall","Age group","35-44","count","integer","580","overall","overall"
"13","cdm_gold_202512","cohort_name","a_2023","overall","overall","Age group","35-44","percentage","percentage","0.179764137054658","overall","overall"
"13","cdm_gold_202512","cohort_name","a_2023","overall","overall","Age group","45-54","count","integer","1349","overall","overall"
"13","cdm_gold_202512","cohort_name","a_2023","overall","overall","Age group","45-54","percentage","percentage","0.418106587735747","overall","overall"
"13","cdm_gold_202512","cohort_name","a_2023","overall","overall","Age group","55-64","count","integer","3003","overall","overall"
"13","cdm_gold_202512","cohort_name","a_2023","overall","overall","Age group","55-64","percentage","percentage","0.930744316508856","overall","overall"
"13","cdm_gold_202512","cohort_name","a_2023","overall","overall","Age group","65-74","count","integer","151768","overall","overall"
"13","cdm_gold_202512","cohort_name","a_2023","overall","overall","Age group","65-74","percentage","percentage","47.0386957801919","overall","overall"
"13","cdm_gold_202512","cohort_name","a_2023","overall","overall","Age group","75-84","count","integer","126616","overall","overall"
"13","cdm_gold_202512","cohort_name","a_2023","overall","overall","Age group","75-84","percentage","percentage","39.2431309953664","overall","overall"
"13","cdm_gold_202512","cohort_name","a_2023","overall","overall","Age group","85-94","count","integer","36508","overall","overall"
"13","cdm_gold_202512","cohort_name","a_2023","overall","overall","Age group","85-94","percentage","percentage","11.3152226130887","overall","overall"
"13","cdm_gold_202512","cohort_name","a_2023","overall","overall","Age group","<=34","count","integer","428","overall","overall"
"13","cdm_gold_202512","cohort_name","a_2023","overall","overall","Age group","<=34","percentage","percentage","0.132653535619644","overall","overall"
"13","cdm_gold_202512","cohort_name","a_2023","overall","overall","Age group",">=95","count","integer","2393","overall","overall"
"13","cdm_gold_202512","cohort_name","a_2023","overall","overall","Age group",">=95","percentage","percentage","0.74168203443413","overall","overall"
"13","cdm_gold_202512","cohort_name","a_2023","overall","overall","Age",NA,"min","integer","9","overall","overall"
"13","cdm_gold_202512","cohort_name","a_2023","overall","overall","Age",NA,"q25","integer","69","overall","overall"
"13","cdm_gold_202512","cohort_name","a_2023","overall","overall","Age",NA,"median","integer","75","overall","overall"
"13","cdm_gold_202512","cohort_name","a_2023","overall","overall","Age",NA,"q75","integer","80","overall","overall"
"13","cdm_gold_202512","cohort_name","a_2023","overall","overall","Age",NA,"max","integer","106","overall","overall"
"13","cdm_gold_202512","cohort_name","a_2023","overall","overall","Age",NA,"mean","numeric","75.1173704845883","overall","overall"
"13","cdm_gold_202512","cohort_name","a_2023","overall","overall","Age",NA,"sd","numeric","7.77043405214412","overall","overall"
"13","cdm_gold_202512","cohort_name","a_2023","overall","overall","Prior observation",NA,"min","integer","1029","overall","overall"
"13","cdm_gold_202512","cohort_name","a_2023","overall","overall","Prior observation",NA,"q25","integer","5914","overall","overall"
"13","cdm_gold_202512","cohort_name","a_2023","overall","overall","Prior observation",NA,"median","integer","7348","overall","overall"
"13","cdm_gold_202512","cohort_name","a_2023","overall","overall","Prior observation",NA,"q75","integer","7954","overall","overall"
"13","cdm_gold_202512","cohort_name","a_2023","overall","overall","Prior observation",NA,"max","integer","12896","overall","overall"
"13","cdm_gold_202512","cohort_name","a_2023","overall","overall","Prior observation",NA,"mean","numeric","6766.42296331882","overall","overall"
"13","cdm_gold_202512","cohort_name","a_2023","overall","overall","Prior observation",NA,"sd","numeric","2345.10993747379","overall","overall"
"13","cdm_gold_202512","cohort_name","a_2023","overall","overall","Future observation",NA,"min","integer","0","overall","overall"
"13","cdm_gold_202512","cohort_name","a_2023","overall","overall","Future observation",NA,"q25","integer","559","overall","overall"
"13","cdm_gold_202512","cohort_name","a_2023","overall","overall","Future observation",NA,"median","integer","724","overall","overall"
"13","cdm_gold_202512","cohort_name","a_2023","overall","overall","Future observation",NA,"q75","integer","753","overall","overall"
"13","cdm_gold_202512","cohort_name","a_2023","overall","overall","Future observation",NA,"max","integer","777","overall","overall"
"13","cdm_gold_202512","cohort_name","a_2023","overall","overall","Future observation",NA,"mean","numeric","634.202305939965","overall","overall"
"13","cdm_gold_202512","cohort_name","a_2023","overall","overall","Future observation",NA,"sd","numeric","179.827492723308","overall","overall"
"13","cdm_gold_202512","cohort_name","a_2023","overall","overall","Days in cohort",NA,"min","integer","1","overall","overall"
"13","cdm_gold_202512","cohort_name","a_2023","overall","overall","Days in cohort",NA,"q25","integer","1","overall","overall"
"13","cdm_gold_202512","cohort_name","a_2023","overall","overall","Days in cohort",NA,"median","integer","1","overall","overall"
"13","cdm_gold_202512","cohort_name","a_2023","overall","overall","Days in cohort",NA,"q75","integer","1","overall","overall"
"13","cdm_gold_202512","cohort_name","a_2023","overall","overall","Days in cohort",NA,"max","integer","1","overall","overall"
"13","cdm_gold_202512","cohort_name","a_2023","overall","overall","Days in cohort",NA,"mean","numeric","1","overall","overall"
"13","cdm_gold_202512","cohort_name","a_2023","overall","overall","Days in cohort",NA,"sd","numeric","0","overall","overall"
"13","cdm_gold_202512","cohort_name","a_2023","overall","overall","Days to next record",NA,"min","integer","93","overall","overall"
"13","cdm_gold_202512","cohort_name","a_2023","overall","overall","Days to next record",NA,"q25","integer","113","overall","overall"
"13","cdm_gold_202512","cohort_name","a_2023","overall","overall","Days to next record",NA,"median","integer","119","overall","overall"
"13","cdm_gold_202512","cohort_name","a_2023","overall","overall","Days to next record",NA,"q75","integer","119","overall","overall"
"13","cdm_gold_202512","cohort_name","a_2023","overall","overall","Days to next record",NA,"max","integer","119","overall","overall"
"13","cdm_gold_202512","cohort_name","a_2023","overall","overall","Days to next record",NA,"mean","numeric","114.111111111111","overall","overall"
"13","cdm_gold_202512","cohort_name","a_2023","overall","overall","Days to next record",NA,"sd","numeric","7.72773891367641","overall","overall"
"13","cdm_gold_202512","cohort_name","a_2023","overall","overall","Number visits in the prior year",NA,"min","numeric","0","overall","overall"
"13","cdm_gold_202512","cohort_name","a_2023","overall","overall","Number visits in the prior year",NA,"q25","numeric","16","overall","overall"
"13","cdm_gold_202512","cohort_name","a_2023","overall","overall","Number visits in the prior year",NA,"median","numeric","25","overall","overall"
"13","cdm_gold_202512","cohort_name","a_2023","overall","overall","Number visits in the prior year",NA,"q75","numeric","38","overall","overall"
"13","cdm_gold_202512","cohort_name","a_2023","overall","overall","Number visits in the prior year",NA,"max","numeric","280","overall","overall"
"13","cdm_gold_202512","cohort_name","a_2023","overall","overall","Number visits in the prior year",NA,"mean","numeric","28.9716871484139","overall","overall"
"13","cdm_gold_202512","cohort_name","a_2023","overall","overall","Number visits in the prior year",NA,"sd","numeric","18.8595735922092","overall","overall"
"13","cdm_gold_202512","cohort_name","a_2023","overall","overall","Flag any time prior vaccination","Influenza","count","integer","311227","overall","overall"
"13","cdm_gold_202512","cohort_name","a_2023","overall","overall","Flag any time prior vaccination","Influenza","percentage","percentage","96.4611260053619","overall","overall"
"13","cdm_gold_202512","cohort_name","a_2023","overall","overall","Flag any time prior vaccination","Herpes zoster vaccine","count","integer","61388","overall","overall"
"13","cdm_gold_202512","cohort_name","a_2023","overall","overall","Flag any time prior vaccination","Herpes zoster vaccine","percentage","percentage","19.0264842163988","overall","overall"
"13","cdm_gold_202512","cohort_name","a_2023","overall","overall","Flag any time prior vaccination","Pneumococcal vaccine","count","integer","223644","overall","overall"
"13","cdm_gold_202512","cohort_name","a_2023","overall","overall","Flag any time prior vaccination","Pneumococcal vaccine","percentage","percentage","69.3158114956066","overall","overall"
"13","cdm_gold_202512","cohort_name","a_2023","overall","overall","Flag any time prior vaccination","Rsv vaccine","count","integer","0","overall","overall"
"13","cdm_gold_202512","cohort_name","a_2023","overall","overall","Flag any time prior vaccination","Rsv vaccine","percentage","percentage","0","overall","overall"
"13","cdm_gold_202512","cohort_name","a_2023","overall","overall","Flag last year vaccination","Rsv vaccine","count","integer","0","overall","overall"
"13","cdm_gold_202512","cohort_name","a_2023","overall","overall","Flag last year vaccination","Rsv vaccine","percentage","percentage","0","overall","overall"
"13","cdm_gold_202512","cohort_name","a_2023","overall","overall","Flag last year vaccination","Influenza","count","integer","121432","overall","overall"
"13","cdm_gold_202512","cohort_name","a_2023","overall","overall","Flag last year vaccination","Influenza","percentage","percentage","37.6364115358986","overall","overall"
"13","cdm_gold_202512","cohort_name","a_2023","overall","overall","Flag last year vaccination","Pneumococcal vaccine","count","integer","22399","overall","overall"
"13","cdm_gold_202512","cohort_name","a_2023","overall","overall","Flag last year vaccination","Pneumococcal vaccine","percentage","percentage","6.94230501015048","overall","overall"
"13","cdm_gold_202512","cohort_name","a_2023","overall","overall","Flag last year vaccination","Herpes zoster vaccine","count","integer","22831","overall","overall"
"13","cdm_gold_202512","cohort_name","a_2023","overall","overall","Flag last year vaccination","Herpes zoster vaccine","percentage","percentage","7.07619829843946","overall","overall"
"13","cdm_gold_202512","cohort_name","a_2023","overall","overall","Flag on index vaccination","Influenza","count","integer","229517","overall","overall"
"13","cdm_gold_202512","cohort_name","a_2023","overall","overall","Flag on index vaccination","Influenza","percentage","percentage","71.1360783523687","overall","overall"
"13","cdm_gold_202512","cohort_name","a_2023","overall","overall","Flag on index vaccination","Pneumococcal vaccine","count","integer","255","overall","overall"
"13","cdm_gold_202512","cohort_name","a_2023","overall","overall","Flag on index vaccination","Pneumococcal vaccine","percentage","percentage","0.0790342326705822","overall","overall"
"13","cdm_gold_202512","cohort_name","a_2023","overall","overall","Flag on index vaccination","Herpes zoster vaccine","count","integer","574","overall","overall"
"13","cdm_gold_202512","cohort_name","a_2023","overall","overall","Flag on index vaccination","Herpes zoster vaccine","percentage","percentage","0.177904508050644","overall","overall"
"13","cdm_gold_202512","cohort_name","a_2023","overall","overall","Flag on index vaccination","Rsv vaccine","count","integer","0","overall","overall"
"13","cdm_gold_202512","cohort_name","a_2023","overall","overall","Flag on index vaccination","Rsv vaccine","percentage","percentage","0","overall","overall"
"13","cdm_gold_202512","cohort_name","a_2023","overall","overall","Flag any time prior comorbidities","Myocardial infarction","count","integer","14836","overall","overall"
"13","cdm_gold_202512","cohort_name","a_2023","overall","overall","Flag any time prior comorbidities","Myocardial infarction","percentage","percentage","4.59824265059121","overall","overall"
"13","cdm_gold_202512","cohort_name","a_2023","overall","overall","Flag any time prior comorbidities","Malignant neoplastic disease","count","integer","62109","overall","overall"
"13","cdm_gold_202512","cohort_name","a_2023","overall","overall","Flag any time prior comorbidities","Malignant neoplastic disease","percentage","percentage","19.2499496350478","overall","overall"
"13","cdm_gold_202512","cohort_name","a_2023","overall","overall","Flag any time prior comorbidities","Inflammatory bowel disease","count","integer","3607","overall","overall"
"13","cdm_gold_202512","cohort_name","a_2023","overall","overall","Flag any time prior comorbidities","Inflammatory bowel disease","percentage","percentage","1.11794696957957","overall","overall"
"13","cdm_gold_202512","cohort_name","a_2023","overall","overall","Flag any time prior comorbidities","Cld","count","integer","2064","overall","overall"
"13","cdm_gold_202512","cohort_name","a_2023","overall","overall","Flag any time prior comorbidities","Cld","percentage","percentage","0.639712377380713","overall","overall"
"13","cdm_gold_202512","cohort_name","a_2023","overall","overall","Flag any time prior comorbidities","Renal impairment","count","integer","50543","overall","overall"
"13","cdm_gold_202512","cohort_name","a_2023","overall","overall","Flag any time prior comorbidities","Renal impairment","percentage","percentage","15.6652047916441","overall","overall"
"13","cdm_gold_202512","cohort_name","a_2023","overall","overall","Flag any time prior comorbidities","Hiv","count","integer","55","overall","overall"
"13","cdm_gold_202512","cohort_name","a_2023","overall","overall","Flag any time prior comorbidities","Hiv","percentage","percentage","0.0170465992034589","overall","overall"
"13","cdm_gold_202512","cohort_name","a_2023","overall","overall","Flag any time prior comorbidities","Stroke","count","integer","12342","overall","overall"
"13","cdm_gold_202512","cohort_name","a_2023","overall","overall","Flag any time prior comorbidities","Stroke","percentage","percentage","3.82525686125618","overall","overall"
"13","cdm_gold_202512","cohort_name","a_2023","overall","overall","Flag any time prior comorbidities","Diabetes mellitus","count","integer","53032","overall","overall"
"13","cdm_gold_202512","cohort_name","a_2023","overall","overall","Flag any time prior comorbidities","Diabetes mellitus","percentage","percentage","16.4366408901424","overall","overall"
"13","cdm_gold_202512","cohort_name","a_2023","overall","overall","Flag any time prior comorbidities","Hyperten","count","integer","111139","overall","overall"
"13","cdm_gold_202512","cohort_name","a_2023","overall","overall","Flag any time prior comorbidities","Hyperten","percentage","percentage","34.4462179795131","overall","overall"
"13","cdm_gold_202512","cohort_name","a_2023","overall","overall","Flag any time prior comorbidities","Venous thromboembolism","count","integer","17509","overall","overall"
"13","cdm_gold_202512","cohort_name","a_2023","overall","overall","Flag any time prior comorbidities","Venous thromboembolism","percentage","percentage","5.42670737187931","overall","overall"
"13","cdm_gold_202512","cohort_name","a_2023","overall","overall","Flag any time prior comorbidities","Heart failure","count","integer","12780","overall","overall"
"13","cdm_gold_202512","cohort_name","a_2023","overall","overall","Flag any time prior comorbidities","Heart failure","percentage","percentage","3.96100977854918","overall","overall"
"13","cdm_gold_202512","cohort_name","a_2023","overall","overall","Flag any time prior comorbidities","Rheumatoid arthritis","count","integer","6065","overall","overall"
"13","cdm_gold_202512","cohort_name","a_2023","overall","overall","Flag any time prior comorbidities","Rheumatoid arthritis","percentage","percentage","1.87977498489051","overall","overall"
"13","cdm_gold_202512","cohort_name","a_2023","overall","overall","Flag any time prior comorbidities","Copd","count","integer","23742","overall","overall"
"13","cdm_gold_202512","cohort_name","a_2023","overall","overall","Flag any time prior comorbidities","Copd","percentage","percentage","7.35855196888221","overall","overall"
"13","cdm_gold_202512","cohort_name","a_2023","overall","overall","Flag any time prior comorbidities","Asthma","count","integer","26784","overall","overall"
"13","cdm_gold_202512","cohort_name","a_2023","overall","overall","Flag any time prior comorbidities","Asthma","percentage","percentage","8.30138387391715","overall","overall"
"13","cdm_gold_202512","cohort_name","a_2023","overall","overall","Flag any time prior comorbidities","Osteoporosis","count","integer","22525","overall","overall"
"13","cdm_gold_202512","cohort_name","a_2023","overall","overall","Flag any time prior comorbidities","Osteoporosis","percentage","percentage","6.98135721923476","overall","overall"
"13","cdm_gold_202512","cohort_name","a_2023","overall","overall","Flag any time prior comorbidities","Dementia","count","integer","8947","overall","overall"
"13","cdm_gold_202512","cohort_name","a_2023","overall","overall","Flag any time prior comorbidities","Dementia","percentage","percentage","2.77301678315176","overall","overall"
"13","cdm_gold_202512","cohort_name","a_2023","overall","overall","Flag any time prior comorbidities","Ckd","count","integer","46909","overall","overall"
"13","cdm_gold_202512","cohort_name","a_2023","overall","overall","Flag any time prior comorbidities","Ckd","percentage","percentage","14.5388894915464","overall","overall"
"13","cdm_gold_202512","cohort_name","a_2023","overall","overall","Flag any time prior comorbidities","Hypothyroidism","count","integer","23068","overall","overall"
"13","cdm_gold_202512","cohort_name","a_2023","overall","overall","Flag any time prior comorbidities","Hypothyroidism","percentage","percentage","7.149653644098","overall","overall"
"13","cdm_gold_202512","cohort_name","a_2023","overall","overall","Count any time prior vaccination","Pneumococcal vaccine","min","numeric","0","overall","overall"
"13","cdm_gold_202512","cohort_name","a_2023","overall","overall","Count any time prior vaccination","Pneumococcal vaccine","q25","numeric","0","overall","overall"
"13","cdm_gold_202512","cohort_name","a_2023","overall","overall","Count any time prior vaccination","Pneumococcal vaccine","median","numeric","1","overall","overall"
"13","cdm_gold_202512","cohort_name","a_2023","overall","overall","Count any time prior vaccination","Pneumococcal vaccine","q75","numeric","1","overall","overall"
"13","cdm_gold_202512","cohort_name","a_2023","overall","overall","Count any time prior vaccination","Pneumococcal vaccine","max","numeric","11","overall","overall"
"13","cdm_gold_202512","cohort_name","a_2023","overall","overall","Count any time prior vaccination","Pneumococcal vaccine","mean","numeric","0.745801112678021","overall","overall"
"13","cdm_gold_202512","cohort_name","a_2023","overall","overall","Count any time prior vaccination","Pneumococcal vaccine","sd","numeric","0.56407654052058","overall","overall"
"13","cdm_gold_202512","cohort_name","a_2023","overall","overall","Count any time prior vaccination","Rsv vaccine","min","numeric","0","overall","overall"
"13","cdm_gold_202512","cohort_name","a_2023","overall","overall","Count any time prior vaccination","Rsv vaccine","q25","numeric","0","overall","overall"
"13","cdm_gold_202512","cohort_name","a_2023","overall","overall","Count any time prior vaccination","Rsv vaccine","median","numeric","0","overall","overall"
"13","cdm_gold_202512","cohort_name","a_2023","overall","overall","Count any time prior vaccination","Rsv vaccine","q75","numeric","0","overall","overall"
"13","cdm_gold_202512","cohort_name","a_2023","overall","overall","Count any time prior vaccination","Rsv vaccine","max","numeric","0","overall","overall"
"13","cdm_gold_202512","cohort_name","a_2023","overall","overall","Count any time prior vaccination","Rsv vaccine","mean","numeric","0","overall","overall"
"13","cdm_gold_202512","cohort_name","a_2023","overall","overall","Count any time prior vaccination","Rsv vaccine","sd","numeric","0","overall","overall"
"13","cdm_gold_202512","cohort_name","a_2023","overall","overall","Count any time prior vaccination","Herpes zoster vaccine","min","numeric","0","overall","overall"
"13","cdm_gold_202512","cohort_name","a_2023","overall","overall","Count any time prior vaccination","Herpes zoster vaccine","q25","numeric","0","overall","overall"
"13","cdm_gold_202512","cohort_name","a_2023","overall","overall","Count any time prior vaccination","Herpes zoster vaccine","median","numeric","0","overall","overall"
"13","cdm_gold_202512","cohort_name","a_2023","overall","overall","Count any time prior vaccination","Herpes zoster vaccine","q75","numeric","0","overall","overall"
"13","cdm_gold_202512","cohort_name","a_2023","overall","overall","Count any time prior vaccination","Herpes zoster vaccine","max","numeric","4","overall","overall"
"13","cdm_gold_202512","cohort_name","a_2023","overall","overall","Count any time prior vaccination","Herpes zoster vaccine","mean","numeric","0.203616978412807","overall","overall"
"13","cdm_gold_202512","cohort_name","a_2023","overall","overall","Count any time prior vaccination","Herpes zoster vaccine","sd","numeric","0.43508858400271","overall","overall"
"13","cdm_gold_202512","cohort_name","a_2023","overall","overall","Count any time prior vaccination","Influenza","min","numeric","0","overall","overall"
"13","cdm_gold_202512","cohort_name","a_2023","overall","overall","Count any time prior vaccination","Influenza","q25","numeric","4","overall","overall"
"13","cdm_gold_202512","cohort_name","a_2023","overall","overall","Count any time prior vaccination","Influenza","median","numeric","8","overall","overall"
"13","cdm_gold_202512","cohort_name","a_2023","overall","overall","Count any time prior vaccination","Influenza","q75","numeric","15","overall","overall"
"13","cdm_gold_202512","cohort_name","a_2023","overall","overall","Count any time prior vaccination","Influenza","max","numeric","44","overall","overall"
"13","cdm_gold_202512","cohort_name","a_2023","overall","overall","Count any time prior vaccination","Influenza","mean","numeric","9.46775868214291","overall","overall"
"13","cdm_gold_202512","cohort_name","a_2023","overall","overall","Count any time prior vaccination","Influenza","sd","numeric","6.63806328820249","overall","overall"
"13","cdm_gold_202512","cohort_name","a_2023","overall","overall","Count last year vaccination","Rsv vaccine","min","numeric","0","overall","overall"
"13","cdm_gold_202512","cohort_name","a_2023","overall","overall","Count last year vaccination","Rsv vaccine","q25","numeric","0","overall","overall"
"13","cdm_gold_202512","cohort_name","a_2023","overall","overall","Count last year vaccination","Rsv vaccine","median","numeric","0","overall","overall"
"13","cdm_gold_202512","cohort_name","a_2023","overall","overall","Count last year vaccination","Rsv vaccine","q75","numeric","0","overall","overall"
"13","cdm_gold_202512","cohort_name","a_2023","overall","overall","Count last year vaccination","Rsv vaccine","max","numeric","0","overall","overall"
"13","cdm_gold_202512","cohort_name","a_2023","overall","overall","Count last year vaccination","Rsv vaccine","mean","numeric","0","overall","overall"
"13","cdm_gold_202512","cohort_name","a_2023","overall","overall","Count last year vaccination","Rsv vaccine","sd","numeric","0","overall","overall"
"13","cdm_gold_202512","cohort_name","a_2023","overall","overall","Count last year vaccination","Herpes zoster vaccine","min","numeric","0","overall","overall"
"13","cdm_gold_202512","cohort_name","a_2023","overall","overall","Count last year vaccination","Herpes zoster vaccine","q25","numeric","0","overall","overall"
"13","cdm_gold_202512","cohort_name","a_2023","overall","overall","Count last year vaccination","Herpes zoster vaccine","median","numeric","0","overall","overall"
"13","cdm_gold_202512","cohort_name","a_2023","overall","overall","Count last year vaccination","Herpes zoster vaccine","q75","numeric","0","overall","overall"
"13","cdm_gold_202512","cohort_name","a_2023","overall","overall","Count last year vaccination","Herpes zoster vaccine","max","numeric","4","overall","overall"
"13","cdm_gold_202512","cohort_name","a_2023","overall","overall","Count last year vaccination","Herpes zoster vaccine","mean","numeric","0.0789877419454819","overall","overall"
"13","cdm_gold_202512","cohort_name","a_2023","overall","overall","Count last year vaccination","Herpes zoster vaccine","sd","numeric","0.298778612963631","overall","overall"
"13","cdm_gold_202512","cohort_name","a_2023","overall","overall","Count last year vaccination","Pneumococcal vaccine","min","numeric","0","overall","overall"
"13","cdm_gold_202512","cohort_name","a_2023","overall","overall","Count last year vaccination","Pneumococcal vaccine","q25","numeric","0","overall","overall"
"13","cdm_gold_202512","cohort_name","a_2023","overall","overall","Count last year vaccination","Pneumococcal vaccine","median","numeric","0","overall","overall"
"13","cdm_gold_202512","cohort_name","a_2023","overall","overall","Count last year vaccination","Pneumococcal vaccine","q75","numeric","0","overall","overall"
"13","cdm_gold_202512","cohort_name","a_2023","overall","overall","Count last year vaccination","Pneumococcal vaccine","max","numeric","4","overall","overall"
"13","cdm_gold_202512","cohort_name","a_2023","overall","overall","Count last year vaccination","Pneumococcal vaccine","mean","numeric","0.0699344480776085","overall","overall"
"13","cdm_gold_202512","cohort_name","a_2023","overall","overall","Count last year vaccination","Pneumococcal vaccine","sd","numeric","0.257383733871795","overall","overall"
"13","cdm_gold_202512","cohort_name","a_2023","overall","overall","Count last year vaccination","Influenza","min","numeric","0","overall","overall"
"13","cdm_gold_202512","cohort_name","a_2023","overall","overall","Count last year vaccination","Influenza","q25","numeric","0","overall","overall"
"13","cdm_gold_202512","cohort_name","a_2023","overall","overall","Count last year vaccination","Influenza","median","numeric","0","overall","overall"
"13","cdm_gold_202512","cohort_name","a_2023","overall","overall","Count last year vaccination","Influenza","q75","numeric","1","overall","overall"
"13","cdm_gold_202512","cohort_name","a_2023","overall","overall","Count last year vaccination","Influenza","max","numeric","4","overall","overall"
"13","cdm_gold_202512","cohort_name","a_2023","overall","overall","Count last year vaccination","Influenza","mean","numeric","0.404760650250275","overall","overall"
"13","cdm_gold_202512","cohort_name","a_2023","overall","overall","Count last year vaccination","Influenza","sd","numeric","0.546372676614218","overall","overall"
"13","cdm_gold_202512","cohort_name","s_2024","overall","overall","Number records",NA,"count","integer","155676","overall","overall"
"13","cdm_gold_202512","cohort_name","s_2024","overall","overall","Number subjects",NA,"count","integer","155676","overall","overall"
"13","cdm_gold_202512","cohort_name","s_2024","overall","overall","Cohort start date",NA,"min","date","2024-04-15","overall","overall"
"13","cdm_gold_202512","cohort_name","s_2024","overall","overall","Cohort start date",NA,"q25","date","2024-04-24","overall","overall"
"13","cdm_gold_202512","cohort_name","s_2024","overall","overall","Cohort start date",NA,"median","date","2024-05-05","overall","overall"
"13","cdm_gold_202512","cohort_name","s_2024","overall","overall","Cohort start date",NA,"q75","date","2024-05-20","overall","overall"
"13","cdm_gold_202512","cohort_name","s_2024","overall","overall","Cohort start date",NA,"max","date","2024-06-30","overall","overall"
"13","cdm_gold_202512","cohort_name","s_2024","overall","overall","Cohort end date",NA,"min","date","2024-04-15","overall","overall"
"13","cdm_gold_202512","cohort_name","s_2024","overall","overall","Cohort end date",NA,"q25","date","2024-04-24","overall","overall"
"13","cdm_gold_202512","cohort_name","s_2024","overall","overall","Cohort end date",NA,"median","date","2024-05-05","overall","overall"
"13","cdm_gold_202512","cohort_name","s_2024","overall","overall","Cohort end date",NA,"q75","date","2024-05-20","overall","overall"
"13","cdm_gold_202512","cohort_name","s_2024","overall","overall","Cohort end date",NA,"max","date","2024-06-30","overall","overall"
"13","cdm_gold_202512","cohort_name","s_2024","overall","overall","Region","England","count","integer","3150","overall","overall"
"13","cdm_gold_202512","cohort_name","s_2024","overall","overall","Region","England","percentage","percentage","2.02343328451399","overall","overall"
"13","cdm_gold_202512","cohort_name","s_2024","overall","overall","Region","Northern ireland","count","integer","12278","overall","overall"
"13","cdm_gold_202512","cohort_name","s_2024","overall","overall","Region","Northern ireland","percentage","percentage","7.88689329119453","overall","overall"
"13","cdm_gold_202512","cohort_name","s_2024","overall","overall","Region","Scotland","count","integer","90255","overall","overall"
"13","cdm_gold_202512","cohort_name","s_2024","overall","overall","Region","Scotland","percentage","percentage","57.9761812996223","overall","overall"
"13","cdm_gold_202512","cohort_name","s_2024","overall","overall","Region","Wales","count","integer","49993","overall","overall"
"13","cdm_gold_202512","cohort_name","s_2024","overall","overall","Region","Wales","percentage","percentage","32.1134921246692","overall","overall"
"13","cdm_gold_202512","cohort_name","s_2024","overall","overall","Ethnicity","Asian","count","integer","361","overall","overall"
"13","cdm_gold_202512","cohort_name","s_2024","overall","overall","Ethnicity","Asian","percentage","percentage","0.231891878003032","overall","overall"
"13","cdm_gold_202512","cohort_name","s_2024","overall","overall","Ethnicity","Black","count","integer","57","overall","overall"
"13","cdm_gold_202512","cohort_name","s_2024","overall","overall","Ethnicity","Black","percentage","percentage","0.0366145070531103","overall","overall"
"13","cdm_gold_202512","cohort_name","s_2024","overall","overall","Ethnicity","Missing","count","integer","86694","overall","overall"
"13","cdm_gold_202512","cohort_name","s_2024","overall","overall","Ethnicity","Missing","percentage","percentage","55.6887381484622","overall","overall"
"13","cdm_gold_202512","cohort_name","s_2024","overall","overall","Ethnicity","White","count","integer","68564","overall","overall"
"13","cdm_gold_202512","cohort_name","s_2024","overall","overall","Ethnicity","White","percentage","percentage","44.0427554664817","overall","overall"
"13","cdm_gold_202512","cohort_name","s_2024","overall","overall","Sex","Female","count","integer","83526","overall","overall"
"13","cdm_gold_202512","cohort_name","s_2024","overall","overall","Sex","Female","percentage","percentage","53.6537423880367","overall","overall"
"13","cdm_gold_202512","cohort_name","s_2024","overall","overall","Sex","Male","count","integer","72150","overall","overall"
"13","cdm_gold_202512","cohort_name","s_2024","overall","overall","Sex","Male","percentage","percentage","46.3462576119633","overall","overall"
"13","cdm_gold_202512","cohort_name","s_2024","overall","overall","Imd","Q1","count","integer","21730","overall","overall"
"13","cdm_gold_202512","cohort_name","s_2024","overall","overall","Imd","Q1","percentage","percentage","13.9584778642822","overall","overall"
"13","cdm_gold_202512","cohort_name","s_2024","overall","overall","Imd","Q2","count","integer","23061","overall","overall"
"13","cdm_gold_202512","cohort_name","s_2024","overall","overall","Imd","Q2","percentage","percentage","14.813458721961","overall","overall"
"13","cdm_gold_202512","cohort_name","s_2024","overall","overall","Imd","Q3","count","integer","48046","overall","overall"
"13","cdm_gold_202512","cohort_name","s_2024","overall","overall","Imd","Q3","percentage","percentage","30.8628176469077","overall","overall"
"13","cdm_gold_202512","cohort_name","s_2024","overall","overall","Imd","Q4","count","integer","42846","overall","overall"
"13","cdm_gold_202512","cohort_name","s_2024","overall","overall","Imd","Q4","percentage","percentage","27.5225468280274","overall","overall"
"13","cdm_gold_202512","cohort_name","s_2024","overall","overall","Imd","Q5","count","integer","19993","overall","overall"
"13","cdm_gold_202512","cohort_name","s_2024","overall","overall","Imd","Q5","percentage","percentage","12.8426989388217","overall","overall"
"13","cdm_gold_202512","cohort_name","s_2024","overall","overall","Immunosuppressed",NA,"count","integer","10650","overall","overall"
"13","cdm_gold_202512","cohort_name","s_2024","overall","overall","Immunosuppressed",NA,"min","integer","0","overall","overall"
"13","cdm_gold_202512","cohort_name","s_2024","overall","overall","Immunosuppressed",NA,"q25","integer","0","overall","overall"
"13","cdm_gold_202512","cohort_name","s_2024","overall","overall","Immunosuppressed",NA,"median","integer","0","overall","overall"
"13","cdm_gold_202512","cohort_name","s_2024","overall","overall","Immunosuppressed",NA,"q75","integer","0","overall","overall"
"13","cdm_gold_202512","cohort_name","s_2024","overall","overall","Immunosuppressed",NA,"max","integer","1","overall","overall"
"13","cdm_gold_202512","cohort_name","s_2024","overall","overall","Immunosuppressed",NA,"percentage","percentage","6.84113158097587","overall","overall"
"13","cdm_gold_202512","cohort_name","s_2024","overall","overall","Immunosuppressed",NA,"mean","numeric","0.0684113158097587","overall","overall"
"13","cdm_gold_202512","cohort_name","s_2024","overall","overall","Immunosuppressed",NA,"sd","numeric","0.252451217198901","overall","overall"
"13","cdm_gold_202512","cohort_name","s_2024","overall","overall","Age eligibility",NA,"count","integer","149764","overall","overall"
"13","cdm_gold_202512","cohort_name","s_2024","overall","overall","Age eligibility",NA,"min","integer","0","overall","overall"
"13","cdm_gold_202512","cohort_name","s_2024","overall","overall","Age eligibility",NA,"q25","integer","1","overall","overall"
"13","cdm_gold_202512","cohort_name","s_2024","overall","overall","Age eligibility",NA,"median","integer","1","overall","overall"
"13","cdm_gold_202512","cohort_name","s_2024","overall","overall","Age eligibility",NA,"q75","integer","1","overall","overall"
"13","cdm_gold_202512","cohort_name","s_2024","overall","overall","Age eligibility",NA,"max","integer","1","overall","overall"
"13","cdm_gold_202512","cohort_name","s_2024","overall","overall","Age eligibility",NA,"percentage","percentage","96.2023690228423","overall","overall"
"13","cdm_gold_202512","cohort_name","s_2024","overall","overall","Age eligibility",NA,"mean","numeric","0.962023690228423","overall","overall"
"13","cdm_gold_202512","cohort_name","s_2024","overall","overall","Age eligibility",NA,"sd","numeric","0.191139593882695","overall","overall"
"13","cdm_gold_202512","cohort_name","s_2024","overall","overall","Prior dose",NA,"min","integer","2","overall","overall"
"13","cdm_gold_202512","cohort_name","s_2024","overall","overall","Prior dose",NA,"q25","integer","6","overall","overall"
"13","cdm_gold_202512","cohort_name","s_2024","overall","overall","Prior dose",NA,"median","integer","7","overall","overall"
"13","cdm_gold_202512","cohort_name","s_2024","overall","overall","Prior dose",NA,"q75","integer","7","overall","overall"
"13","cdm_gold_202512","cohort_name","s_2024","overall","overall","Prior dose",NA,"max","integer","9","overall","overall"
"13","cdm_gold_202512","cohort_name","s_2024","overall","overall","Prior dose",NA,"mean","numeric","6.52908605051517","overall","overall"
"13","cdm_gold_202512","cohort_name","s_2024","overall","overall","Prior dose",NA,"sd","numeric","0.815646330224948","overall","overall"
"13","cdm_gold_202512","cohort_name","s_2024","overall","overall","Dose",NA,"min","integer","3","overall","overall"
"13","cdm_gold_202512","cohort_name","s_2024","overall","overall","Dose",NA,"q25","integer","7","overall","overall"
"13","cdm_gold_202512","cohort_name","s_2024","overall","overall","Dose",NA,"median","integer","8","overall","overall"
"13","cdm_gold_202512","cohort_name","s_2024","overall","overall","Dose",NA,"q75","integer","8","overall","overall"
"13","cdm_gold_202512","cohort_name","s_2024","overall","overall","Dose",NA,"max","integer","10","overall","overall"
"13","cdm_gold_202512","cohort_name","s_2024","overall","overall","Dose",NA,"mean","numeric","7","overall","overall"
"13","cdm_gold_202512","cohort_name","s_2024","overall","overall","Dose",NA,"sd","numeric","0.815646330224948","overall","overall"
"13","cdm_gold_202512","cohort_name","s_2024","overall","overall","Age group","35-44","count","integer","318","overall","overall"
"13","cdm_gold_202512","cohort_name","s_2024","overall","overall","Age group","35-44","percentage","percentage","0.204270407769984","overall","overall"
"13","cdm_gold_202512","cohort_name","s_2024","overall","overall","Age group","45-54","count","integer","790","overall","overall"
"13","cdm_gold_202512","cohort_name","s_2024","overall","overall","Age group","45-54","percentage","percentage","0.507464220560652","overall","overall"
"13","cdm_gold_202512","cohort_name","s_2024","overall","overall","Age group","55-64","count","integer","1875","overall","overall"
"13","cdm_gold_202512","cohort_name","s_2024","overall","overall","Age group","55-64","percentage","percentage","1.20442457411547","overall","overall"
"13","cdm_gold_202512","cohort_name","s_2024","overall","overall","Age group","65-74","count","integer","2701","overall","overall"
"13","cdm_gold_202512","cohort_name","s_2024","overall","overall","Age group","65-74","percentage","percentage","1.73501374649914","overall","overall"
"13","cdm_gold_202512","cohort_name","s_2024","overall","overall","Age group","75-84","count","integer","110390","overall","overall"
"13","cdm_gold_202512","cohort_name","s_2024","overall","overall","Age group","75-84","percentage","percentage","70.9100953261903","overall","overall"
"13","cdm_gold_202512","cohort_name","s_2024","overall","overall","Age group","85-94","count","integer","36791","overall","overall"
"13","cdm_gold_202512","cohort_name","s_2024","overall","overall","Age group","85-94","percentage","percentage","23.6330584033505","overall","overall"
"13","cdm_gold_202512","cohort_name","s_2024","overall","overall","Age group","<=34","count","integer","228","overall","overall"
"13","cdm_gold_202512","cohort_name","s_2024","overall","overall","Age group","<=34","percentage","percentage","0.146458028212441","overall","overall"
"13","cdm_gold_202512","cohort_name","s_2024","overall","overall","Age group",">=95","count","integer","2583","overall","overall"
"13","cdm_gold_202512","cohort_name","s_2024","overall","overall","Age group",">=95","percentage","percentage","1.65921529330147","overall","overall"
"13","cdm_gold_202512","cohort_name","s_2024","overall","overall","Age",NA,"min","integer","10","overall","overall"
"13","cdm_gold_202512","cohort_name","s_2024","overall","overall","Age",NA,"q25","integer","77","overall","overall"
"13","cdm_gold_202512","cohort_name","s_2024","overall","overall","Age",NA,"median","integer","80","overall","overall"
"13","cdm_gold_202512","cohort_name","s_2024","overall","overall","Age",NA,"q75","integer","85","overall","overall"
"13","cdm_gold_202512","cohort_name","s_2024","overall","overall","Age",NA,"max","integer","109","overall","overall"
"13","cdm_gold_202512","cohort_name","s_2024","overall","overall","Age",NA,"mean","numeric","80.7915478301087","overall","overall"
"13","cdm_gold_202512","cohort_name","s_2024","overall","overall","Age",NA,"sd","numeric","6.76907662723071","overall","overall"
"13","cdm_gold_202512","cohort_name","s_2024","overall","overall","Prior observation",NA,"min","integer","1225","overall","overall"
"13","cdm_gold_202512","cohort_name","s_2024","overall","overall","Prior observation",NA,"q25","integer","6305","overall","overall"
"13","cdm_gold_202512","cohort_name","s_2024","overall","overall","Prior observation",NA,"median","integer","7541","overall","overall"
"13","cdm_gold_202512","cohort_name","s_2024","overall","overall","Prior observation",NA,"q75","integer","8154","overall","overall"
"13","cdm_gold_202512","cohort_name","s_2024","overall","overall","Prior observation",NA,"max","integer","13050","overall","overall"
"13","cdm_gold_202512","cohort_name","s_2024","overall","overall","Prior observation",NA,"mean","numeric","7026.96251830725","overall","overall"
"13","cdm_gold_202512","cohort_name","s_2024","overall","overall","Prior observation",NA,"sd","numeric","2299.66321680924","overall","overall"
"13","cdm_gold_202512","cohort_name","s_2024","overall","overall","Future observation",NA,"min","integer","0","overall","overall"
"13","cdm_gold_202512","cohort_name","s_2024","overall","overall","Future observation",NA,"q25","integer","398","overall","overall"
"13","cdm_gold_202512","cohort_name","s_2024","overall","overall","Future observation",NA,"median","integer","542","overall","overall"
"13","cdm_gold_202512","cohort_name","s_2024","overall","overall","Future observation",NA,"q75","integer","562","overall","overall"
"13","cdm_gold_202512","cohort_name","s_2024","overall","overall","Future observation",NA,"max","integer","581","overall","overall"
"13","cdm_gold_202512","cohort_name","s_2024","overall","overall","Future observation",NA,"mean","numeric","464.791676302063","overall","overall"
"13","cdm_gold_202512","cohort_name","s_2024","overall","overall","Future observation",NA,"sd","numeric","147.10125682052","overall","overall"
"13","cdm_gold_202512","cohort_name","s_2024","overall","overall","Days in cohort",NA,"min","integer","1","overall","overall"
"13","cdm_gold_202512","cohort_name","s_2024","overall","overall","Days in cohort",NA,"q25","integer","1","overall","overall"
"13","cdm_gold_202512","cohort_name","s_2024","overall","overall","Days in cohort",NA,"median","integer","1","overall","overall"
"13","cdm_gold_202512","cohort_name","s_2024","overall","overall","Days in cohort",NA,"q75","integer","1","overall","overall"
"13","cdm_gold_202512","cohort_name","s_2024","overall","overall","Days in cohort",NA,"max","integer","1","overall","overall"
"13","cdm_gold_202512","cohort_name","s_2024","overall","overall","Days in cohort",NA,"mean","numeric","1","overall","overall"
"13","cdm_gold_202512","cohort_name","s_2024","overall","overall","Days in cohort",NA,"sd","numeric","0","overall","overall"
"13","cdm_gold_202512","cohort_name","s_2024","overall","overall","Days to next record",NA,"min","integer",NA,"overall","overall"
"13","cdm_gold_202512","cohort_name","s_2024","overall","overall","Days to next record",NA,"q25","integer",NA,"overall","overall"
"13","cdm_gold_202512","cohort_name","s_2024","overall","overall","Days to next record",NA,"median","integer",NA,"overall","overall"
"13","cdm_gold_202512","cohort_name","s_2024","overall","overall","Days to next record",NA,"q75","integer",NA,"overall","overall"
"13","cdm_gold_202512","cohort_name","s_2024","overall","overall","Days to next record",NA,"max","integer",NA,"overall","overall"
"13","cdm_gold_202512","cohort_name","s_2024","overall","overall","Days to next record",NA,"mean","numeric",NA,"overall","overall"
"13","cdm_gold_202512","cohort_name","s_2024","overall","overall","Days to next record",NA,"sd","numeric",NA,"overall","overall"
"13","cdm_gold_202512","cohort_name","s_2024","overall","overall","Number visits in the prior year",NA,"min","numeric","0","overall","overall"
"13","cdm_gold_202512","cohort_name","s_2024","overall","overall","Number visits in the prior year",NA,"q25","numeric","19","overall","overall"
"13","cdm_gold_202512","cohort_name","s_2024","overall","overall","Number visits in the prior year",NA,"median","numeric","29","overall","overall"
"13","cdm_gold_202512","cohort_name","s_2024","overall","overall","Number visits in the prior year",NA,"q75","numeric","42","overall","overall"
"13","cdm_gold_202512","cohort_name","s_2024","overall","overall","Number visits in the prior year",NA,"max","numeric","255","overall","overall"
"13","cdm_gold_202512","cohort_name","s_2024","overall","overall","Number visits in the prior year",NA,"mean","numeric","32.483690485367","overall","overall"
"13","cdm_gold_202512","cohort_name","s_2024","overall","overall","Number visits in the prior year",NA,"sd","numeric","19.3183693293497","overall","overall"
"13","cdm_gold_202512","cohort_name","s_2024","overall","overall","Flag any time prior vaccination","Influenza","count","integer","152751","overall","overall"
"13","cdm_gold_202512","cohort_name","s_2024","overall","overall","Flag any time prior vaccination","Influenza","percentage","percentage","98.1210976643799","overall","overall"
"13","cdm_gold_202512","cohort_name","s_2024","overall","overall","Flag any time prior vaccination","Herpes zoster vaccine","count","integer","38629","overall","overall"
"13","cdm_gold_202512","cohort_name","s_2024","overall","overall","Flag any time prior vaccination","Herpes zoster vaccine","percentage","percentage","24.8137156658701","overall","overall"
"13","cdm_gold_202512","cohort_name","s_2024","overall","overall","Flag any time prior vaccination","Pneumococcal vaccine","count","integer","114216","overall","overall"
"13","cdm_gold_202512","cohort_name","s_2024","overall","overall","Flag any time prior vaccination","Pneumococcal vaccine","percentage","percentage","73.3677638171587","overall","overall"
"13","cdm_gold_202512","cohort_name","s_2024","overall","overall","Flag any time prior vaccination","Rsv vaccine","count","integer","0","overall","overall"
"13","cdm_gold_202512","cohort_name","s_2024","overall","overall","Flag any time prior vaccination","Rsv vaccine","percentage","percentage","0","overall","overall"
"13","cdm_gold_202512","cohort_name","s_2024","overall","overall","Flag last year vaccination","Rsv vaccine","count","integer","0","overall","overall"
"13","cdm_gold_202512","cohort_name","s_2024","overall","overall","Flag last year vaccination","Rsv vaccine","percentage","percentage","0","overall","overall"
"13","cdm_gold_202512","cohort_name","s_2024","overall","overall","Flag last year vaccination","Influenza","count","integer","139850","overall","overall"
"13","cdm_gold_202512","cohort_name","s_2024","overall","overall","Flag last year vaccination","Influenza","percentage","percentage","89.8340142346926","overall","overall"
"13","cdm_gold_202512","cohort_name","s_2024","overall","overall","Flag last year vaccination","Pneumococcal vaccine","count","integer","3452","overall","overall"
"13","cdm_gold_202512","cohort_name","s_2024","overall","overall","Flag last year vaccination","Pneumococcal vaccine","percentage","percentage","2.21742593591819","overall","overall"
"13","cdm_gold_202512","cohort_name","s_2024","overall","overall","Flag last year vaccination","Herpes zoster vaccine","count","integer","6840","overall","overall"
"13","cdm_gold_202512","cohort_name","s_2024","overall","overall","Flag last year vaccination","Herpes zoster vaccine","percentage","percentage","4.39374084637324","overall","overall"
"13","cdm_gold_202512","cohort_name","s_2024","overall","overall","Flag on index vaccination","Influenza","count","integer","-","overall","overall"
"13","cdm_gold_202512","cohort_name","s_2024","overall","overall","Flag on index vaccination","Influenza","percentage","percentage","-","overall","overall"
"13","cdm_gold_202512","cohort_name","s_2024","overall","overall","Flag on index vaccination","Pneumococcal vaccine","count","integer","201","overall","overall"
"13","cdm_gold_202512","cohort_name","s_2024","overall","overall","Flag on index vaccination","Pneumococcal vaccine","percentage","percentage","0.129114314345178","overall","overall"
"13","cdm_gold_202512","cohort_name","s_2024","overall","overall","Flag on index vaccination","Herpes zoster vaccine","count","integer","376","overall","overall"
"13","cdm_gold_202512","cohort_name","s_2024","overall","overall","Flag on index vaccination","Herpes zoster vaccine","percentage","percentage","0.241527274595956","overall","overall"
"13","cdm_gold_202512","cohort_name","s_2024","overall","overall","Flag on index vaccination","Rsv vaccine","count","integer","0","overall","overall"
"13","cdm_gold_202512","cohort_name","s_2024","overall","overall","Flag on index vaccination","Rsv vaccine","percentage","percentage","0","overall","overall"
"13","cdm_gold_202512","cohort_name","s_2024","overall","overall","Flag any time prior comorbidities","Myocardial infarction","count","integer","8127","overall","overall"
"13","cdm_gold_202512","cohort_name","s_2024","overall","overall","Flag any time prior comorbidities","Myocardial infarction","percentage","percentage","5.2204578740461","overall","overall"
"13","cdm_gold_202512","cohort_name","s_2024","overall","overall","Flag any time prior comorbidities","Malignant neoplastic disease","count","integer","38123","overall","overall"
"13","cdm_gold_202512","cohort_name","s_2024","overall","overall","Flag any time prior comorbidities","Malignant neoplastic disease","percentage","percentage","24.4886816208022","overall","overall"
"13","cdm_gold_202512","cohort_name","s_2024","overall","overall","Flag any time prior comorbidities","Inflammatory bowel disease","count","integer","1978","overall","overall"
"13","cdm_gold_202512","cohort_name","s_2024","overall","overall","Flag any time prior comorbidities","Inflammatory bowel disease","percentage","percentage","1.27058763072021","overall","overall"
"13","cdm_gold_202512","cohort_name","s_2024","overall","overall","Flag any time prior comorbidities","Cld","count","integer","919","overall","overall"
"13","cdm_gold_202512","cohort_name","s_2024","overall","overall","Flag any time prior comorbidities","Cld","percentage","percentage","0.590328631259796","overall","overall"
"13","cdm_gold_202512","cohort_name","s_2024","overall","overall","Flag any time prior comorbidities","Renal impairment","count","integer","34211","overall","overall"
"13","cdm_gold_202512","cohort_name","s_2024","overall","overall","Flag any time prior comorbidities","Renal impairment","percentage","percentage","21.9757701893677","overall","overall"
"13","cdm_gold_202512","cohort_name","s_2024","overall","overall","Flag any time prior comorbidities","Hiv","count","integer","21","overall","overall"
"13","cdm_gold_202512","cohort_name","s_2024","overall","overall","Flag any time prior comorbidities","Hiv","percentage","percentage","0.0134895552300933","overall","overall"
"13","cdm_gold_202512","cohort_name","s_2024","overall","overall","Flag any time prior comorbidities","Stroke","count","integer","7551","overall","overall"
"13","cdm_gold_202512","cohort_name","s_2024","overall","overall","Flag any time prior comorbidities","Stroke","percentage","percentage","4.85045864487782","overall","overall"
"13","cdm_gold_202512","cohort_name","s_2024","overall","overall","Flag any time prior comorbidities","Diabetes mellitus","count","integer","26835","overall","overall"
"13","cdm_gold_202512","cohort_name","s_2024","overall","overall","Flag any time prior comorbidities","Diabetes mellitus","percentage","percentage","17.2377245047406","overall","overall"
"13","cdm_gold_202512","cohort_name","s_2024","overall","overall","Flag any time prior comorbidities","Hyperten","count","integer","59015","overall","overall"
"13","cdm_gold_202512","cohort_name","s_2024","overall","overall","Flag any time prior comorbidities","Hyperten","percentage","percentage","37.9088619954264","overall","overall"
"13","cdm_gold_202512","cohort_name","s_2024","overall","overall","Flag any time prior comorbidities","Venous thromboembolism","count","integer","10100","overall","overall"
"13","cdm_gold_202512","cohort_name","s_2024","overall","overall","Flag any time prior comorbidities","Venous thromboembolism","percentage","percentage","6.487833705902","overall","overall"
"13","cdm_gold_202512","cohort_name","s_2024","overall","overall","Flag any time prior comorbidities","Heart failure","count","integer","8673","overall","overall"
"13","cdm_gold_202512","cohort_name","s_2024","overall","overall","Flag any time prior comorbidities","Heart failure","percentage","percentage","5.57118631002852","overall","overall"
"13","cdm_gold_202512","cohort_name","s_2024","overall","overall","Flag any time prior comorbidities","Rheumatoid arthritis","count","integer","3935","overall","overall"
"13","cdm_gold_202512","cohort_name","s_2024","overall","overall","Flag any time prior comorbidities","Rheumatoid arthritis","percentage","percentage","2.52768570621033","overall","overall"
"13","cdm_gold_202512","cohort_name","s_2024","overall","overall","Flag any time prior comorbidities","Copd","count","integer","11836","overall","overall"
"13","cdm_gold_202512","cohort_name","s_2024","overall","overall","Flag any time prior comorbidities","Copd","percentage","percentage","7.60297027158971","overall","overall"
"13","cdm_gold_202512","cohort_name","s_2024","overall","overall","Flag any time prior comorbidities","Asthma","count","integer","12606","overall","overall"
"13","cdm_gold_202512","cohort_name","s_2024","overall","overall","Flag any time prior comorbidities","Asthma","percentage","percentage","8.09758729669313","overall","overall"
"13","cdm_gold_202512","cohort_name","s_2024","overall","overall","Flag any time prior comorbidities","Osteoporosis","count","integer","14441","overall","overall"
"13","cdm_gold_202512","cohort_name","s_2024","overall","overall","Flag any time prior comorbidities","Osteoporosis","percentage","percentage","9.27631747989414","overall","overall"
"13","cdm_gold_202512","cohort_name","s_2024","overall","overall","Flag any time prior comorbidities","Dementia","count","integer","6718","overall","overall"
"13","cdm_gold_202512","cohort_name","s_2024","overall","overall","Flag any time prior comorbidities","Dementia","percentage","percentage","4.31537295408412","overall","overall"
"13","cdm_gold_202512","cohort_name","s_2024","overall","overall","Flag any time prior comorbidities","Ckd","count","integer","32094","overall","overall"
"13","cdm_gold_202512","cohort_name","s_2024","overall","overall","Flag any time prior comorbidities","Ckd","percentage","percentage","20.6158945502197","overall","overall"
"13","cdm_gold_202512","cohort_name","s_2024","overall","overall","Flag any time prior comorbidities","Hypothyroidism","count","integer","11756","overall","overall"
"13","cdm_gold_202512","cohort_name","s_2024","overall","overall","Flag any time prior comorbidities","Hypothyroidism","percentage","percentage","7.55158148976079","overall","overall"
"13","cdm_gold_202512","cohort_name","s_2024","overall","overall","Count any time prior vaccination","Pneumococcal vaccine","min","numeric","0","overall","overall"
"13","cdm_gold_202512","cohort_name","s_2024","overall","overall","Count any time prior vaccination","Pneumococcal vaccine","q25","numeric","0","overall","overall"
"13","cdm_gold_202512","cohort_name","s_2024","overall","overall","Count any time prior vaccination","Pneumococcal vaccine","median","numeric","1","overall","overall"
"13","cdm_gold_202512","cohort_name","s_2024","overall","overall","Count any time prior vaccination","Pneumococcal vaccine","q75","numeric","1","overall","overall"
"13","cdm_gold_202512","cohort_name","s_2024","overall","overall","Count any time prior vaccination","Pneumococcal vaccine","max","numeric","11","overall","overall"
"13","cdm_gold_202512","cohort_name","s_2024","overall","overall","Count any time prior vaccination","Pneumococcal vaccine","mean","numeric","0.799930625144531","overall","overall"
"13","cdm_gold_202512","cohort_name","s_2024","overall","overall","Count any time prior vaccination","Pneumococcal vaccine","sd","numeric","0.567389811340933","overall","overall"
"13","cdm_gold_202512","cohort_name","s_2024","overall","overall","Count any time prior vaccination","Rsv vaccine","min","numeric","0","overall","overall"
"13","cdm_gold_202512","cohort_name","s_2024","overall","overall","Count any time prior vaccination","Rsv vaccine","q25","numeric","0","overall","overall"
"13","cdm_gold_202512","cohort_name","s_2024","overall","overall","Count any time prior vaccination","Rsv vaccine","median","numeric","0","overall","overall"
"13","cdm_gold_202512","cohort_name","s_2024","overall","overall","Count any time prior vaccination","Rsv vaccine","q75","numeric","0","overall","overall"
"13","cdm_gold_202512","cohort_name","s_2024","overall","overall","Count any time prior vaccination","Rsv vaccine","max","numeric","0","overall","overall"
"13","cdm_gold_202512","cohort_name","s_2024","overall","overall","Count any time prior vaccination","Rsv vaccine","mean","numeric","0","overall","overall"
"13","cdm_gold_202512","cohort_name","s_2024","overall","overall","Count any time prior vaccination","Rsv vaccine","sd","numeric","0","overall","overall"
"13","cdm_gold_202512","cohort_name","s_2024","overall","overall","Count any time prior vaccination","Herpes zoster vaccine","min","numeric","0","overall","overall"
"13","cdm_gold_202512","cohort_name","s_2024","overall","overall","Count any time prior vaccination","Herpes zoster vaccine","q25","numeric","0","overall","overall"
"13","cdm_gold_202512","cohort_name","s_2024","overall","overall","Count any time prior vaccination","Herpes zoster vaccine","median","numeric","0","overall","overall"
"13","cdm_gold_202512","cohort_name","s_2024","overall","overall","Count any time prior vaccination","Herpes zoster vaccine","q75","numeric","0","overall","overall"
"13","cdm_gold_202512","cohort_name","s_2024","overall","overall","Count any time prior vaccination","Herpes zoster vaccine","max","numeric","4","overall","overall"
"13","cdm_gold_202512","cohort_name","s_2024","overall","overall","Count any time prior vaccination","Herpes zoster vaccine","mean","numeric","0.278366607569568","overall","overall"
"13","cdm_gold_202512","cohort_name","s_2024","overall","overall","Count any time prior vaccination","Herpes zoster vaccine","sd","numeric","0.512092305525418","overall","overall"
"13","cdm_gold_202512","cohort_name","s_2024","overall","overall","Count any time prior vaccination","Influenza","min","numeric","0","overall","overall"
"13","cdm_gold_202512","cohort_name","s_2024","overall","overall","Count any time prior vaccination","Influenza","q25","numeric","8","overall","overall"
"13","cdm_gold_202512","cohort_name","s_2024","overall","overall","Count any time prior vaccination","Influenza","median","numeric","13","overall","overall"
"13","cdm_gold_202512","cohort_name","s_2024","overall","overall","Count any time prior vaccination","Influenza","q75","numeric","18","overall","overall"
"13","cdm_gold_202512","cohort_name","s_2024","overall","overall","Count any time prior vaccination","Influenza","max","numeric","45","overall","overall"
"13","cdm_gold_202512","cohort_name","s_2024","overall","overall","Count any time prior vaccination","Influenza","mean","numeric","12.9080975872967","overall","overall"
"13","cdm_gold_202512","cohort_name","s_2024","overall","overall","Count any time prior vaccination","Influenza","sd","numeric","6.54401271935307","overall","overall"
"13","cdm_gold_202512","cohort_name","s_2024","overall","overall","Count last year vaccination","Rsv vaccine","min","numeric","0","overall","overall"
"13","cdm_gold_202512","cohort_name","s_2024","overall","overall","Count last year vaccination","Rsv vaccine","q25","numeric","0","overall","overall"
"13","cdm_gold_202512","cohort_name","s_2024","overall","overall","Count last year vaccination","Rsv vaccine","median","numeric","0","overall","overall"
"13","cdm_gold_202512","cohort_name","s_2024","overall","overall","Count last year vaccination","Rsv vaccine","q75","numeric","0","overall","overall"
"13","cdm_gold_202512","cohort_name","s_2024","overall","overall","Count last year vaccination","Rsv vaccine","max","numeric","0","overall","overall"
"13","cdm_gold_202512","cohort_name","s_2024","overall","overall","Count last year vaccination","Rsv vaccine","mean","numeric","0","overall","overall"
"13","cdm_gold_202512","cohort_name","s_2024","overall","overall","Count last year vaccination","Rsv vaccine","sd","numeric","0","overall","overall"
"13","cdm_gold_202512","cohort_name","s_2024","overall","overall","Count last year vaccination","Herpes zoster vaccine","min","numeric","0","overall","overall"
"13","cdm_gold_202512","cohort_name","s_2024","overall","overall","Count last year vaccination","Herpes zoster vaccine","q25","numeric","0","overall","overall"
"13","cdm_gold_202512","cohort_name","s_2024","overall","overall","Count last year vaccination","Herpes zoster vaccine","median","numeric","0","overall","overall"
"13","cdm_gold_202512","cohort_name","s_2024","overall","overall","Count last year vaccination","Herpes zoster vaccine","q75","numeric","0","overall","overall"
"13","cdm_gold_202512","cohort_name","s_2024","overall","overall","Count last year vaccination","Herpes zoster vaccine","max","numeric","3","overall","overall"
"13","cdm_gold_202512","cohort_name","s_2024","overall","overall","Count last year vaccination","Herpes zoster vaccine","mean","numeric","0.060413936637632","overall","overall"
"13","cdm_gold_202512","cohort_name","s_2024","overall","overall","Count last year vaccination","Herpes zoster vaccine","sd","numeric","0.299614943999603","overall","overall"
"13","cdm_gold_202512","cohort_name","s_2024","overall","overall","Count last year vaccination","Pneumococcal vaccine","min","numeric","0","overall","overall"
"13","cdm_gold_202512","cohort_name","s_2024","overall","overall","Count last year vaccination","Pneumococcal vaccine","q25","numeric","0","overall","overall"
"13","cdm_gold_202512","cohort_name","s_2024","overall","overall","Count last year vaccination","Pneumococcal vaccine","median","numeric","0","overall","overall"
"13","cdm_gold_202512","cohort_name","s_2024","overall","overall","Count last year vaccination","Pneumococcal vaccine","q75","numeric","0","overall","overall"
"13","cdm_gold_202512","cohort_name","s_2024","overall","overall","Count last year vaccination","Pneumococcal vaccine","max","numeric","4","overall","overall"
"13","cdm_gold_202512","cohort_name","s_2024","overall","overall","Count last year vaccination","Pneumococcal vaccine","mean","numeric","0.0226046404069992","overall","overall"
"13","cdm_gold_202512","cohort_name","s_2024","overall","overall","Count last year vaccination","Pneumococcal vaccine","sd","numeric","0.152184547945646","overall","overall"
"13","cdm_gold_202512","cohort_name","s_2024","overall","overall","Count last year vaccination","Influenza","min","numeric","0","overall","overall"
"13","cdm_gold_202512","cohort_name","s_2024","overall","overall","Count last year vaccination","Influenza","q25","numeric","1","overall","overall"
"13","cdm_gold_202512","cohort_name","s_2024","overall","overall","Count last year vaccination","Influenza","median","numeric","1","overall","overall"
"13","cdm_gold_202512","cohort_name","s_2024","overall","overall","Count last year vaccination","Influenza","q75","numeric","1","overall","overall"
"13","cdm_gold_202512","cohort_name","s_2024","overall","overall","Count last year vaccination","Influenza","max","numeric","3","overall","overall"
"13","cdm_gold_202512","cohort_name","s_2024","overall","overall","Count last year vaccination","Influenza","mean","numeric","0.902117217811352","overall","overall"
"13","cdm_gold_202512","cohort_name","s_2024","overall","overall","Count last year vaccination","Influenza","sd","numeric","0.310208125092937","overall","overall"
"13","cdm_gold_202512","cohort_name","a_2024","overall","overall","Number records",NA,"count","integer","291837","overall","overall"
"13","cdm_gold_202512","cohort_name","a_2024","overall","overall","Number subjects",NA,"count","integer","291818","overall","overall"
"13","cdm_gold_202512","cohort_name","a_2024","overall","overall","Cohort start date",NA,"min","date","2024-10-03","overall","overall"
"13","cdm_gold_202512","cohort_name","a_2024","overall","overall","Cohort start date",NA,"q25","date","2024-10-16","overall","overall"
"13","cdm_gold_202512","cohort_name","a_2024","overall","overall","Cohort start date",NA,"median","date","2024-10-30","overall","overall"
"13","cdm_gold_202512","cohort_name","a_2024","overall","overall","Cohort start date",NA,"q75","date","2024-11-21","overall","overall"
"13","cdm_gold_202512","cohort_name","a_2024","overall","overall","Cohort start date",NA,"max","date","2025-01-31","overall","overall"
"13","cdm_gold_202512","cohort_name","a_2024","overall","overall","Cohort end date",NA,"min","date","2024-10-03","overall","overall"
"13","cdm_gold_202512","cohort_name","a_2024","overall","overall","Cohort end date",NA,"q25","date","2024-10-16","overall","overall"
"13","cdm_gold_202512","cohort_name","a_2024","overall","overall","Cohort end date",NA,"median","date","2024-10-30","overall","overall"
"13","cdm_gold_202512","cohort_name","a_2024","overall","overall","Cohort end date",NA,"q75","date","2024-11-21","overall","overall"
"13","cdm_gold_202512","cohort_name","a_2024","overall","overall","Cohort end date",NA,"max","date","2025-01-31","overall","overall"
"13","cdm_gold_202512","cohort_name","a_2024","overall","overall","Region","England","count","integer","-","overall","overall"
"13","cdm_gold_202512","cohort_name","a_2024","overall","overall","Region","England","percentage","percentage","-","overall","overall"
"13","cdm_gold_202512","cohort_name","a_2024","overall","overall","Region","Northern ireland","count","integer","25362","overall","overall"
"13","cdm_gold_202512","cohort_name","a_2024","overall","overall","Region","Northern ireland","percentage","percentage","8.69046762405041","overall","overall"
"13","cdm_gold_202512","cohort_name","a_2024","overall","overall","Region","Scotland","count","integer","182659","overall","overall"
"13","cdm_gold_202512","cohort_name","a_2024","overall","overall","Region","Scotland","percentage","percentage","62.5893906530015","overall","overall"
"13","cdm_gold_202512","cohort_name","a_2024","overall","overall","Region","Wales","count","integer","83813","overall","overall"
"13","cdm_gold_202512","cohort_name","a_2024","overall","overall","Region","Wales","percentage","percentage","28.7191137518546","overall","overall"
"13","cdm_gold_202512","cohort_name","a_2024","overall","overall","Ethnicity","Asian","count","integer","854","overall","overall"
"13","cdm_gold_202512","cohort_name","a_2024","overall","overall","Ethnicity","Asian","percentage","percentage","0.292629104602912","overall","overall"
"13","cdm_gold_202512","cohort_name","a_2024","overall","overall","Ethnicity","Black","count","integer","126","overall","overall"
"13","cdm_gold_202512","cohort_name","a_2024","overall","overall","Ethnicity","Black","percentage","percentage","0.0431747859250198","overall","overall"
"13","cdm_gold_202512","cohort_name","a_2024","overall","overall","Ethnicity","Missing","count","integer","162964","overall","overall"
"13","cdm_gold_202512","cohort_name","a_2024","overall","overall","Ethnicity","Missing","percentage","percentage","55.8407604244835","overall","overall"
"13","cdm_gold_202512","cohort_name","a_2024","overall","overall","Ethnicity","White","count","integer","127893","overall","overall"
"13","cdm_gold_202512","cohort_name","a_2024","overall","overall","Ethnicity","White","percentage","percentage","43.8234356849885","overall","overall"
"13","cdm_gold_202512","cohort_name","a_2024","overall","overall","Sex","Female","count","integer","152873","overall","overall"
"13","cdm_gold_202512","cohort_name","a_2024","overall","overall","Sex","Female","percentage","percentage","52.3830083231393","overall","overall"
"13","cdm_gold_202512","cohort_name","a_2024","overall","overall","Sex","Male","count","integer","138964","overall","overall"
"13","cdm_gold_202512","cohort_name","a_2024","overall","overall","Sex","Male","percentage","percentage","47.6169916768607","overall","overall"
"13","cdm_gold_202512","cohort_name","a_2024","overall","overall","Imd","Q1","count","integer","43485","overall","overall"
"13","cdm_gold_202512","cohort_name","a_2024","overall","overall","Imd","Q1","percentage","percentage","14.9004409995991","overall","overall"
"13","cdm_gold_202512","cohort_name","a_2024","overall","overall","Imd","Q2","count","integer","45626","overall","overall"
"13","cdm_gold_202512","cohort_name","a_2024","overall","overall","Imd","Q2","percentage","percentage","15.6340697032933","overall","overall"
"13","cdm_gold_202512","cohort_name","a_2024","overall","overall","Imd","Q3","count","integer","83193","overall","overall"
"13","cdm_gold_202512","cohort_name","a_2024","overall","overall","Imd","Q3","percentage","percentage","28.506666392541","overall","overall"
"13","cdm_gold_202512","cohort_name","a_2024","overall","overall","Imd","Q4","count","integer","81759","overall","overall"
"13","cdm_gold_202512","cohort_name","a_2024","overall","overall","Imd","Q4","percentage","percentage","28.0152962098706","overall","overall"
"13","cdm_gold_202512","cohort_name","a_2024","overall","overall","Imd","Q5","count","integer","37774","overall","overall"
"13","cdm_gold_202512","cohort_name","a_2024","overall","overall","Imd","Q5","percentage","percentage","12.943526694696","overall","overall"
"13","cdm_gold_202512","cohort_name","a_2024","overall","overall","Immunosuppressed",NA,"count","integer","12786","overall","overall"
"13","cdm_gold_202512","cohort_name","a_2024","overall","overall","Immunosuppressed",NA,"min","integer","0","overall","overall"
"13","cdm_gold_202512","cohort_name","a_2024","overall","overall","Immunosuppressed",NA,"q25","integer","0","overall","overall"
"13","cdm_gold_202512","cohort_name","a_2024","overall","overall","Immunosuppressed",NA,"median","integer","0","overall","overall"
"13","cdm_gold_202512","cohort_name","a_2024","overall","overall","Immunosuppressed",NA,"q75","integer","0","overall","overall"
"13","cdm_gold_202512","cohort_name","a_2024","overall","overall","Immunosuppressed",NA,"max","integer","1","overall","overall"
"13","cdm_gold_202512","cohort_name","a_2024","overall","overall","Immunosuppressed",NA,"percentage","percentage","4.38121280029606","overall","overall"
"13","cdm_gold_202512","cohort_name","a_2024","overall","overall","Immunosuppressed",NA,"mean","numeric","0.0438121280029606","overall","overall"
"13","cdm_gold_202512","cohort_name","a_2024","overall","overall","Immunosuppressed",NA,"sd","numeric","0.204677231247961","overall","overall"
"13","cdm_gold_202512","cohort_name","a_2024","overall","overall","Age eligibility",NA,"count","integer","287761","overall","overall"
"13","cdm_gold_202512","cohort_name","a_2024","overall","overall","Age eligibility",NA,"min","integer","0","overall","overall"
"13","cdm_gold_202512","cohort_name","a_2024","overall","overall","Age eligibility",NA,"q25","integer","1","overall","overall"
"13","cdm_gold_202512","cohort_name","a_2024","overall","overall","Age eligibility",NA,"median","integer","1","overall","overall"
"13","cdm_gold_202512","cohort_name","a_2024","overall","overall","Age eligibility",NA,"q75","integer","1","overall","overall"
"13","cdm_gold_202512","cohort_name","a_2024","overall","overall","Age eligibility",NA,"max","integer","1","overall","overall"
"13","cdm_gold_202512","cohort_name","a_2024","overall","overall","Age eligibility",NA,"percentage","percentage","98.6033299410287","overall","overall"
"13","cdm_gold_202512","cohort_name","a_2024","overall","overall","Age eligibility",NA,"mean","numeric","0.986033299410287","overall","overall"
"13","cdm_gold_202512","cohort_name","a_2024","overall","overall","Age eligibility",NA,"sd","numeric","0.117352797384539","overall","overall"
"13","cdm_gold_202512","cohort_name","a_2024","overall","overall","Prior dose",NA,"min","integer","2","overall","overall"
"13","cdm_gold_202512","cohort_name","a_2024","overall","overall","Prior dose",NA,"q25","integer","5","overall","overall"
"13","cdm_gold_202512","cohort_name","a_2024","overall","overall","Prior dose",NA,"median","integer","6","overall","overall"
"13","cdm_gold_202512","cohort_name","a_2024","overall","overall","Prior dose",NA,"q75","integer","8","overall","overall"
"13","cdm_gold_202512","cohort_name","a_2024","overall","overall","Prior dose",NA,"max","integer","10","overall","overall"
"13","cdm_gold_202512","cohort_name","a_2024","overall","overall","Prior dose",NA,"mean","numeric","6.19494101159209","overall","overall"
"13","cdm_gold_202512","cohort_name","a_2024","overall","overall","Prior dose",NA,"sd","numeric","1.4369002248461","overall","overall"
"13","cdm_gold_202512","cohort_name","a_2024","overall","overall","Dose",NA,"min","integer","3","overall","overall"
"13","cdm_gold_202512","cohort_name","a_2024","overall","overall","Dose",NA,"q25","integer","6","overall","overall"
"13","cdm_gold_202512","cohort_name","a_2024","overall","overall","Dose",NA,"median","integer","7","overall","overall"
"13","cdm_gold_202512","cohort_name","a_2024","overall","overall","Dose",NA,"q75","integer","9","overall","overall"
"13","cdm_gold_202512","cohort_name","a_2024","overall","overall","Dose",NA,"max","integer","11","overall","overall"
"13","cdm_gold_202512","cohort_name","a_2024","overall","overall","Dose",NA,"mean","numeric","7","overall","overall"
"13","cdm_gold_202512","cohort_name","a_2024","overall","overall","Dose",NA,"sd","numeric","1.4369002248461","overall","overall"
"13","cdm_gold_202512","cohort_name","a_2024","overall","overall","Age group","35-44","count","integer","396","overall","overall"
"13","cdm_gold_202512","cohort_name","a_2024","overall","overall","Age group","35-44","percentage","percentage","0.135692184335776","overall","overall"
"13","cdm_gold_202512","cohort_name","a_2024","overall","overall","Age group","45-54","count","integer","981","overall","overall"
"13","cdm_gold_202512","cohort_name","a_2024","overall","overall","Age group","45-54","percentage","percentage","0.336146547559083","overall","overall"
"13","cdm_gold_202512","cohort_name","a_2024","overall","overall","Age group","55-64","count","integer","2419","overall","overall"
"13","cdm_gold_202512","cohort_name","a_2024","overall","overall","Age group","55-64","percentage","percentage","0.82888735835415","overall","overall"
"13","cdm_gold_202512","cohort_name","a_2024","overall","overall","Age group","65-74","count","integer","142132","overall","overall"
"13","cdm_gold_202512","cohort_name","a_2024","overall","overall","Age group","65-74","percentage","percentage","48.7025291515469","overall","overall"
"13","cdm_gold_202512","cohort_name","a_2024","overall","overall","Age group","75-84","count","integer","109340","overall","overall"
"13","cdm_gold_202512","cohort_name","a_2024","overall","overall","Age group","75-84","percentage","percentage","37.4661197860449","overall","overall"
"13","cdm_gold_202512","cohort_name","a_2024","overall","overall","Age group","85-94","count","integer","33976","overall","overall"
"13","cdm_gold_202512","cohort_name","a_2024","overall","overall","Age group","85-94","percentage","percentage","11.6421152903847","overall","overall"
"13","cdm_gold_202512","cohort_name","a_2024","overall","overall","Age group","<=34","count","integer","280","overall","overall"
"13","cdm_gold_202512","cohort_name","a_2024","overall","overall","Age group","<=34","percentage","percentage","0.0959439687222662","overall","overall"
"13","cdm_gold_202512","cohort_name","a_2024","overall","overall","Age group",">=95","count","integer","2313","overall","overall"
"13","cdm_gold_202512","cohort_name","a_2024","overall","overall","Age group",">=95","percentage","percentage","0.792565713052149","overall","overall"
"13","cdm_gold_202512","cohort_name","a_2024","overall","overall","Age",NA,"min","integer","8","overall","overall"
"13","cdm_gold_202512","cohort_name","a_2024","overall","overall","Age",NA,"q25","integer","69","overall","overall"
"13","cdm_gold_202512","cohort_name","a_2024","overall","overall","Age",NA,"median","integer","74","overall","overall"
"13","cdm_gold_202512","cohort_name","a_2024","overall","overall","Age",NA,"q75","integer","80","overall","overall"
"13","cdm_gold_202512","cohort_name","a_2024","overall","overall","Age",NA,"max","integer","106","overall","overall"
"13","cdm_gold_202512","cohort_name","a_2024","overall","overall","Age",NA,"mean","numeric","75.1664696388737","overall","overall"
"13","cdm_gold_202512","cohort_name","a_2024","overall","overall","Age",NA,"sd","numeric","7.69884246964984","overall","overall"
"13","cdm_gold_202512","cohort_name","a_2024","overall","overall","Prior observation",NA,"min","integer","1395","overall","overall"
"13","cdm_gold_202512","cohort_name","a_2024","overall","overall","Prior observation",NA,"q25","integer","6251","overall","overall"
"13","cdm_gold_202512","cohort_name","a_2024","overall","overall","Prior observation",NA,"median","integer","7710","overall","overall"
"13","cdm_gold_202512","cohort_name","a_2024","overall","overall","Prior observation",NA,"q75","integer","8307","overall","overall"
"13","cdm_gold_202512","cohort_name","a_2024","overall","overall","Prior observation",NA,"max","integer","13267","overall","overall"
"13","cdm_gold_202512","cohort_name","a_2024","overall","overall","Prior observation",NA,"mean","numeric","7113.19697982093","overall","overall"
"13","cdm_gold_202512","cohort_name","a_2024","overall","overall","Prior observation",NA,"sd","numeric","2329.40437262546","overall","overall"
"13","cdm_gold_202512","cohort_name","a_2024","overall","overall","Future observation",NA,"min","integer","0","overall","overall"
"13","cdm_gold_202512","cohort_name","a_2024","overall","overall","Future observation",NA,"q25","integer","326","overall","overall"
"13","cdm_gold_202512","cohort_name","a_2024","overall","overall","Future observation",NA,"median","integer","362","overall","overall"
"13","cdm_gold_202512","cohort_name","a_2024","overall","overall","Future observation",NA,"q75","integer","386","overall","overall"
"13","cdm_gold_202512","cohort_name","a_2024","overall","overall","Future observation",NA,"max","integer","410","overall","overall"
"13","cdm_gold_202512","cohort_name","a_2024","overall","overall","Future observation",NA,"mean","numeric","326.170999564826","overall","overall"
"13","cdm_gold_202512","cohort_name","a_2024","overall","overall","Future observation",NA,"sd","numeric","93.4415181268538","overall","overall"
"13","cdm_gold_202512","cohort_name","a_2024","overall","overall","Days in cohort",NA,"min","integer","1","overall","overall"
"13","cdm_gold_202512","cohort_name","a_2024","overall","overall","Days in cohort",NA,"q25","integer","1","overall","overall"
"13","cdm_gold_202512","cohort_name","a_2024","overall","overall","Days in cohort",NA,"median","integer","1","overall","overall"
"13","cdm_gold_202512","cohort_name","a_2024","overall","overall","Days in cohort",NA,"q75","integer","1","overall","overall"
"13","cdm_gold_202512","cohort_name","a_2024","overall","overall","Days in cohort",NA,"max","integer","1","overall","overall"
"13","cdm_gold_202512","cohort_name","a_2024","overall","overall","Days in cohort",NA,"mean","numeric","1","overall","overall"
"13","cdm_gold_202512","cohort_name","a_2024","overall","overall","Days in cohort",NA,"sd","numeric","0","overall","overall"
"13","cdm_gold_202512","cohort_name","a_2024","overall","overall","Days to next record",NA,"min","integer","91","overall","overall"
"13","cdm_gold_202512","cohort_name","a_2024","overall","overall","Days to next record",NA,"q25","integer","93","overall","overall"
"13","cdm_gold_202512","cohort_name","a_2024","overall","overall","Days to next record",NA,"median","integer","95","overall","overall"
"13","cdm_gold_202512","cohort_name","a_2024","overall","overall","Days to next record",NA,"q75","integer","98","overall","overall"
"13","cdm_gold_202512","cohort_name","a_2024","overall","overall","Days to next record",NA,"max","integer","114","overall","overall"
"13","cdm_gold_202512","cohort_name","a_2024","overall","overall","Days to next record",NA,"mean","numeric","97.2105263157895","overall","overall"
"13","cdm_gold_202512","cohort_name","a_2024","overall","overall","Days to next record",NA,"sd","numeric","6.70471598013436","overall","overall"
"13","cdm_gold_202512","cohort_name","a_2024","overall","overall","Number visits in the prior year",NA,"min","numeric","0","overall","overall"
"13","cdm_gold_202512","cohort_name","a_2024","overall","overall","Number visits in the prior year",NA,"q25","numeric","16","overall","overall"
"13","cdm_gold_202512","cohort_name","a_2024","overall","overall","Number visits in the prior year",NA,"median","numeric","26","overall","overall"
"13","cdm_gold_202512","cohort_name","a_2024","overall","overall","Number visits in the prior year",NA,"q75","numeric","38","overall","overall"
"13","cdm_gold_202512","cohort_name","a_2024","overall","overall","Number visits in the prior year",NA,"max","numeric","356","overall","overall"
"13","cdm_gold_202512","cohort_name","a_2024","overall","overall","Number visits in the prior year",NA,"mean","numeric","29.2201948347879","overall","overall"
"13","cdm_gold_202512","cohort_name","a_2024","overall","overall","Number visits in the prior year",NA,"sd","numeric","18.9548313051008","overall","overall"
"13","cdm_gold_202512","cohort_name","a_2024","overall","overall","Flag any time prior vaccination","Influenza","count","integer","285141","overall","overall"
"13","cdm_gold_202512","cohort_name","a_2024","overall","overall","Flag any time prior vaccination","Influenza","percentage","percentage","97.7055685194132","overall","overall"
"13","cdm_gold_202512","cohort_name","a_2024","overall","overall","Flag any time prior vaccination","Herpes zoster vaccine","count","integer","82482","overall","overall"
"13","cdm_gold_202512","cohort_name","a_2024","overall","overall","Flag any time prior vaccination","Herpes zoster vaccine","percentage","percentage","28.2630372433927","overall","overall"
"13","cdm_gold_202512","cohort_name","a_2024","overall","overall","Flag any time prior vaccination","Pneumococcal vaccine","count","integer","213990","overall","overall"
"13","cdm_gold_202512","cohort_name","a_2024","overall","overall","Flag any time prior vaccination","Pneumococcal vaccine","percentage","percentage","73.3251780959919","overall","overall"
"13","cdm_gold_202512","cohort_name","a_2024","overall","overall","Flag any time prior vaccination","Rsv vaccine","count","integer","254","overall","overall"
"13","cdm_gold_202512","cohort_name","a_2024","overall","overall","Flag any time prior vaccination","Rsv vaccine","percentage","percentage","0.0870348859123415","overall","overall"
"13","cdm_gold_202512","cohort_name","a_2024","overall","overall","Flag last year vaccination","Rsv vaccine","count","integer","254","overall","overall"
"13","cdm_gold_202512","cohort_name","a_2024","overall","overall","Flag last year vaccination","Rsv vaccine","percentage","percentage","0.0870348859123415","overall","overall"
"13","cdm_gold_202512","cohort_name","a_2024","overall","overall","Flag last year vaccination","Influenza","count","integer","121005","overall","overall"
"13","cdm_gold_202512","cohort_name","a_2024","overall","overall","Flag last year vaccination","Influenza","percentage","percentage","41.4632140544208","overall","overall"
"13","cdm_gold_202512","cohort_name","a_2024","overall","overall","Flag last year vaccination","Pneumococcal vaccine","count","integer","11412","overall","overall"
"13","cdm_gold_202512","cohort_name","a_2024","overall","overall","Flag last year vaccination","Pneumococcal vaccine","percentage","percentage","3.91040203949465","overall","overall"
"13","cdm_gold_202512","cohort_name","a_2024","overall","overall","Flag last year vaccination","Herpes zoster vaccine","count","integer","36125","overall","overall"
"13","cdm_gold_202512","cohort_name","a_2024","overall","overall","Flag last year vaccination","Herpes zoster vaccine","percentage","percentage","12.3784852503281","overall","overall"
"13","cdm_gold_202512","cohort_name","a_2024","overall","overall","Flag on index vaccination","Influenza","count","integer","224292","overall","overall"
"13","cdm_gold_202512","cohort_name","a_2024","overall","overall","Flag on index vaccination","Influenza","percentage","percentage","76.855230830909","overall","overall"
"13","cdm_gold_202512","cohort_name","a_2024","overall","overall","Flag on index vaccination","Pneumococcal vaccine","count","integer","112","overall","overall"
"13","cdm_gold_202512","cohort_name","a_2024","overall","overall","Flag on index vaccination","Pneumococcal vaccine","percentage","percentage","0.0383775874889065","overall","overall"
"13","cdm_gold_202512","cohort_name","a_2024","overall","overall","Flag on index vaccination","Herpes zoster vaccine","count","integer","413","overall","overall"
"13","cdm_gold_202512","cohort_name","a_2024","overall","overall","Flag on index vaccination","Herpes zoster vaccine","percentage","percentage","0.141517353865343","overall","overall"
"13","cdm_gold_202512","cohort_name","a_2024","overall","overall","Flag on index vaccination","Rsv vaccine","count","integer","0","overall","overall"
"13","cdm_gold_202512","cohort_name","a_2024","overall","overall","Flag on index vaccination","Rsv vaccine","percentage","percentage","0","overall","overall"
"13","cdm_gold_202512","cohort_name","a_2024","overall","overall","Flag any time prior comorbidities","Myocardial infarction","count","integer","13604","overall","overall"
"13","cdm_gold_202512","cohort_name","a_2024","overall","overall","Flag any time prior comorbidities","Myocardial infarction","percentage","percentage","4.66150625177753","overall","overall"
"13","cdm_gold_202512","cohort_name","a_2024","overall","overall","Flag any time prior comorbidities","Malignant neoplastic disease","count","integer","57777","overall","overall"
"13","cdm_gold_202512","cohort_name","a_2024","overall","overall","Flag any time prior comorbidities","Malignant neoplastic disease","percentage","percentage","19.7976952888085","overall","overall"
"13","cdm_gold_202512","cohort_name","a_2024","overall","overall","Flag any time prior comorbidities","Inflammatory bowel disease","count","integer","3267","overall","overall"
"13","cdm_gold_202512","cohort_name","a_2024","overall","overall","Flag any time prior comorbidities","Inflammatory bowel disease","percentage","percentage","1.11946052077016","overall","overall"
"13","cdm_gold_202512","cohort_name","a_2024","overall","overall","Flag any time prior comorbidities","Cld","count","integer","2060","overall","overall"
"13","cdm_gold_202512","cohort_name","a_2024","overall","overall","Flag any time prior comorbidities","Cld","percentage","percentage","0.705873484170958","overall","overall"
"13","cdm_gold_202512","cohort_name","a_2024","overall","overall","Flag any time prior comorbidities","Renal impairment","count","integer","45304","overall","overall"
"13","cdm_gold_202512","cohort_name","a_2024","overall","overall","Flag any time prior comorbidities","Renal impairment","percentage","percentage","15.5237341392627","overall","overall"
"13","cdm_gold_202512","cohort_name","a_2024","overall","overall","Flag any time prior comorbidities","Hiv","count","integer","50","overall","overall"
"13","cdm_gold_202512","cohort_name","a_2024","overall","overall","Flag any time prior comorbidities","Hiv","percentage","percentage","0.0171328515575475","overall","overall"
"13","cdm_gold_202512","cohort_name","a_2024","overall","overall","Flag any time prior comorbidities","Stroke","count","integer","11412","overall","overall"
"13","cdm_gold_202512","cohort_name","a_2024","overall","overall","Flag any time prior comorbidities","Stroke","percentage","percentage","3.91040203949465","overall","overall"
"13","cdm_gold_202512","cohort_name","a_2024","overall","overall","Flag any time prior comorbidities","Diabetes mellitus","count","integer","47919","overall","overall"
"13","cdm_gold_202512","cohort_name","a_2024","overall","overall","Flag any time prior comorbidities","Diabetes mellitus","percentage","percentage","16.4197822757224","overall","overall"
"13","cdm_gold_202512","cohort_name","a_2024","overall","overall","Flag any time prior comorbidities","Hyperten","count","integer","102502","overall","overall"
"13","cdm_gold_202512","cohort_name","a_2024","overall","overall","Flag any time prior comorbidities","Hyperten","percentage","percentage","35.1230310070347","overall","overall"
"13","cdm_gold_202512","cohort_name","a_2024","overall","overall","Flag any time prior comorbidities","Venous thromboembolism","count","integer","15546","overall","overall"
"13","cdm_gold_202512","cohort_name","a_2024","overall","overall","Flag any time prior comorbidities","Venous thromboembolism","percentage","percentage","5.32694620627268","overall","overall"
"13","cdm_gold_202512","cohort_name","a_2024","overall","overall","Flag any time prior comorbidities","Heart failure","count","integer","11811","overall","overall"
"13","cdm_gold_202512","cohort_name","a_2024","overall","overall","Flag any time prior comorbidities","Heart failure","percentage","percentage","4.04712219492388","overall","overall"
"13","cdm_gold_202512","cohort_name","a_2024","overall","overall","Flag any time prior comorbidities","Rheumatoid arthritis","count","integer","5519","overall","overall"
"13","cdm_gold_202512","cohort_name","a_2024","overall","overall","Flag any time prior comorbidities","Rheumatoid arthritis","percentage","percentage","1.8911241549221","overall","overall"
"13","cdm_gold_202512","cohort_name","a_2024","overall","overall","Flag any time prior comorbidities","Copd","count","integer","20349","overall","overall"
"13","cdm_gold_202512","cohort_name","a_2024","overall","overall","Flag any time prior comorbidities","Copd","percentage","percentage","6.9727279268907","overall","overall"
"13","cdm_gold_202512","cohort_name","a_2024","overall","overall","Flag any time prior comorbidities","Asthma","count","integer","24841","overall","overall"
"13","cdm_gold_202512","cohort_name","a_2024","overall","overall","Flag any time prior comorbidities","Asthma","percentage","percentage","8.51194331082077","overall","overall"
"13","cdm_gold_202512","cohort_name","a_2024","overall","overall","Flag any time prior comorbidities","Osteoporosis","count","integer","20922","overall","overall"
"13","cdm_gold_202512","cohort_name","a_2024","overall","overall","Flag any time prior comorbidities","Osteoporosis","percentage","percentage","7.16907040574019","overall","overall"
"13","cdm_gold_202512","cohort_name","a_2024","overall","overall","Flag any time prior comorbidities","Dementia","count","integer","8386","overall","overall"
"13","cdm_gold_202512","cohort_name","a_2024","overall","overall","Flag any time prior comorbidities","Dementia","percentage","percentage","2.87352186323187","overall","overall"
"13","cdm_gold_202512","cohort_name","a_2024","overall","overall","Flag any time prior comorbidities","Ckd","count","integer","42034","overall","overall"
"13","cdm_gold_202512","cohort_name","a_2024","overall","overall","Flag any time prior comorbidities","Ckd","percentage","percentage","14.4032456473991","overall","overall"
"13","cdm_gold_202512","cohort_name","a_2024","overall","overall","Flag any time prior comorbidities","Hypothyroidism","count","integer","20511","overall","overall"
"13","cdm_gold_202512","cohort_name","a_2024","overall","overall","Flag any time prior comorbidities","Hypothyroidism","percentage","percentage","7.02823836593715","overall","overall"
"13","cdm_gold_202512","cohort_name","a_2024","overall","overall","Count any time prior vaccination","Pneumococcal vaccine","min","numeric","0","overall","overall"
"13","cdm_gold_202512","cohort_name","a_2024","overall","overall","Count any time prior vaccination","Pneumococcal vaccine","q25","numeric","0","overall","overall"
"13","cdm_gold_202512","cohort_name","a_2024","overall","overall","Count any time prior vaccination","Pneumococcal vaccine","median","numeric","1","overall","overall"
"13","cdm_gold_202512","cohort_name","a_2024","overall","overall","Count any time prior vaccination","Pneumococcal vaccine","q75","numeric","1","overall","overall"
"13","cdm_gold_202512","cohort_name","a_2024","overall","overall","Count any time prior vaccination","Pneumococcal vaccine","max","numeric","12","overall","overall"
"13","cdm_gold_202512","cohort_name","a_2024","overall","overall","Count any time prior vaccination","Pneumococcal vaccine","mean","numeric","0.785435020233898","overall","overall"
"13","cdm_gold_202512","cohort_name","a_2024","overall","overall","Count any time prior vaccination","Pneumococcal vaccine","sd","numeric","0.547902608737344","overall","overall"
"13","cdm_gold_202512","cohort_name","a_2024","overall","overall","Count any time prior vaccination","Rsv vaccine","min","numeric","0","overall","overall"
"13","cdm_gold_202512","cohort_name","a_2024","overall","overall","Count any time prior vaccination","Rsv vaccine","q25","numeric","0","overall","overall"
"13","cdm_gold_202512","cohort_name","a_2024","overall","overall","Count any time prior vaccination","Rsv vaccine","median","numeric","0","overall","overall"
"13","cdm_gold_202512","cohort_name","a_2024","overall","overall","Count any time prior vaccination","Rsv vaccine","q75","numeric","0","overall","overall"
"13","cdm_gold_202512","cohort_name","a_2024","overall","overall","Count any time prior vaccination","Rsv vaccine","max","numeric","1","overall","overall"
"13","cdm_gold_202512","cohort_name","a_2024","overall","overall","Count any time prior vaccination","Rsv vaccine","mean","numeric","0.000870348859123413","overall","overall"
"13","cdm_gold_202512","cohort_name","a_2024","overall","overall","Count any time prior vaccination","Rsv vaccine","sd","numeric","0.0294888848841891","overall","overall"
"13","cdm_gold_202512","cohort_name","a_2024","overall","overall","Count any time prior vaccination","Herpes zoster vaccine","min","numeric","0","overall","overall"
"13","cdm_gold_202512","cohort_name","a_2024","overall","overall","Count any time prior vaccination","Herpes zoster vaccine","q25","numeric","0","overall","overall"
"13","cdm_gold_202512","cohort_name","a_2024","overall","overall","Count any time prior vaccination","Herpes zoster vaccine","median","numeric","0","overall","overall"
"13","cdm_gold_202512","cohort_name","a_2024","overall","overall","Count any time prior vaccination","Herpes zoster vaccine","q75","numeric","1","overall","overall"
"13","cdm_gold_202512","cohort_name","a_2024","overall","overall","Count any time prior vaccination","Herpes zoster vaccine","max","numeric","4","overall","overall"
"13","cdm_gold_202512","cohort_name","a_2024","overall","overall","Count any time prior vaccination","Herpes zoster vaccine","mean","numeric","0.387390906567707","overall","overall"
"13","cdm_gold_202512","cohort_name","a_2024","overall","overall","Count any time prior vaccination","Herpes zoster vaccine","sd","numeric","0.66925120750809","overall","overall"
"13","cdm_gold_202512","cohort_name","a_2024","overall","overall","Count any time prior vaccination","Influenza","min","numeric","0","overall","overall"
"13","cdm_gold_202512","cohort_name","a_2024","overall","overall","Count any time prior vaccination","Influenza","q25","numeric","4","overall","overall"
"13","cdm_gold_202512","cohort_name","a_2024","overall","overall","Count any time prior vaccination","Influenza","median","numeric","9","overall","overall"
"13","cdm_gold_202512","cohort_name","a_2024","overall","overall","Count any time prior vaccination","Influenza","q75","numeric","15","overall","overall"
"13","cdm_gold_202512","cohort_name","a_2024","overall","overall","Count any time prior vaccination","Influenza","max","numeric","45","overall","overall"
"13","cdm_gold_202512","cohort_name","a_2024","overall","overall","Count any time prior vaccination","Influenza","mean","numeric","10.0753913999938","overall","overall"
"13","cdm_gold_202512","cohort_name","a_2024","overall","overall","Count any time prior vaccination","Influenza","sd","numeric","6.56402696944262","overall","overall"
"13","cdm_gold_202512","cohort_name","a_2024","overall","overall","Count last year vaccination","Rsv vaccine","min","numeric","0","overall","overall"
"13","cdm_gold_202512","cohort_name","a_2024","overall","overall","Count last year vaccination","Rsv vaccine","q25","numeric","0","overall","overall"
"13","cdm_gold_202512","cohort_name","a_2024","overall","overall","Count last year vaccination","Rsv vaccine","median","numeric","0","overall","overall"
"13","cdm_gold_202512","cohort_name","a_2024","overall","overall","Count last year vaccination","Rsv vaccine","q75","numeric","0","overall","overall"
"13","cdm_gold_202512","cohort_name","a_2024","overall","overall","Count last year vaccination","Rsv vaccine","max","numeric","1","overall","overall"
"13","cdm_gold_202512","cohort_name","a_2024","overall","overall","Count last year vaccination","Rsv vaccine","mean","numeric","0.000870348859123413","overall","overall"
"13","cdm_gold_202512","cohort_name","a_2024","overall","overall","Count last year vaccination","Rsv vaccine","sd","numeric","0.0294888848841891","overall","overall"
"13","cdm_gold_202512","cohort_name","a_2024","overall","overall","Count last year vaccination","Herpes zoster vaccine","min","numeric","0","overall","overall"
"13","cdm_gold_202512","cohort_name","a_2024","overall","overall","Count last year vaccination","Herpes zoster vaccine","q25","numeric","0","overall","overall"
"13","cdm_gold_202512","cohort_name","a_2024","overall","overall","Count last year vaccination","Herpes zoster vaccine","median","numeric","0","overall","overall"
"13","cdm_gold_202512","cohort_name","a_2024","overall","overall","Count last year vaccination","Herpes zoster vaccine","q75","numeric","0","overall","overall"
"13","cdm_gold_202512","cohort_name","a_2024","overall","overall","Count last year vaccination","Herpes zoster vaccine","max","numeric","4","overall","overall"
"13","cdm_gold_202512","cohort_name","a_2024","overall","overall","Count last year vaccination","Herpes zoster vaccine","mean","numeric","0.206803798010533","overall","overall"
"13","cdm_gold_202512","cohort_name","a_2024","overall","overall","Count last year vaccination","Herpes zoster vaccine","sd","numeric","0.574724296300655","overall","overall"
"13","cdm_gold_202512","cohort_name","a_2024","overall","overall","Count last year vaccination","Pneumococcal vaccine","min","numeric","0","overall","overall"
"13","cdm_gold_202512","cohort_name","a_2024","overall","overall","Count last year vaccination","Pneumococcal vaccine","q25","numeric","0","overall","overall"
"13","cdm_gold_202512","cohort_name","a_2024","overall","overall","Count last year vaccination","Pneumococcal vaccine","median","numeric","0","overall","overall"
"13","cdm_gold_202512","cohort_name","a_2024","overall","overall","Count last year vaccination","Pneumococcal vaccine","q75","numeric","0","overall","overall"
"13","cdm_gold_202512","cohort_name","a_2024","overall","overall","Count last year vaccination","Pneumococcal vaccine","max","numeric","4","overall","overall"
"13","cdm_gold_202512","cohort_name","a_2024","overall","overall","Count last year vaccination","Pneumococcal vaccine","mean","numeric","0.0395529011057542","overall","overall"
"13","cdm_gold_202512","cohort_name","a_2024","overall","overall","Count last year vaccination","Pneumococcal vaccine","sd","numeric","0.197612853141917","overall","overall"
"13","cdm_gold_202512","cohort_name","a_2024","overall","overall","Count last year vaccination","Influenza","min","numeric","0","overall","overall"
"13","cdm_gold_202512","cohort_name","a_2024","overall","overall","Count last year vaccination","Influenza","q25","numeric","0","overall","overall"
"13","cdm_gold_202512","cohort_name","a_2024","overall","overall","Count last year vaccination","Influenza","median","numeric","0","overall","overall"
"13","cdm_gold_202512","cohort_name","a_2024","overall","overall","Count last year vaccination","Influenza","q75","numeric","1","overall","overall"
"13","cdm_gold_202512","cohort_name","a_2024","overall","overall","Count last year vaccination","Influenza","max","numeric","3","overall","overall"
"13","cdm_gold_202512","cohort_name","a_2024","overall","overall","Count last year vaccination","Influenza","mean","numeric","0.426683388329787","overall","overall"
"13","cdm_gold_202512","cohort_name","a_2024","overall","overall","Count last year vaccination","Influenza","sd","numeric","0.518522086436222","overall","overall"
"13","cdm_gold_202512","cohort_name","s_2025","overall","overall","Number records",NA,"count","integer","123232","overall","overall"
"13","cdm_gold_202512","cohort_name","s_2025","overall","overall","Number subjects",NA,"count","integer","123232","overall","overall"
"13","cdm_gold_202512","cohort_name","s_2025","overall","overall","Cohort start date",NA,"min","date","2025-04-01","overall","overall"
"13","cdm_gold_202512","cohort_name","s_2025","overall","overall","Cohort start date",NA,"q25","date","2025-04-22","overall","overall"
"13","cdm_gold_202512","cohort_name","s_2025","overall","overall","Cohort start date",NA,"median","date","2025-05-02","overall","overall"
"13","cdm_gold_202512","cohort_name","s_2025","overall","overall","Cohort start date",NA,"q75","date","2025-05-17","overall","overall"
"13","cdm_gold_202512","cohort_name","s_2025","overall","overall","Cohort start date",NA,"max","date","2025-06-17","overall","overall"
"13","cdm_gold_202512","cohort_name","s_2025","overall","overall","Cohort end date",NA,"min","date","2025-04-01","overall","overall"
"13","cdm_gold_202512","cohort_name","s_2025","overall","overall","Cohort end date",NA,"q25","date","2025-04-22","overall","overall"
"13","cdm_gold_202512","cohort_name","s_2025","overall","overall","Cohort end date",NA,"median","date","2025-05-02","overall","overall"
"13","cdm_gold_202512","cohort_name","s_2025","overall","overall","Cohort end date",NA,"q75","date","2025-05-17","overall","overall"
"13","cdm_gold_202512","cohort_name","s_2025","overall","overall","Cohort end date",NA,"max","date","2025-06-17","overall","overall"
"13","cdm_gold_202512","cohort_name","s_2025","overall","overall","Region","Northern ireland","count","integer","8125","overall","overall"
"13","cdm_gold_202512","cohort_name","s_2025","overall","overall","Region","Northern ireland","percentage","percentage","6.59325499870164","overall","overall"
"13","cdm_gold_202512","cohort_name","s_2025","overall","overall","Region","Scotland","count","integer","84819","overall","overall"
"13","cdm_gold_202512","cohort_name","s_2025","overall","overall","Region","Scotland","percentage","percentage","68.8287133212153","overall","overall"
"13","cdm_gold_202512","cohort_name","s_2025","overall","overall","Region","Wales","count","integer","30288","overall","overall"
"13","cdm_gold_202512","cohort_name","s_2025","overall","overall","Region","Wales","percentage","percentage","24.5780316800831","overall","overall"
"13","cdm_gold_202512","cohort_name","s_2025","overall","overall","Ethnicity","Asian","count","integer","263","overall","overall"
"13","cdm_gold_202512","cohort_name","s_2025","overall","overall","Ethnicity","Asian","percentage","percentage","0.213418592573358","overall","overall"
"13","cdm_gold_202512","cohort_name","s_2025","overall","overall","Ethnicity","Black","count","integer","41","overall","overall"
"13","cdm_gold_202512","cohort_name","s_2025","overall","overall","Ethnicity","Black","percentage","percentage","0.0332705790703713","overall","overall"
"13","cdm_gold_202512","cohort_name","s_2025","overall","overall","Ethnicity","Missing","count","integer","68746","overall","overall"
"13","cdm_gold_202512","cohort_name","s_2025","overall","overall","Ethnicity","Missing","percentage","percentage","55.7858348480914","overall","overall"
"13","cdm_gold_202512","cohort_name","s_2025","overall","overall","Ethnicity","White","count","integer","54182","overall","overall"
"13","cdm_gold_202512","cohort_name","s_2025","overall","overall","Ethnicity","White","percentage","percentage","43.9674759802649","overall","overall"
"13","cdm_gold_202512","cohort_name","s_2025","overall","overall","Sex","Female","count","integer","66040","overall","overall"
"13","cdm_gold_202512","cohort_name","s_2025","overall","overall","Sex","Female","percentage","percentage","53.5899766294469","overall","overall"
"13","cdm_gold_202512","cohort_name","s_2025","overall","overall","Sex","Male","count","integer","57192","overall","overall"
"13","cdm_gold_202512","cohort_name","s_2025","overall","overall","Sex","Male","percentage","percentage","46.4100233705531","overall","overall"
"13","cdm_gold_202512","cohort_name","s_2025","overall","overall","Imd","Q1","count","integer","21530","overall","overall"
"13","cdm_gold_202512","cohort_name","s_2025","overall","overall","Imd","Q1","percentage","percentage","17.4711113996365","overall","overall"
"13","cdm_gold_202512","cohort_name","s_2025","overall","overall","Imd","Q2","count","integer","17741","overall","overall"
"13","cdm_gold_202512","cohort_name","s_2025","overall","overall","Imd","Q2","percentage","percentage","14.3964230070112","overall","overall"
"13","cdm_gold_202512","cohort_name","s_2025","overall","overall","Imd","Q3","count","integer","35301","overall","overall"
"13","cdm_gold_202512","cohort_name","s_2025","overall","overall","Imd","Q3","percentage","percentage","28.6459685795897","overall","overall"
"13","cdm_gold_202512","cohort_name","s_2025","overall","overall","Imd","Q4","count","integer","34715","overall","overall"
"13","cdm_gold_202512","cohort_name","s_2025","overall","overall","Imd","Q4","percentage","percentage","28.1704427421449","overall","overall"
"13","cdm_gold_202512","cohort_name","s_2025","overall","overall","Imd","Q5","count","integer","13945","overall","overall"
"13","cdm_gold_202512","cohort_name","s_2025","overall","overall","Imd","Q5","percentage","percentage","11.3160542716178","overall","overall"
"13","cdm_gold_202512","cohort_name","s_2025","overall","overall","Immunosuppressed",NA,"count","integer","8005","overall","overall"
"13","cdm_gold_202512","cohort_name","s_2025","overall","overall","Immunosuppressed",NA,"min","integer","0","overall","overall"
"13","cdm_gold_202512","cohort_name","s_2025","overall","overall","Immunosuppressed",NA,"q25","integer","0","overall","overall"
"13","cdm_gold_202512","cohort_name","s_2025","overall","overall","Immunosuppressed",NA,"median","integer","0","overall","overall"
"13","cdm_gold_202512","cohort_name","s_2025","overall","overall","Immunosuppressed",NA,"q75","integer","0","overall","overall"
"13","cdm_gold_202512","cohort_name","s_2025","overall","overall","Immunosuppressed",NA,"max","integer","1","overall","overall"
"13","cdm_gold_202512","cohort_name","s_2025","overall","overall","Immunosuppressed",NA,"percentage","percentage","6.49587769410543","overall","overall"
"13","cdm_gold_202512","cohort_name","s_2025","overall","overall","Immunosuppressed",NA,"mean","numeric","0.0649587769410543","overall","overall"
"13","cdm_gold_202512","cohort_name","s_2025","overall","overall","Immunosuppressed",NA,"sd","numeric","0.246454107549068","overall","overall"
"13","cdm_gold_202512","cohort_name","s_2025","overall","overall","Age eligibility",NA,"count","integer","118937","overall","overall"
"13","cdm_gold_202512","cohort_name","s_2025","overall","overall","Age eligibility",NA,"min","integer","0","overall","overall"
"13","cdm_gold_202512","cohort_name","s_2025","overall","overall","Age eligibility",NA,"q25","integer","1","overall","overall"
"13","cdm_gold_202512","cohort_name","s_2025","overall","overall","Age eligibility",NA,"median","integer","1","overall","overall"
"13","cdm_gold_202512","cohort_name","s_2025","overall","overall","Age eligibility",NA,"q75","integer","1","overall","overall"
"13","cdm_gold_202512","cohort_name","s_2025","overall","overall","Age eligibility",NA,"max","integer","1","overall","overall"
"13","cdm_gold_202512","cohort_name","s_2025","overall","overall","Age eligibility",NA,"percentage","percentage","96.514703972994","overall","overall"
"13","cdm_gold_202512","cohort_name","s_2025","overall","overall","Age eligibility",NA,"mean","numeric","0.96514703972994","overall","overall"
"13","cdm_gold_202512","cohort_name","s_2025","overall","overall","Age eligibility",NA,"sd","numeric","0.18340802708546","overall","overall"
"13","cdm_gold_202512","cohort_name","s_2025","overall","overall","Prior dose",NA,"min","integer","2","overall","overall"
"13","cdm_gold_202512","cohort_name","s_2025","overall","overall","Prior dose",NA,"q25","integer","8","overall","overall"
"13","cdm_gold_202512","cohort_name","s_2025","overall","overall","Prior dose",NA,"median","integer","9","overall","overall"
"13","cdm_gold_202512","cohort_name","s_2025","overall","overall","Prior dose",NA,"q75","integer","9","overall","overall"
"13","cdm_gold_202512","cohort_name","s_2025","overall","overall","Prior dose",NA,"max","integer","11","overall","overall"
"13","cdm_gold_202512","cohort_name","s_2025","overall","overall","Prior dose",NA,"mean","numeric","8.21127629187224","overall","overall"
"13","cdm_gold_202512","cohort_name","s_2025","overall","overall","Prior dose",NA,"sd","numeric","1.15102347158225","overall","overall"
"13","cdm_gold_202512","cohort_name","s_2025","overall","overall","Dose",NA,"min","integer","3","overall","overall"
"13","cdm_gold_202512","cohort_name","s_2025","overall","overall","Dose",NA,"q25","integer","9","overall","overall"
"13","cdm_gold_202512","cohort_name","s_2025","overall","overall","Dose",NA,"median","integer","10","overall","overall"
"13","cdm_gold_202512","cohort_name","s_2025","overall","overall","Dose",NA,"q75","integer","10","overall","overall"
"13","cdm_gold_202512","cohort_name","s_2025","overall","overall","Dose",NA,"max","integer","12","overall","overall"
"13","cdm_gold_202512","cohort_name","s_2025","overall","overall","Dose",NA,"mean","numeric","9","overall","overall"
"13","cdm_gold_202512","cohort_name","s_2025","overall","overall","Dose",NA,"sd","numeric","1.15102347158225","overall","overall"
"13","cdm_gold_202512","cohort_name","s_2025","overall","overall","Age group","35-44","count","integer","236","overall","overall"
"13","cdm_gold_202512","cohort_name","s_2025","overall","overall","Age group","35-44","percentage","percentage","0.191508699039211","overall","overall"
"13","cdm_gold_202512","cohort_name","s_2025","overall","overall","Age group","45-54","count","integer","513","overall","overall"
"13","cdm_gold_202512","cohort_name","s_2025","overall","overall","Age group","45-54","percentage","percentage","0.416287977148793","overall","overall"
"13","cdm_gold_202512","cohort_name","s_2025","overall","overall","Age group","55-64","count","integer","1318","overall","overall"
"13","cdm_gold_202512","cohort_name","s_2025","overall","overall","Age group","55-64","percentage","percentage","1.06952739548169","overall","overall"
"13","cdm_gold_202512","cohort_name","s_2025","overall","overall","Age group","65-74","count","integer","2090","overall","overall"
"13","cdm_gold_202512","cohort_name","s_2025","overall","overall","Age group","65-74","percentage","percentage","1.69598805505064","overall","overall"
"13","cdm_gold_202512","cohort_name","s_2025","overall","overall","Age group","75-84","count","integer","85977","overall","overall"
"13","cdm_gold_202512","cohort_name","s_2025","overall","overall","Age group","75-84","percentage","percentage","69.7684043105687","overall","overall"
"13","cdm_gold_202512","cohort_name","s_2025","overall","overall","Age group","85-94","count","integer","30473","overall","overall"
"13","cdm_gold_202512","cohort_name","s_2025","overall","overall","Age group","85-94","percentage","percentage","24.7281550246689","overall","overall"
"13","cdm_gold_202512","cohort_name","s_2025","overall","overall","Age group","<=34","count","integer","138","overall","overall"
"13","cdm_gold_202512","cohort_name","s_2025","overall","overall","Age group","<=34","percentage","percentage","0.11198390028564","overall","overall"
"13","cdm_gold_202512","cohort_name","s_2025","overall","overall","Age group",">=95","count","integer","2487","overall","overall"
"13","cdm_gold_202512","cohort_name","s_2025","overall","overall","Age group",">=95","percentage","percentage","2.01814463775643","overall","overall"
"13","cdm_gold_202512","cohort_name","s_2025","overall","overall","Age",NA,"min","integer","8","overall","overall"
"13","cdm_gold_202512","cohort_name","s_2025","overall","overall","Age",NA,"q25","integer","77","overall","overall"
"13","cdm_gold_202512","cohort_name","s_2025","overall","overall","Age",NA,"median","integer","80","overall","overall"
"13","cdm_gold_202512","cohort_name","s_2025","overall","overall","Age",NA,"q75","integer","85","overall","overall"
"13","cdm_gold_202512","cohort_name","s_2025","overall","overall","Age",NA,"max","integer","107","overall","overall"
"13","cdm_gold_202512","cohort_name","s_2025","overall","overall","Age",NA,"mean","numeric","81.1445647234485","overall","overall"
"13","cdm_gold_202512","cohort_name","s_2025","overall","overall","Age",NA,"sd","numeric","6.66348179200069","overall","overall"
"13","cdm_gold_202512","cohort_name","s_2025","overall","overall","Prior observation",NA,"min","integer","1579","overall","overall"
"13","cdm_gold_202512","cohort_name","s_2025","overall","overall","Prior observation",NA,"q25","integer","6678","overall","overall"
"13","cdm_gold_202512","cohort_name","s_2025","overall","overall","Prior observation",NA,"median","integer","7892","overall","overall"
"13","cdm_gold_202512","cohort_name","s_2025","overall","overall","Prior observation",NA,"q75","integer","8507","overall","overall"
"13","cdm_gold_202512","cohort_name","s_2025","overall","overall","Prior observation",NA,"max","integer","12907","overall","overall"
"13","cdm_gold_202512","cohort_name","s_2025","overall","overall","Prior observation",NA,"mean","numeric","7338.86027168268","overall","overall"
"13","cdm_gold_202512","cohort_name","s_2025","overall","overall","Prior observation",NA,"sd","numeric","2220.93244916","overall","overall"
"13","cdm_gold_202512","cohort_name","s_2025","overall","overall","Future observation",NA,"min","integer","0","overall","overall"
"13","cdm_gold_202512","cohort_name","s_2025","overall","overall","Future observation",NA,"q25","integer","169","overall","overall"
"13","cdm_gold_202512","cohort_name","s_2025","overall","overall","Future observation",NA,"median","integer","188","overall","overall"
"13","cdm_gold_202512","cohort_name","s_2025","overall","overall","Future observation",NA,"q75","integer","202","overall","overall"
"13","cdm_gold_202512","cohort_name","s_2025","overall","overall","Future observation",NA,"max","integer","230","overall","overall"
"13","cdm_gold_202512","cohort_name","s_2025","overall","overall","Future observation",NA,"mean","numeric","175.326360036354","overall","overall"
"13","cdm_gold_202512","cohort_name","s_2025","overall","overall","Future observation",NA,"sd","numeric","45.2951555266609","overall","overall"
"13","cdm_gold_202512","cohort_name","s_2025","overall","overall","Days in cohort",NA,"min","integer","1","overall","overall"
"13","cdm_gold_202512","cohort_name","s_2025","overall","overall","Days in cohort",NA,"q25","integer","1","overall","overall"
"13","cdm_gold_202512","cohort_name","s_2025","overall","overall","Days in cohort",NA,"median","integer","1","overall","overall"
"13","cdm_gold_202512","cohort_name","s_2025","overall","overall","Days in cohort",NA,"q75","integer","1","overall","overall"
"13","cdm_gold_202512","cohort_name","s_2025","overall","overall","Days in cohort",NA,"max","integer","1","overall","overall"
"13","cdm_gold_202512","cohort_name","s_2025","overall","overall","Days in cohort",NA,"mean","numeric","1","overall","overall"
"13","cdm_gold_202512","cohort_name","s_2025","overall","overall","Days in cohort",NA,"sd","numeric","0","overall","overall"
"13","cdm_gold_202512","cohort_name","s_2025","overall","overall","Days to next record",NA,"min","integer",NA,"overall","overall"
"13","cdm_gold_202512","cohort_name","s_2025","overall","overall","Days to next record",NA,"q25","integer",NA,"overall","overall"
"13","cdm_gold_202512","cohort_name","s_2025","overall","overall","Days to next record",NA,"median","integer",NA,"overall","overall"
"13","cdm_gold_202512","cohort_name","s_2025","overall","overall","Days to next record",NA,"q75","integer",NA,"overall","overall"
"13","cdm_gold_202512","cohort_name","s_2025","overall","overall","Days to next record",NA,"max","integer",NA,"overall","overall"
"13","cdm_gold_202512","cohort_name","s_2025","overall","overall","Days to next record",NA,"mean","numeric",NA,"overall","overall"
"13","cdm_gold_202512","cohort_name","s_2025","overall","overall","Days to next record",NA,"sd","numeric",NA,"overall","overall"
"13","cdm_gold_202512","cohort_name","s_2025","overall","overall","Number visits in the prior year",NA,"min","numeric","0","overall","overall"
"13","cdm_gold_202512","cohort_name","s_2025","overall","overall","Number visits in the prior year",NA,"q25","numeric","19","overall","overall"
"13","cdm_gold_202512","cohort_name","s_2025","overall","overall","Number visits in the prior year",NA,"median","numeric","29","overall","overall"
"13","cdm_gold_202512","cohort_name","s_2025","overall","overall","Number visits in the prior year",NA,"q75","numeric","43","overall","overall"
"13","cdm_gold_202512","cohort_name","s_2025","overall","overall","Number visits in the prior year",NA,"max","numeric","356","overall","overall"
"13","cdm_gold_202512","cohort_name","s_2025","overall","overall","Number visits in the prior year",NA,"mean","numeric","33.1684140482991","overall","overall"
"13","cdm_gold_202512","cohort_name","s_2025","overall","overall","Number visits in the prior year",NA,"sd","numeric","19.3840799242616","overall","overall"
"13","cdm_gold_202512","cohort_name","s_2025","overall","overall","Flag any time prior vaccination","Influenza","count","integer","121505","overall","overall"
"13","cdm_gold_202512","cohort_name","s_2025","overall","overall","Flag any time prior vaccination","Influenza","percentage","percentage","98.5985782913529","overall","overall"
"13","cdm_gold_202512","cohort_name","s_2025","overall","overall","Flag any time prior vaccination","Herpes zoster vaccine","count","integer","26102","overall","overall"
"13","cdm_gold_202512","cohort_name","s_2025","overall","overall","Flag any time prior vaccination","Herpes zoster vaccine","percentage","percentage","21.181186704752","overall","overall"
"13","cdm_gold_202512","cohort_name","s_2025","overall","overall","Flag any time prior vaccination","Pneumococcal vaccine","count","integer","93931","overall","overall"
"13","cdm_gold_202512","cohort_name","s_2025","overall","overall","Flag any time prior vaccination","Pneumococcal vaccine","percentage","percentage","76.2228966502207","overall","overall"
"13","cdm_gold_202512","cohort_name","s_2025","overall","overall","Flag any time prior vaccination","Rsv vaccine","count","integer","121","overall","overall"
"13","cdm_gold_202512","cohort_name","s_2025","overall","overall","Flag any time prior vaccination","Rsv vaccine","percentage","percentage","0.0981887821345105","overall","overall"
"13","cdm_gold_202512","cohort_name","s_2025","overall","overall","Flag last year vaccination","Rsv vaccine","count","integer","121","overall","overall"
"13","cdm_gold_202512","cohort_name","s_2025","overall","overall","Flag last year vaccination","Rsv vaccine","percentage","percentage","0.0981887821345105","overall","overall"
"13","cdm_gold_202512","cohort_name","s_2025","overall","overall","Flag last year vaccination","Influenza","count","integer","112890","overall","overall"
"13","cdm_gold_202512","cohort_name","s_2025","overall","overall","Flag last year vaccination","Influenza","percentage","percentage","91.6076992988834","overall","overall"
"13","cdm_gold_202512","cohort_name","s_2025","overall","overall","Flag last year vaccination","Pneumococcal vaccine","count","integer","1747","overall","overall"
"13","cdm_gold_202512","cohort_name","s_2025","overall","overall","Flag last year vaccination","Pneumococcal vaccine","percentage","percentage","1.41765125941314","overall","overall"
"13","cdm_gold_202512","cohort_name","s_2025","overall","overall","Flag last year vaccination","Herpes zoster vaccine","count","integer","4522","overall","overall"
"13","cdm_gold_202512","cohort_name","s_2025","overall","overall","Flag last year vaccination","Herpes zoster vaccine","percentage","percentage","3.66950142820047","overall","overall"
"13","cdm_gold_202512","cohort_name","s_2025","overall","overall","Flag on index vaccination","Influenza","count","integer","-","overall","overall"
"13","cdm_gold_202512","cohort_name","s_2025","overall","overall","Flag on index vaccination","Influenza","percentage","percentage","-","overall","overall"
"13","cdm_gold_202512","cohort_name","s_2025","overall","overall","Flag on index vaccination","Pneumococcal vaccine","count","integer","113","overall","overall"
"13","cdm_gold_202512","cohort_name","s_2025","overall","overall","Flag on index vaccination","Pneumococcal vaccine","percentage","percentage","0.0916969618280966","overall","overall"
"13","cdm_gold_202512","cohort_name","s_2025","overall","overall","Flag on index vaccination","Herpes zoster vaccine","count","integer","440","overall","overall"
"13","cdm_gold_202512","cohort_name","s_2025","overall","overall","Flag on index vaccination","Herpes zoster vaccine","percentage","percentage","0.357050116852765","overall","overall"
"13","cdm_gold_202512","cohort_name","s_2025","overall","overall","Flag on index vaccination","Rsv vaccine","count","integer","0","overall","overall"
"13","cdm_gold_202512","cohort_name","s_2025","overall","overall","Flag on index vaccination","Rsv vaccine","percentage","percentage","0","overall","overall"
"13","cdm_gold_202512","cohort_name","s_2025","overall","overall","Flag any time prior comorbidities","Myocardial infarction","count","integer","6748","overall","overall"
"13","cdm_gold_202512","cohort_name","s_2025","overall","overall","Flag any time prior comorbidities","Myocardial infarction","percentage","percentage","5.47585042846014","overall","overall"
"13","cdm_gold_202512","cohort_name","s_2025","overall","overall","Flag any time prior comorbidities","Malignant neoplastic disease","count","integer","30832","overall","overall"
"13","cdm_gold_202512","cohort_name","s_2025","overall","overall","Flag any time prior comorbidities","Malignant neoplastic disease","percentage","percentage","25.0194754609192","overall","overall"
"13","cdm_gold_202512","cohort_name","s_2025","overall","overall","Flag any time prior comorbidities","Inflammatory bowel disease","count","integer","1501","overall","overall"
"13","cdm_gold_202512","cohort_name","s_2025","overall","overall","Flag any time prior comorbidities","Inflammatory bowel disease","percentage","percentage","1.21802778499091","overall","overall"
"13","cdm_gold_202512","cohort_name","s_2025","overall","overall","Flag any time prior comorbidities","Cld","count","integer","805","overall","overall"
"13","cdm_gold_202512","cohort_name","s_2025","overall","overall","Flag any time prior comorbidities","Cld","percentage","percentage","0.653239418332901","overall","overall"
"13","cdm_gold_202512","cohort_name","s_2025","overall","overall","Flag any time prior comorbidities","Renal impairment","count","integer","27543","overall","overall"
"13","cdm_gold_202512","cohort_name","s_2025","overall","overall","Flag any time prior comorbidities","Renal impairment","percentage","percentage","22.3505258374448","overall","overall"
"13","cdm_gold_202512","cohort_name","s_2025","overall","overall","Flag any time prior comorbidities","Hiv","count","integer","25","overall","overall"
"13","cdm_gold_202512","cohort_name","s_2025","overall","overall","Flag any time prior comorbidities","Hiv","percentage","percentage","0.0202869384575435","overall","overall"
"13","cdm_gold_202512","cohort_name","s_2025","overall","overall","Flag any time prior comorbidities","Stroke","count","integer","6375","overall","overall"
"13","cdm_gold_202512","cohort_name","s_2025","overall","overall","Flag any time prior comorbidities","Stroke","percentage","percentage","5.17316930667359","overall","overall"
"13","cdm_gold_202512","cohort_name","s_2025","overall","overall","Flag any time prior comorbidities","Diabetes mellitus","count","integer","21582","overall","overall"
"13","cdm_gold_202512","cohort_name","s_2025","overall","overall","Flag any time prior comorbidities","Diabetes mellitus","percentage","percentage","17.5133082316281","overall","overall"
"13","cdm_gold_202512","cohort_name","s_2025","overall","overall","Flag any time prior comorbidities","Hyperten","count","integer","47776","overall","overall"
"13","cdm_gold_202512","cohort_name","s_2025","overall","overall","Flag any time prior comorbidities","Hyperten","percentage","percentage","38.7691508699039","overall","overall"
"13","cdm_gold_202512","cohort_name","s_2025","overall","overall","Flag any time prior comorbidities","Venous thromboembolism","count","integer","7975","overall","overall"
"13","cdm_gold_202512","cohort_name","s_2025","overall","overall","Flag any time prior comorbidities","Venous thromboembolism","percentage","percentage","6.47153336795637","overall","overall"
"13","cdm_gold_202512","cohort_name","s_2025","overall","overall","Flag any time prior comorbidities","Heart failure","count","integer","6969","overall","overall"
"13","cdm_gold_202512","cohort_name","s_2025","overall","overall","Flag any time prior comorbidities","Heart failure","percentage","percentage","5.65518696442482","overall","overall"
"13","cdm_gold_202512","cohort_name","s_2025","overall","overall","Flag any time prior comorbidities","Rheumatoid arthritis","count","integer","3141","overall","overall"
"13","cdm_gold_202512","cohort_name","s_2025","overall","overall","Flag any time prior comorbidities","Rheumatoid arthritis","percentage","percentage","2.54885094780576","overall","overall"
"13","cdm_gold_202512","cohort_name","s_2025","overall","overall","Flag any time prior comorbidities","Copd","count","integer","9265","overall","overall"
"13","cdm_gold_202512","cohort_name","s_2025","overall","overall","Flag any time prior comorbidities","Copd","percentage","percentage","7.51833939236562","overall","overall"
"13","cdm_gold_202512","cohort_name","s_2025","overall","overall","Flag any time prior comorbidities","Asthma","count","integer","9943","overall","overall"
"13","cdm_gold_202512","cohort_name","s_2025","overall","overall","Flag any time prior comorbidities","Asthma","percentage","percentage","8.0685211633342","overall","overall"
"13","cdm_gold_202512","cohort_name","s_2025","overall","overall","Flag any time prior comorbidities","Osteoporosis","count","integer","11710","overall","overall"
"13","cdm_gold_202512","cohort_name","s_2025","overall","overall","Flag any time prior comorbidities","Osteoporosis","percentage","percentage","9.50240197351337","overall","overall"
"13","cdm_gold_202512","cohort_name","s_2025","overall","overall","Flag any time prior comorbidities","Dementia","count","integer","6278","overall","overall"
"13","cdm_gold_202512","cohort_name","s_2025","overall","overall","Flag any time prior comorbidities","Dementia","percentage","percentage","5.09445598545832","overall","overall"
"13","cdm_gold_202512","cohort_name","s_2025","overall","overall","Flag any time prior comorbidities","Ckd","count","integer","25832","overall","overall"
"13","cdm_gold_202512","cohort_name","s_2025","overall","overall","Flag any time prior comorbidities","Ckd","percentage","percentage","20.9620877694105","overall","overall"
"13","cdm_gold_202512","cohort_name","s_2025","overall","overall","Flag any time prior comorbidities","Hypothyroidism","count","integer","9421","overall","overall"
"13","cdm_gold_202512","cohort_name","s_2025","overall","overall","Flag any time prior comorbidities","Hypothyroidism","percentage","percentage","7.64492988834069","overall","overall"
"13","cdm_gold_202512","cohort_name","s_2025","overall","overall","Count any time prior vaccination","Pneumococcal vaccine","min","numeric","0","overall","overall"
"13","cdm_gold_202512","cohort_name","s_2025","overall","overall","Count any time prior vaccination","Pneumococcal vaccine","q25","numeric","1","overall","overall"
"13","cdm_gold_202512","cohort_name","s_2025","overall","overall","Count any time prior vaccination","Pneumococcal vaccine","median","numeric","1","overall","overall"
"13","cdm_gold_202512","cohort_name","s_2025","overall","overall","Count any time prior vaccination","Pneumococcal vaccine","q75","numeric","1","overall","overall"
"13","cdm_gold_202512","cohort_name","s_2025","overall","overall","Count any time prior vaccination","Pneumococcal vaccine","max","numeric","12","overall","overall"
"13","cdm_gold_202512","cohort_name","s_2025","overall","overall","Count any time prior vaccination","Pneumococcal vaccine","mean","numeric","0.828794468969099","overall","overall"
"13","cdm_gold_202512","cohort_name","s_2025","overall","overall","Count any time prior vaccination","Pneumococcal vaccine","sd","numeric","0.555728227168809","overall","overall"
"13","cdm_gold_202512","cohort_name","s_2025","overall","overall","Count any time prior vaccination","Rsv vaccine","min","numeric","0","overall","overall"
"13","cdm_gold_202512","cohort_name","s_2025","overall","overall","Count any time prior vaccination","Rsv vaccine","q25","numeric","0","overall","overall"
"13","cdm_gold_202512","cohort_name","s_2025","overall","overall","Count any time prior vaccination","Rsv vaccine","median","numeric","0","overall","overall"
"13","cdm_gold_202512","cohort_name","s_2025","overall","overall","Count any time prior vaccination","Rsv vaccine","q75","numeric","0","overall","overall"
"13","cdm_gold_202512","cohort_name","s_2025","overall","overall","Count any time prior vaccination","Rsv vaccine","max","numeric","1","overall","overall"
"13","cdm_gold_202512","cohort_name","s_2025","overall","overall","Count any time prior vaccination","Rsv vaccine","mean","numeric","0.000981887821345105","overall","overall"
"13","cdm_gold_202512","cohort_name","s_2025","overall","overall","Count any time prior vaccination","Rsv vaccine","sd","numeric","0.031319828826027","overall","overall"
"13","cdm_gold_202512","cohort_name","s_2025","overall","overall","Count any time prior vaccination","Herpes zoster vaccine","min","numeric","0","overall","overall"
"13","cdm_gold_202512","cohort_name","s_2025","overall","overall","Count any time prior vaccination","Herpes zoster vaccine","q25","numeric","0","overall","overall"
"13","cdm_gold_202512","cohort_name","s_2025","overall","overall","Count any time prior vaccination","Herpes zoster vaccine","median","numeric","0","overall","overall"
"13","cdm_gold_202512","cohort_name","s_2025","overall","overall","Count any time prior vaccination","Herpes zoster vaccine","q75","numeric","0","overall","overall"
"13","cdm_gold_202512","cohort_name","s_2025","overall","overall","Count any time prior vaccination","Herpes zoster vaccine","max","numeric","4","overall","overall"
"13","cdm_gold_202512","cohort_name","s_2025","overall","overall","Count any time prior vaccination","Herpes zoster vaccine","mean","numeric","0.267925538821085","overall","overall"
"13","cdm_gold_202512","cohort_name","s_2025","overall","overall","Count any time prior vaccination","Herpes zoster vaccine","sd","numeric","0.556187982005526","overall","overall"
"13","cdm_gold_202512","cohort_name","s_2025","overall","overall","Count any time prior vaccination","Influenza","min","numeric","0","overall","overall"
"13","cdm_gold_202512","cohort_name","s_2025","overall","overall","Count any time prior vaccination","Influenza","q25","numeric","9","overall","overall"
"13","cdm_gold_202512","cohort_name","s_2025","overall","overall","Count any time prior vaccination","Influenza","median","numeric","14","overall","overall"
"13","cdm_gold_202512","cohort_name","s_2025","overall","overall","Count any time prior vaccination","Influenza","q75","numeric","19","overall","overall"
"13","cdm_gold_202512","cohort_name","s_2025","overall","overall","Count any time prior vaccination","Influenza","max","numeric","46","overall","overall"
"13","cdm_gold_202512","cohort_name","s_2025","overall","overall","Count any time prior vaccination","Influenza","mean","numeric","13.6060925733576","overall","overall"
"13","cdm_gold_202512","cohort_name","s_2025","overall","overall","Count any time prior vaccination","Influenza","sd","numeric","6.43906858078375","overall","overall"
"13","cdm_gold_202512","cohort_name","s_2025","overall","overall","Count last year vaccination","Rsv vaccine","min","numeric","0","overall","overall"
"13","cdm_gold_202512","cohort_name","s_2025","overall","overall","Count last year vaccination","Rsv vaccine","q25","numeric","0","overall","overall"
"13","cdm_gold_202512","cohort_name","s_2025","overall","overall","Count last year vaccination","Rsv vaccine","median","numeric","0","overall","overall"
"13","cdm_gold_202512","cohort_name","s_2025","overall","overall","Count last year vaccination","Rsv vaccine","q75","numeric","0","overall","overall"
"13","cdm_gold_202512","cohort_name","s_2025","overall","overall","Count last year vaccination","Rsv vaccine","max","numeric","1","overall","overall"
"13","cdm_gold_202512","cohort_name","s_2025","overall","overall","Count last year vaccination","Rsv vaccine","mean","numeric","0.000981887821345105","overall","overall"
"13","cdm_gold_202512","cohort_name","s_2025","overall","overall","Count last year vaccination","Rsv vaccine","sd","numeric","0.031319828826027","overall","overall"
"13","cdm_gold_202512","cohort_name","s_2025","overall","overall","Count last year vaccination","Herpes zoster vaccine","min","numeric","0","overall","overall"
"13","cdm_gold_202512","cohort_name","s_2025","overall","overall","Count last year vaccination","Herpes zoster vaccine","q25","numeric","0","overall","overall"
"13","cdm_gold_202512","cohort_name","s_2025","overall","overall","Count last year vaccination","Herpes zoster vaccine","median","numeric","0","overall","overall"
"13","cdm_gold_202512","cohort_name","s_2025","overall","overall","Count last year vaccination","Herpes zoster vaccine","q75","numeric","0","overall","overall"
"13","cdm_gold_202512","cohort_name","s_2025","overall","overall","Count last year vaccination","Herpes zoster vaccine","max","numeric","3","overall","overall"
"13","cdm_gold_202512","cohort_name","s_2025","overall","overall","Count last year vaccination","Herpes zoster vaccine","mean","numeric","0.0474633212152688","overall","overall"
"13","cdm_gold_202512","cohort_name","s_2025","overall","overall","Count last year vaccination","Herpes zoster vaccine","sd","numeric","0.258418593039701","overall","overall"
"13","cdm_gold_202512","cohort_name","s_2025","overall","overall","Count last year vaccination","Pneumococcal vaccine","min","numeric","0","overall","overall"
"13","cdm_gold_202512","cohort_name","s_2025","overall","overall","Count last year vaccination","Pneumococcal vaccine","q25","numeric","0","overall","overall"
"13","cdm_gold_202512","cohort_name","s_2025","overall","overall","Count last year vaccination","Pneumococcal vaccine","median","numeric","0","overall","overall"
"13","cdm_gold_202512","cohort_name","s_2025","overall","overall","Count last year vaccination","Pneumococcal vaccine","q75","numeric","0","overall","overall"
"13","cdm_gold_202512","cohort_name","s_2025","overall","overall","Count last year vaccination","Pneumococcal vaccine","max","numeric","5","overall","overall"
"13","cdm_gold_202512","cohort_name","s_2025","overall","overall","Count last year vaccination","Pneumococcal vaccine","mean","numeric","0.0144848740586861","overall","overall"
"13","cdm_gold_202512","cohort_name","s_2025","overall","overall","Count last year vaccination","Pneumococcal vaccine","sd","numeric","0.12269557074498","overall","overall"
"13","cdm_gold_202512","cohort_name","s_2025","overall","overall","Count last year vaccination","Influenza","min","numeric","0","overall","overall"
"13","cdm_gold_202512","cohort_name","s_2025","overall","overall","Count last year vaccination","Influenza","q25","numeric","1","overall","overall"
"13","cdm_gold_202512","cohort_name","s_2025","overall","overall","Count last year vaccination","Influenza","median","numeric","1","overall","overall"
"13","cdm_gold_202512","cohort_name","s_2025","overall","overall","Count last year vaccination","Influenza","q75","numeric","1","overall","overall"
"13","cdm_gold_202512","cohort_name","s_2025","overall","overall","Count last year vaccination","Influenza","max","numeric","2","overall","overall"
"13","cdm_gold_202512","cohort_name","s_2025","overall","overall","Count last year vaccination","Influenza","mean","numeric","0.917391586600883","overall","overall"
"13","cdm_gold_202512","cohort_name","s_2025","overall","overall","Count last year vaccination","Influenza","sd","numeric","0.280025154176545","overall","overall"
"14","cdm_gold_202512","cohort_name","a_2023","overall","overall","Number records",NA,"count","integer","515747","overall","overall"
"14","cdm_gold_202512","cohort_name","a_2023","overall","overall","Number subjects",NA,"count","integer","515720","overall","overall"
"14","cdm_gold_202512","cohort_name","a_2023","overall","overall","Cohort start date",NA,"min","date","2023-10-02","overall","overall"
"14","cdm_gold_202512","cohort_name","a_2023","overall","overall","Cohort start date",NA,"q25","date","2023-10-02","overall","overall"
"14","cdm_gold_202512","cohort_name","a_2023","overall","overall","Cohort start date",NA,"median","date","2023-10-10","overall","overall"
"14","cdm_gold_202512","cohort_name","a_2023","overall","overall","Cohort start date",NA,"q75","date","2023-11-01","overall","overall"
"14","cdm_gold_202512","cohort_name","a_2023","overall","overall","Cohort start date",NA,"max","date","2024-01-31","overall","overall"
"14","cdm_gold_202512","cohort_name","a_2023","overall","overall","Cohort end date",NA,"min","date","2023-10-02","overall","overall"
"14","cdm_gold_202512","cohort_name","a_2023","overall","overall","Cohort end date",NA,"q25","date","2023-10-19","overall","overall"
"14","cdm_gold_202512","cohort_name","a_2023","overall","overall","Cohort end date",NA,"median","date","2023-11-17","overall","overall"
"14","cdm_gold_202512","cohort_name","a_2023","overall","overall","Cohort end date",NA,"q75","date","2024-01-31","overall","overall"
"14","cdm_gold_202512","cohort_name","a_2023","overall","overall","Cohort end date",NA,"max","date","2024-01-31","overall","overall"
"14","cdm_gold_202512","cohort_name","a_2023","overall","overall","Region","England","count","integer","9170","overall","overall"
"14","cdm_gold_202512","cohort_name","a_2023","overall","overall","Region","England","percentage","percentage","1.77800355600711","overall","overall"
"14","cdm_gold_202512","cohort_name","a_2023","overall","overall","Region","Northern ireland","count","integer","51357","overall","overall"
"14","cdm_gold_202512","cohort_name","a_2023","overall","overall","Region","Northern ireland","percentage","percentage","9.95778938122762","overall","overall"
"14","cdm_gold_202512","cohort_name","a_2023","overall","overall","Region","Scotland","count","integer","276470","overall","overall"
"14","cdm_gold_202512","cohort_name","a_2023","overall","overall","Region","Scotland","percentage","percentage","53.6057407992679","overall","overall"
"14","cdm_gold_202512","cohort_name","a_2023","overall","overall","Region","Wales","count","integer","178750","overall","overall"
"14","cdm_gold_202512","cohort_name","a_2023","overall","overall","Region","Wales","percentage","percentage","34.6584662634974","overall","overall"
"14","cdm_gold_202512","cohort_name","a_2023","overall","overall","Ethnicity","Asian","count","integer","2435","overall","overall"
"14","cdm_gold_202512","cohort_name","a_2023","overall","overall","Ethnicity","Asian","percentage","percentage","0.472130715253797","overall","overall"
"14","cdm_gold_202512","cohort_name","a_2023","overall","overall","Ethnicity","Black","count","integer","401","overall","overall"
"14","cdm_gold_202512","cohort_name","a_2023","overall","overall","Ethnicity","Black","percentage","percentage","0.077751300540769","overall","overall"
"14","cdm_gold_202512","cohort_name","a_2023","overall","overall","Ethnicity","Missing","count","integer","281552","overall","overall"
"14","cdm_gold_202512","cohort_name","a_2023","overall","overall","Ethnicity","Missing","percentage","percentage","54.5911076554978","overall","overall"
"14","cdm_gold_202512","cohort_name","a_2023","overall","overall","Ethnicity","White","count","integer","231359","overall","overall"
"14","cdm_gold_202512","cohort_name","a_2023","overall","overall","Ethnicity","White","percentage","percentage","44.8590103287077","overall","overall"
"14","cdm_gold_202512","cohort_name","a_2023","overall","overall","Imd","Q1","count","integer","63133","overall","overall"
"14","cdm_gold_202512","cohort_name","a_2023","overall","overall","Imd","Q1","percentage","percentage","12.2410794439909","overall","overall"
"14","cdm_gold_202512","cohort_name","a_2023","overall","overall","Imd","Q2","count","integer","79893","overall","overall"
"14","cdm_gold_202512","cohort_name","a_2023","overall","overall","Imd","Q2","percentage","percentage","15.4907347982635","overall","overall"
"14","cdm_gold_202512","cohort_name","a_2023","overall","overall","Imd","Q3","count","integer","158780","overall","overall"
"14","cdm_gold_202512","cohort_name","a_2023","overall","overall","Imd","Q3","percentage","percentage","30.7864127178636","overall","overall"
"14","cdm_gold_202512","cohort_name","a_2023","overall","overall","Imd","Q4","count","integer","141891","overall","overall"
"14","cdm_gold_202512","cohort_name","a_2023","overall","overall","Imd","Q4","percentage","percentage","27.5117450998261","overall","overall"
"14","cdm_gold_202512","cohort_name","a_2023","overall","overall","Imd","Q5","count","integer","72050","overall","overall"
"14","cdm_gold_202512","cohort_name","a_2023","overall","overall","Imd","Q5","percentage","percentage","13.9700279400559","overall","overall"
"14","cdm_gold_202512","cohort_name","a_2023","overall","overall","Immunosuppressed",NA,"count","integer","27208","overall","overall"
"14","cdm_gold_202512","cohort_name","a_2023","overall","overall","Immunosuppressed",NA,"min","integer","0","overall","overall"
"14","cdm_gold_202512","cohort_name","a_2023","overall","overall","Immunosuppressed",NA,"q25","integer","0","overall","overall"
"14","cdm_gold_202512","cohort_name","a_2023","overall","overall","Immunosuppressed",NA,"median","integer","0","overall","overall"
"14","cdm_gold_202512","cohort_name","a_2023","overall","overall","Immunosuppressed",NA,"q75","integer","0","overall","overall"
"14","cdm_gold_202512","cohort_name","a_2023","overall","overall","Immunosuppressed",NA,"max","integer","1","overall","overall"
"14","cdm_gold_202512","cohort_name","a_2023","overall","overall","Immunosuppressed",NA,"percentage","percentage","5.27545482571881","overall","overall"
"14","cdm_gold_202512","cohort_name","a_2023","overall","overall","Immunosuppressed",NA,"mean","numeric","0.0527545482571881","overall","overall"
"14","cdm_gold_202512","cohort_name","a_2023","overall","overall","Immunosuppressed",NA,"sd","numeric","0.223543290633082","overall","overall"
"14","cdm_gold_202512","cohort_name","a_2023","overall","overall","Age eligibility",NA,"count","integer","503472","overall","overall"
"14","cdm_gold_202512","cohort_name","a_2023","overall","overall","Age eligibility",NA,"min","integer","0","overall","overall"
"14","cdm_gold_202512","cohort_name","a_2023","overall","overall","Age eligibility",NA,"q25","integer","1","overall","overall"
"14","cdm_gold_202512","cohort_name","a_2023","overall","overall","Age eligibility",NA,"median","integer","1","overall","overall"
"14","cdm_gold_202512","cohort_name","a_2023","overall","overall","Age eligibility",NA,"q75","integer","1","overall","overall"
"14","cdm_gold_202512","cohort_name","a_2023","overall","overall","Age eligibility",NA,"max","integer","1","overall","overall"
"14","cdm_gold_202512","cohort_name","a_2023","overall","overall","Age eligibility",NA,"percentage","percentage","97.6199570719752","overall","overall"
"14","cdm_gold_202512","cohort_name","a_2023","overall","overall","Age eligibility",NA,"mean","numeric","0.976199570719752","overall","overall"
"14","cdm_gold_202512","cohort_name","a_2023","overall","overall","Age eligibility",NA,"sd","numeric","0.15242707730443","overall","overall"
"14","cdm_gold_202512","cohort_name","a_2023","overall","overall","Prior dose",NA,"min","integer","2","overall","overall"
"14","cdm_gold_202512","cohort_name","a_2023","overall","overall","Prior dose",NA,"q25","integer","4","overall","overall"
"14","cdm_gold_202512","cohort_name","a_2023","overall","overall","Prior dose",NA,"median","integer","5","overall","overall"
"14","cdm_gold_202512","cohort_name","a_2023","overall","overall","Prior dose",NA,"q75","integer","6","overall","overall"
"14","cdm_gold_202512","cohort_name","a_2023","overall","overall","Prior dose",NA,"max","integer","9","overall","overall"
"14","cdm_gold_202512","cohort_name","a_2023","overall","overall","Prior dose",NA,"mean","numeric","4.73843376694387","overall","overall"
"14","cdm_gold_202512","cohort_name","a_2023","overall","overall","Prior dose",NA,"sd","numeric","1.15553550511951","overall","overall"
"14","cdm_gold_202512","cohort_name","a_2023","overall","overall","Age group","35-44","count","integer","1670","overall","overall"
"14","cdm_gold_202512","cohort_name","a_2023","overall","overall","Age group","35-44","percentage","percentage","0.323802174321906","overall","overall"
"14","cdm_gold_202512","cohort_name","a_2023","overall","overall","Age group","45-54","count","integer","3209","overall","overall"
"14","cdm_gold_202512","cohort_name","a_2023","overall","overall","Age group","45-54","percentage","percentage","0.62220429784371","overall","overall"
"14","cdm_gold_202512","cohort_name","a_2023","overall","overall","Age group","55-64","count","integer","6151","overall","overall"
"14","cdm_gold_202512","cohort_name","a_2023","overall","overall","Age group","55-64","percentage","percentage","1.19263902649943","overall","overall"
"14","cdm_gold_202512","cohort_name","a_2023","overall","overall","Age group","65-74","count","integer","263253","overall","overall"
"14","cdm_gold_202512","cohort_name","a_2023","overall","overall","Age group","65-74","percentage","percentage","51.0430501777034","overall","overall"
"14","cdm_gold_202512","cohort_name","a_2023","overall","overall","Age group","75-84","count","integer","178854","overall","overall"
"14","cdm_gold_202512","cohort_name","a_2023","overall","overall","Age group","75-84","percentage","percentage","34.6786311893234","overall","overall"
"14","cdm_gold_202512","cohort_name","a_2023","overall","overall","Age group","85-94","count","integer","57129","overall","overall"
"14","cdm_gold_202512","cohort_name","a_2023","overall","overall","Age group","85-94","percentage","percentage","11.0769427645726","overall","overall"
"14","cdm_gold_202512","cohort_name","a_2023","overall","overall","Age group","<=34","count","integer","1245","overall","overall"
"14","cdm_gold_202512","cohort_name","a_2023","overall","overall","Age group","<=34","percentage","percentage","0.241397429359744","overall","overall"
"14","cdm_gold_202512","cohort_name","a_2023","overall","overall","Age group",">=95","count","integer","4236","overall","overall"
"14","cdm_gold_202512","cohort_name","a_2023","overall","overall","Age group",">=95","percentage","percentage","0.821332940375804","overall","overall"
"14","cdm_gold_202512","cohort_name","a_2023","overall","overall","Vaccinated",NA,"count","integer","322645","overall","overall"
"14","cdm_gold_202512","cohort_name","a_2023","overall","overall","Vaccinated",NA,"min","numeric","0","overall","overall"
"14","cdm_gold_202512","cohort_name","a_2023","overall","overall","Vaccinated",NA,"q25","numeric","0","overall","overall"
"14","cdm_gold_202512","cohort_name","a_2023","overall","overall","Vaccinated",NA,"median","numeric","1","overall","overall"
"14","cdm_gold_202512","cohort_name","a_2023","overall","overall","Vaccinated",NA,"q75","numeric","1","overall","overall"
"14","cdm_gold_202512","cohort_name","a_2023","overall","overall","Vaccinated",NA,"max","numeric","1","overall","overall"
"14","cdm_gold_202512","cohort_name","a_2023","overall","overall","Vaccinated",NA,"percentage","percentage","62.5587739725098","overall","overall"
"14","cdm_gold_202512","cohort_name","a_2023","overall","overall","Vaccinated",NA,"mean","numeric","0.625587739725098","overall","overall"
"14","cdm_gold_202512","cohort_name","a_2023","overall","overall","Vaccinated",NA,"sd","numeric","0.483971253055372","overall","overall"
"14","cdm_gold_202512","cohort_name","a_2023","overall","overall","Age",NA,"min","integer","8","overall","overall"
"14","cdm_gold_202512","cohort_name","a_2023","overall","overall","Age",NA,"q25","integer","69","overall","overall"
"14","cdm_gold_202512","cohort_name","a_2023","overall","overall","Age",NA,"median","integer","74","overall","overall"
"14","cdm_gold_202512","cohort_name","a_2023","overall","overall","Age",NA,"q75","integer","80","overall","overall"
"14","cdm_gold_202512","cohort_name","a_2023","overall","overall","Age",NA,"max","integer","109","overall","overall"
"14","cdm_gold_202512","cohort_name","a_2023","overall","overall","Age",NA,"mean","numeric","74.4495518151342","overall","overall"
"14","cdm_gold_202512","cohort_name","a_2023","overall","overall","Age",NA,"sd","numeric","8.27719504145025","overall","overall"
"14","cdm_gold_202512","cohort_name","a_2023","overall","overall","Sex","Female","count","integer","277868","overall","overall"
"14","cdm_gold_202512","cohort_name","a_2023","overall","overall","Sex","Female","percentage","percentage","53.876803936814","overall","overall"
"14","cdm_gold_202512","cohort_name","a_2023","overall","overall","Sex","Male","count","integer","237879","overall","overall"
"14","cdm_gold_202512","cohort_name","a_2023","overall","overall","Sex","Male","percentage","percentage","46.123196063186","overall","overall"
"14","cdm_gold_202512","cohort_name","a_2023","overall","overall","Prior observation",NA,"min","integer","1028","overall","overall"
"14","cdm_gold_202512","cohort_name","a_2023","overall","overall","Prior observation",NA,"q25","integer","5668","overall","overall"
"14","cdm_gold_202512","cohort_name","a_2023","overall","overall","Prior observation",NA,"median","integer","7325","overall","overall"
"14","cdm_gold_202512","cohort_name","a_2023","overall","overall","Prior observation",NA,"q75","integer","7936","overall","overall"
"14","cdm_gold_202512","cohort_name","a_2023","overall","overall","Prior observation",NA,"max","integer","12896","overall","overall"
"14","cdm_gold_202512","cohort_name","a_2023","overall","overall","Prior observation",NA,"mean","numeric","6682.78382036153","overall","overall"
"14","cdm_gold_202512","cohort_name","a_2023","overall","overall","Prior observation",NA,"sd","numeric","2371.64873658585","overall","overall"
"14","cdm_gold_202512","cohort_name","a_2023","overall","overall","Future observation",NA,"min","integer","0","overall","overall"
"14","cdm_gold_202512","cohort_name","a_2023","overall","overall","Future observation",NA,"q25","integer","546","overall","overall"
"14","cdm_gold_202512","cohort_name","a_2023","overall","overall","Future observation",NA,"median","integer","730","overall","overall"
"14","cdm_gold_202512","cohort_name","a_2023","overall","overall","Future observation",NA,"q75","integer","768","overall","overall"
"14","cdm_gold_202512","cohort_name","a_2023","overall","overall","Future observation",NA,"max","integer","777","overall","overall"
"14","cdm_gold_202512","cohort_name","a_2023","overall","overall","Future observation",NA,"mean","numeric","631.443166901601","overall","overall"
"14","cdm_gold_202512","cohort_name","a_2023","overall","overall","Future observation",NA,"sd","numeric","193.500209767961","overall","overall"
"14","cdm_gold_202512","cohort_name","a_2023","overall","overall","Days in cohort",NA,"min","integer","1","overall","overall"
"14","cdm_gold_202512","cohort_name","a_2023","overall","overall","Days in cohort",NA,"q25","integer","1","overall","overall"
"14","cdm_gold_202512","cohort_name","a_2023","overall","overall","Days in cohort",NA,"median","integer","1","overall","overall"
"14","cdm_gold_202512","cohort_name","a_2023","overall","overall","Days in cohort",NA,"q75","integer","122","overall","overall"
"14","cdm_gold_202512","cohort_name","a_2023","overall","overall","Days in cohort",NA,"max","integer","122","overall","overall"
"14","cdm_gold_202512","cohort_name","a_2023","overall","overall","Days in cohort",NA,"mean","numeric","45.0281417051384","overall","overall"
"14","cdm_gold_202512","cohort_name","a_2023","overall","overall","Days in cohort",NA,"sd","numeric","57.8352067975412","overall","overall"
"14","cdm_gold_202512","cohort_name","a_2023","overall","overall","Days to next record",NA,"min","integer","93","overall","overall"
"14","cdm_gold_202512","cohort_name","a_2023","overall","overall","Days to next record",NA,"q25","integer","113","overall","overall"
"14","cdm_gold_202512","cohort_name","a_2023","overall","overall","Days to next record",NA,"median","integer","119","overall","overall"
"14","cdm_gold_202512","cohort_name","a_2023","overall","overall","Days to next record",NA,"q75","integer","119","overall","overall"
"14","cdm_gold_202512","cohort_name","a_2023","overall","overall","Days to next record",NA,"max","integer","119","overall","overall"
"14","cdm_gold_202512","cohort_name","a_2023","overall","overall","Days to next record",NA,"mean","numeric","114.111111111111","overall","overall"
"14","cdm_gold_202512","cohort_name","a_2023","overall","overall","Days to next record",NA,"sd","numeric","7.72773891367641","overall","overall"
"14","cdm_gold_202512","cohort_name","a_2023","overall","overall","Number visits in the prior year",NA,"min","numeric","0","overall","overall"
"14","cdm_gold_202512","cohort_name","a_2023","overall","overall","Number visits in the prior year",NA,"q25","numeric","16","overall","overall"
"14","cdm_gold_202512","cohort_name","a_2023","overall","overall","Number visits in the prior year",NA,"median","numeric","25","overall","overall"
"14","cdm_gold_202512","cohort_name","a_2023","overall","overall","Number visits in the prior year",NA,"q75","numeric","38","overall","overall"
"14","cdm_gold_202512","cohort_name","a_2023","overall","overall","Number visits in the prior year",NA,"max","numeric","318","overall","overall"
"14","cdm_gold_202512","cohort_name","a_2023","overall","overall","Number visits in the prior year",NA,"mean","numeric","29.0890455979385","overall","overall"
"14","cdm_gold_202512","cohort_name","a_2023","overall","overall","Number visits in the prior year",NA,"sd","numeric","19.3067628006502","overall","overall"
"14","cdm_gold_202512","cohort_name","a_2023","overall","overall","Flag any time prior vaccination","Herpes zoster vaccine","count","integer","87784","overall","overall"
"14","cdm_gold_202512","cohort_name","a_2023","overall","overall","Flag any time prior vaccination","Herpes zoster vaccine","percentage","percentage","17.0207485453139","overall","overall"
"14","cdm_gold_202512","cohort_name","a_2023","overall","overall","Flag any time prior vaccination","Rsv vaccine","count","integer","0","overall","overall"
"14","cdm_gold_202512","cohort_name","a_2023","overall","overall","Flag any time prior vaccination","Rsv vaccine","percentage","percentage","0","overall","overall"
"14","cdm_gold_202512","cohort_name","a_2023","overall","overall","Flag any time prior vaccination","Influenza","count","integer","476052","overall","overall"
"14","cdm_gold_202512","cohort_name","a_2023","overall","overall","Flag any time prior vaccination","Influenza","percentage","percentage","92.3033968205341","overall","overall"
"14","cdm_gold_202512","cohort_name","a_2023","overall","overall","Flag any time prior vaccination","Pneumococcal vaccine","count","integer","327994","overall","overall"
"14","cdm_gold_202512","cohort_name","a_2023","overall","overall","Flag any time prior vaccination","Pneumococcal vaccine","percentage","percentage","63.5959103979277","overall","overall"
"14","cdm_gold_202512","cohort_name","a_2023","overall","overall","Flag last year vaccination","Influenza","count","integer","239034","overall","overall"
"14","cdm_gold_202512","cohort_name","a_2023","overall","overall","Flag last year vaccination","Influenza","percentage","percentage","46.3471430759655","overall","overall"
"14","cdm_gold_202512","cohort_name","a_2023","overall","overall","Flag last year vaccination","Rsv vaccine","count","integer","0","overall","overall"
"14","cdm_gold_202512","cohort_name","a_2023","overall","overall","Flag last year vaccination","Rsv vaccine","percentage","percentage","0","overall","overall"
"14","cdm_gold_202512","cohort_name","a_2023","overall","overall","Flag last year vaccination","Herpes zoster vaccine","count","integer","31541","overall","overall"
"14","cdm_gold_202512","cohort_name","a_2023","overall","overall","Flag last year vaccination","Herpes zoster vaccine","percentage","percentage","6.11559543729774","overall","overall"
"14","cdm_gold_202512","cohort_name","a_2023","overall","overall","Flag last year vaccination","Pneumococcal vaccine","count","integer","34299","overall","overall"
"14","cdm_gold_202512","cohort_name","a_2023","overall","overall","Flag last year vaccination","Pneumococcal vaccine","percentage","percentage","6.65035375872279","overall","overall"
"14","cdm_gold_202512","cohort_name","a_2023","overall","overall","Flag on index vaccination","Rsv vaccine","count","integer","0","overall","overall"
"14","cdm_gold_202512","cohort_name","a_2023","overall","overall","Flag on index vaccination","Rsv vaccine","percentage","percentage","0","overall","overall"
"14","cdm_gold_202512","cohort_name","a_2023","overall","overall","Flag on index vaccination","Herpes zoster vaccine","count","integer","614","overall","overall"
"14","cdm_gold_202512","cohort_name","a_2023","overall","overall","Flag on index vaccination","Herpes zoster vaccine","percentage","percentage","0.119050619780629","overall","overall"
"14","cdm_gold_202512","cohort_name","a_2023","overall","overall","Flag on index vaccination","Pneumococcal vaccine","count","integer","278","overall","overall"
"14","cdm_gold_202512","cohort_name","a_2023","overall","overall","Flag on index vaccination","Pneumococcal vaccine","percentage","percentage","0.0539023978811316","overall","overall"
"14","cdm_gold_202512","cohort_name","a_2023","overall","overall","Flag on index vaccination","Influenza","count","integer","230204","overall","overall"
"14","cdm_gold_202512","cohort_name","a_2023","overall","overall","Flag on index vaccination","Influenza","percentage","percentage","44.6350633159282","overall","overall"
"14","cdm_gold_202512","cohort_name","a_2023","overall","overall","Flag any time prior comorbidities","Hiv","count","integer","99","overall","overall"
"14","cdm_gold_202512","cohort_name","a_2023","overall","overall","Flag any time prior comorbidities","Hiv","percentage","percentage","0.0191954582382447","overall","overall"
"14","cdm_gold_202512","cohort_name","a_2023","overall","overall","Flag any time prior comorbidities","Venous thromboembolism","count","integer","28113","overall","overall"
"14","cdm_gold_202512","cohort_name","a_2023","overall","overall","Flag any time prior comorbidities","Venous thromboembolism","percentage","percentage","5.45092845910883","overall","overall"
"14","cdm_gold_202512","cohort_name","a_2023","overall","overall","Flag any time prior comorbidities","Diabetes mellitus","count","integer","82936","overall","overall"
"14","cdm_gold_202512","cohort_name","a_2023","overall","overall","Flag any time prior comorbidities","Diabetes mellitus","percentage","percentage","16.0807527721926","overall","overall"
"14","cdm_gold_202512","cohort_name","a_2023","overall","overall","Flag any time prior comorbidities","Stroke","count","integer","19802","overall","overall"
"14","cdm_gold_202512","cohort_name","a_2023","overall","overall","Flag any time prior comorbidities","Stroke","percentage","percentage","3.83947943468406","overall","overall"
"14","cdm_gold_202512","cohort_name","a_2023","overall","overall","Flag any time prior comorbidities","Dementia","count","integer","15498","overall","overall"
"14","cdm_gold_202512","cohort_name","a_2023","overall","overall","Flag any time prior comorbidities","Dementia","percentage","percentage","3.00496173511431","overall","overall"
"14","cdm_gold_202512","cohort_name","a_2023","overall","overall","Flag any time prior comorbidities","Cld","count","integer","3450","overall","overall"
"14","cdm_gold_202512","cohort_name","a_2023","overall","overall","Flag any time prior comorbidities","Cld","percentage","percentage","0.668932635575195","overall","overall"
"14","cdm_gold_202512","cohort_name","a_2023","overall","overall","Flag any time prior comorbidities","Hyperten","count","integer","172175","overall","overall"
"14","cdm_gold_202512","cohort_name","a_2023","overall","overall","Flag any time prior comorbidities","Hyperten","percentage","percentage","33.3836163855534","overall","overall"
"14","cdm_gold_202512","cohort_name","a_2023","overall","overall","Flag any time prior comorbidities","Asthma","count","integer","42665","overall","overall"
"14","cdm_gold_202512","cohort_name","a_2023","overall","overall","Flag any time prior comorbidities","Asthma","percentage","percentage","8.27246692661324","overall","overall"
"14","cdm_gold_202512","cohort_name","a_2023","overall","overall","Flag any time prior comorbidities","Myocardial infarction","count","integer","23493","overall","overall"
"14","cdm_gold_202512","cohort_name","a_2023","overall","overall","Flag any time prior comorbidities","Myocardial infarction","percentage","percentage","4.55514040799074","overall","overall"
"14","cdm_gold_202512","cohort_name","a_2023","overall","overall","Flag any time prior comorbidities","Inflammatory bowel disease","count","integer","6025","overall","overall"
"14","cdm_gold_202512","cohort_name","a_2023","overall","overall","Flag any time prior comorbidities","Inflammatory bowel disease","percentage","percentage","1.16820844328712","overall","overall"
"14","cdm_gold_202512","cohort_name","a_2023","overall","overall","Flag any time prior comorbidities","Hypothyroidism","count","integer","36600","overall","overall"
"14","cdm_gold_202512","cohort_name","a_2023","overall","overall","Flag any time prior comorbidities","Hypothyroidism","percentage","percentage","7.09650274262381","overall","overall"
"14","cdm_gold_202512","cohort_name","a_2023","overall","overall","Flag any time prior comorbidities","Malignant neoplastic disease","count","integer","96456","overall","overall"
"14","cdm_gold_202512","cohort_name","a_2023","overall","overall","Flag any time prior comorbidities","Malignant neoplastic disease","percentage","percentage","18.7021931295771","overall","overall"
"14","cdm_gold_202512","cohort_name","a_2023","overall","overall","Flag any time prior comorbidities","Osteoporosis","count","integer","35597","overall","overall"
"14","cdm_gold_202512","cohort_name","a_2023","overall","overall","Flag any time prior comorbidities","Osteoporosis","percentage","percentage","6.9020275445131","overall","overall"
"14","cdm_gold_202512","cohort_name","a_2023","overall","overall","Flag any time prior comorbidities","Renal impairment","count","integer","78049","overall","overall"
"14","cdm_gold_202512","cohort_name","a_2023","overall","overall","Flag any time prior comorbidities","Renal impairment","percentage","percentage","15.1331951518865","overall","overall"
"14","cdm_gold_202512","cohort_name","a_2023","overall","overall","Flag any time prior comorbidities","Rheumatoid arthritis","count","integer","10043","overall","overall"
"14","cdm_gold_202512","cohort_name","a_2023","overall","overall","Flag any time prior comorbidities","Rheumatoid arthritis","percentage","percentage","1.94727259683527","overall","overall"
"14","cdm_gold_202512","cohort_name","a_2023","overall","overall","Flag any time prior comorbidities","Heart failure","count","integer","20584","overall","overall"
"14","cdm_gold_202512","cohort_name","a_2023","overall","overall","Flag any time prior comorbidities","Heart failure","percentage","percentage","3.99110416541444","overall","overall"
"14","cdm_gold_202512","cohort_name","a_2023","overall","overall","Flag any time prior comorbidities","Ckd","count","integer","72002","overall","overall"
"14","cdm_gold_202512","cohort_name","a_2023","overall","overall","Flag any time prior comorbidities","Ckd","percentage","percentage","13.9607210512131","overall","overall"
"14","cdm_gold_202512","cohort_name","a_2023","overall","overall","Flag any time prior comorbidities","Copd","count","integer","39263","overall","overall"
"14","cdm_gold_202512","cohort_name","a_2023","overall","overall","Flag any time prior comorbidities","Copd","percentage","percentage","7.61284117988083","overall","overall"
"14","cdm_gold_202512","cohort_name","a_2023","overall","overall","Count any time prior vaccination","Influenza","min","numeric","0","overall","overall"
"14","cdm_gold_202512","cohort_name","a_2023","overall","overall","Count any time prior vaccination","Influenza","q25","numeric","3","overall","overall"
"14","cdm_gold_202512","cohort_name","a_2023","overall","overall","Count any time prior vaccination","Influenza","median","numeric","7","overall","overall"
"14","cdm_gold_202512","cohort_name","a_2023","overall","overall","Count any time prior vaccination","Influenza","q75","numeric","14","overall","overall"
"14","cdm_gold_202512","cohort_name","a_2023","overall","overall","Count any time prior vaccination","Influenza","max","numeric","44","overall","overall"
"14","cdm_gold_202512","cohort_name","a_2023","overall","overall","Count any time prior vaccination","Influenza","mean","numeric","8.65349095583687","overall","overall"
"14","cdm_gold_202512","cohort_name","a_2023","overall","overall","Count any time prior vaccination","Influenza","sd","numeric","6.7412977318345","overall","overall"
"14","cdm_gold_202512","cohort_name","a_2023","overall","overall","Count any time prior vaccination","Pneumococcal vaccine","min","numeric","0","overall","overall"
"14","cdm_gold_202512","cohort_name","a_2023","overall","overall","Count any time prior vaccination","Pneumococcal vaccine","q25","numeric","0","overall","overall"
"14","cdm_gold_202512","cohort_name","a_2023","overall","overall","Count any time prior vaccination","Pneumococcal vaccine","median","numeric","1","overall","overall"
"14","cdm_gold_202512","cohort_name","a_2023","overall","overall","Count any time prior vaccination","Pneumococcal vaccine","q75","numeric","1","overall","overall"
"14","cdm_gold_202512","cohort_name","a_2023","overall","overall","Count any time prior vaccination","Pneumococcal vaccine","max","numeric","11","overall","overall"
"14","cdm_gold_202512","cohort_name","a_2023","overall","overall","Count any time prior vaccination","Pneumococcal vaccine","mean","numeric","0.682357822730913","overall","overall"
"14","cdm_gold_202512","cohort_name","a_2023","overall","overall","Count any time prior vaccination","Pneumococcal vaccine","sd","numeric","0.574516553063289","overall","overall"
"14","cdm_gold_202512","cohort_name","a_2023","overall","overall","Count any time prior vaccination","Rsv vaccine","min","numeric","0","overall","overall"
"14","cdm_gold_202512","cohort_name","a_2023","overall","overall","Count any time prior vaccination","Rsv vaccine","q25","numeric","0","overall","overall"
"14","cdm_gold_202512","cohort_name","a_2023","overall","overall","Count any time prior vaccination","Rsv vaccine","median","numeric","0","overall","overall"
"14","cdm_gold_202512","cohort_name","a_2023","overall","overall","Count any time prior vaccination","Rsv vaccine","q75","numeric","0","overall","overall"
"14","cdm_gold_202512","cohort_name","a_2023","overall","overall","Count any time prior vaccination","Rsv vaccine","max","numeric","0","overall","overall"
"14","cdm_gold_202512","cohort_name","a_2023","overall","overall","Count any time prior vaccination","Rsv vaccine","mean","numeric","0","overall","overall"
"14","cdm_gold_202512","cohort_name","a_2023","overall","overall","Count any time prior vaccination","Rsv vaccine","sd","numeric","0","overall","overall"
"14","cdm_gold_202512","cohort_name","a_2023","overall","overall","Count any time prior vaccination","Herpes zoster vaccine","min","numeric","0","overall","overall"
"14","cdm_gold_202512","cohort_name","a_2023","overall","overall","Count any time prior vaccination","Herpes zoster vaccine","q25","numeric","0","overall","overall"
"14","cdm_gold_202512","cohort_name","a_2023","overall","overall","Count any time prior vaccination","Herpes zoster vaccine","median","numeric","0","overall","overall"
"14","cdm_gold_202512","cohort_name","a_2023","overall","overall","Count any time prior vaccination","Herpes zoster vaccine","q75","numeric","0","overall","overall"
"14","cdm_gold_202512","cohort_name","a_2023","overall","overall","Count any time prior vaccination","Herpes zoster vaccine","max","numeric","4","overall","overall"
"14","cdm_gold_202512","cohort_name","a_2023","overall","overall","Count any time prior vaccination","Herpes zoster vaccine","mean","numeric","0.18090265188164","overall","overall"
"14","cdm_gold_202512","cohort_name","a_2023","overall","overall","Count any time prior vaccination","Herpes zoster vaccine","sd","numeric","0.412232874063882","overall","overall"
"14","cdm_gold_202512","cohort_name","a_2023","overall","overall","Count last year vaccination","Herpes zoster vaccine","min","numeric","0","overall","overall"
"14","cdm_gold_202512","cohort_name","a_2023","overall","overall","Count last year vaccination","Herpes zoster vaccine","q25","numeric","0","overall","overall"
"14","cdm_gold_202512","cohort_name","a_2023","overall","overall","Count last year vaccination","Herpes zoster vaccine","median","numeric","0","overall","overall"
"14","cdm_gold_202512","cohort_name","a_2023","overall","overall","Count last year vaccination","Herpes zoster vaccine","q75","numeric","0","overall","overall"
"14","cdm_gold_202512","cohort_name","a_2023","overall","overall","Count last year vaccination","Herpes zoster vaccine","max","numeric","4","overall","overall"
"14","cdm_gold_202512","cohort_name","a_2023","overall","overall","Count last year vaccination","Herpes zoster vaccine","mean","numeric","0.0674652494343156","overall","overall"
"14","cdm_gold_202512","cohort_name","a_2023","overall","overall","Count last year vaccination","Herpes zoster vaccine","sd","numeric","0.274979747551539","overall","overall"
"14","cdm_gold_202512","cohort_name","a_2023","overall","overall","Count last year vaccination","Pneumococcal vaccine","min","numeric","0","overall","overall"
"14","cdm_gold_202512","cohort_name","a_2023","overall","overall","Count last year vaccination","Pneumococcal vaccine","q25","numeric","0","overall","overall"
"14","cdm_gold_202512","cohort_name","a_2023","overall","overall","Count last year vaccination","Pneumococcal vaccine","median","numeric","0","overall","overall"
"14","cdm_gold_202512","cohort_name","a_2023","overall","overall","Count last year vaccination","Pneumococcal vaccine","q75","numeric","0","overall","overall"
"14","cdm_gold_202512","cohort_name","a_2023","overall","overall","Count last year vaccination","Pneumococcal vaccine","max","numeric","5","overall","overall"
"14","cdm_gold_202512","cohort_name","a_2023","overall","overall","Count last year vaccination","Pneumococcal vaccine","mean","numeric","0.0670212332791079","overall","overall"
"14","cdm_gold_202512","cohort_name","a_2023","overall","overall","Count last year vaccination","Pneumococcal vaccine","sd","numeric","0.252558787689987","overall","overall"
"14","cdm_gold_202512","cohort_name","a_2023","overall","overall","Count last year vaccination","Rsv vaccine","min","numeric","0","overall","overall"
"14","cdm_gold_202512","cohort_name","a_2023","overall","overall","Count last year vaccination","Rsv vaccine","q25","numeric","0","overall","overall"
"14","cdm_gold_202512","cohort_name","a_2023","overall","overall","Count last year vaccination","Rsv vaccine","median","numeric","0","overall","overall"
"14","cdm_gold_202512","cohort_name","a_2023","overall","overall","Count last year vaccination","Rsv vaccine","q75","numeric","0","overall","overall"
"14","cdm_gold_202512","cohort_name","a_2023","overall","overall","Count last year vaccination","Rsv vaccine","max","numeric","0","overall","overall"
"14","cdm_gold_202512","cohort_name","a_2023","overall","overall","Count last year vaccination","Rsv vaccine","mean","numeric","0","overall","overall"
"14","cdm_gold_202512","cohort_name","a_2023","overall","overall","Count last year vaccination","Rsv vaccine","sd","numeric","0","overall","overall"
"14","cdm_gold_202512","cohort_name","a_2023","overall","overall","Count last year vaccination","Influenza","min","numeric","0","overall","overall"
"14","cdm_gold_202512","cohort_name","a_2023","overall","overall","Count last year vaccination","Influenza","q25","numeric","0","overall","overall"
"14","cdm_gold_202512","cohort_name","a_2023","overall","overall","Count last year vaccination","Influenza","median","numeric","0","overall","overall"
"14","cdm_gold_202512","cohort_name","a_2023","overall","overall","Count last year vaccination","Influenza","q75","numeric","1","overall","overall"
"14","cdm_gold_202512","cohort_name","a_2023","overall","overall","Count last year vaccination","Influenza","max","numeric","4","overall","overall"
"14","cdm_gold_202512","cohort_name","a_2023","overall","overall","Count last year vaccination","Influenza","mean","numeric","0.565899559280035","overall","overall"
"14","cdm_gold_202512","cohort_name","a_2023","overall","overall","Count last year vaccination","Influenza","sd","numeric","0.672485060369346","overall","overall"
"14","cdm_gold_202512","cohort_name","s_2024","overall","overall","Number records",NA,"count","integer","266169","overall","overall"
"14","cdm_gold_202512","cohort_name","s_2024","overall","overall","Number subjects",NA,"count","integer","266169","overall","overall"
"14","cdm_gold_202512","cohort_name","s_2024","overall","overall","Cohort start date",NA,"min","date","2024-04-15","overall","overall"
"14","cdm_gold_202512","cohort_name","s_2024","overall","overall","Cohort start date",NA,"q25","date","2024-04-15","overall","overall"
"14","cdm_gold_202512","cohort_name","s_2024","overall","overall","Cohort start date",NA,"median","date","2024-04-20","overall","overall"
"14","cdm_gold_202512","cohort_name","s_2024","overall","overall","Cohort start date",NA,"q75","date","2024-05-09","overall","overall"
"14","cdm_gold_202512","cohort_name","s_2024","overall","overall","Cohort start date",NA,"max","date","2024-06-30","overall","overall"
"14","cdm_gold_202512","cohort_name","s_2024","overall","overall","Cohort end date",NA,"min","date","2024-04-15","overall","overall"
"14","cdm_gold_202512","cohort_name","s_2024","overall","overall","Cohort end date",NA,"q25","date","2024-05-01","overall","overall"
"14","cdm_gold_202512","cohort_name","s_2024","overall","overall","Cohort end date",NA,"median","date","2024-05-28","overall","overall"
"14","cdm_gold_202512","cohort_name","s_2024","overall","overall","Cohort end date",NA,"q75","date","2024-06-30","overall","overall"
"14","cdm_gold_202512","cohort_name","s_2024","overall","overall","Cohort end date",NA,"max","date","2024-06-30","overall","overall"
"14","cdm_gold_202512","cohort_name","s_2024","overall","overall","Region","England","count","integer","5011","overall","overall"
"14","cdm_gold_202512","cohort_name","s_2024","overall","overall","Region","England","percentage","percentage","1.8826384740522","overall","overall"
"14","cdm_gold_202512","cohort_name","s_2024","overall","overall","Region","Northern ireland","count","integer","26550","overall","overall"
"14","cdm_gold_202512","cohort_name","s_2024","overall","overall","Region","Northern ireland","percentage","percentage","9.97486559291277","overall","overall"
"14","cdm_gold_202512","cohort_name","s_2024","overall","overall","Region","Scotland","count","integer","142139","overall","overall"
"14","cdm_gold_202512","cohort_name","s_2024","overall","overall","Region","Scotland","percentage","percentage","53.4017860832779","overall","overall"
"14","cdm_gold_202512","cohort_name","s_2024","overall","overall","Region","Wales","count","integer","92469","overall","overall"
"14","cdm_gold_202512","cohort_name","s_2024","overall","overall","Region","Wales","percentage","percentage","34.7407098497571","overall","overall"
"14","cdm_gold_202512","cohort_name","s_2024","overall","overall","Ethnicity","Asian","count","integer","981","overall","overall"
"14","cdm_gold_202512","cohort_name","s_2024","overall","overall","Ethnicity","Asian","percentage","percentage","0.368562830382201","overall","overall"
"14","cdm_gold_202512","cohort_name","s_2024","overall","overall","Ethnicity","Black","count","integer","153","overall","overall"
"14","cdm_gold_202512","cohort_name","s_2024","overall","overall","Ethnicity","Black","percentage","percentage","0.0574822762981414","overall","overall"
"14","cdm_gold_202512","cohort_name","s_2024","overall","overall","Ethnicity","Missing","count","integer","147459","overall","overall"
"14","cdm_gold_202512","cohort_name","s_2024","overall","overall","Ethnicity","Missing","percentage","percentage","55.4005162133832","overall","overall"
"14","cdm_gold_202512","cohort_name","s_2024","overall","overall","Ethnicity","White","count","integer","117576","overall","overall"
"14","cdm_gold_202512","cohort_name","s_2024","overall","overall","Ethnicity","White","percentage","percentage","44.1734386799364","overall","overall"
"14","cdm_gold_202512","cohort_name","s_2024","overall","overall","Imd","Q1","count","integer","33316","overall","overall"
"14","cdm_gold_202512","cohort_name","s_2024","overall","overall","Imd","Q1","percentage","percentage","12.5168595892084","overall","overall"
"14","cdm_gold_202512","cohort_name","s_2024","overall","overall","Imd","Q2","count","integer","40418","overall","overall"
"14","cdm_gold_202512","cohort_name","s_2024","overall","overall","Imd","Q2","percentage","percentage","15.1850891726685","overall","overall"
"14","cdm_gold_202512","cohort_name","s_2024","overall","overall","Imd","Q3","count","integer","83203","overall","overall"
"14","cdm_gold_202512","cohort_name","s_2024","overall","overall","Imd","Q3","percentage","percentage","31.2594629727729","overall","overall"
"14","cdm_gold_202512","cohort_name","s_2024","overall","overall","Imd","Q4","count","integer","73001","overall","overall"
"14","cdm_gold_202512","cohort_name","s_2024","overall","overall","Imd","Q4","percentage","percentage","27.426559817259","overall","overall"
"14","cdm_gold_202512","cohort_name","s_2024","overall","overall","Imd","Q5","count","integer","36231","overall","overall"
"14","cdm_gold_202512","cohort_name","s_2024","overall","overall","Imd","Q5","percentage","percentage","13.6120284480912","overall","overall"
"14","cdm_gold_202512","cohort_name","s_2024","overall","overall","Immunosuppressed",NA,"count","integer","26629","overall","overall"
"14","cdm_gold_202512","cohort_name","s_2024","overall","overall","Immunosuppressed",NA,"min","integer","0","overall","overall"
"14","cdm_gold_202512","cohort_name","s_2024","overall","overall","Immunosuppressed",NA,"q25","integer","0","overall","overall"
"14","cdm_gold_202512","cohort_name","s_2024","overall","overall","Immunosuppressed",NA,"median","integer","0","overall","overall"
"14","cdm_gold_202512","cohort_name","s_2024","overall","overall","Immunosuppressed",NA,"q75","integer","0","overall","overall"
"14","cdm_gold_202512","cohort_name","s_2024","overall","overall","Immunosuppressed",NA,"max","integer","1","overall","overall"
"14","cdm_gold_202512","cohort_name","s_2024","overall","overall","Immunosuppressed",NA,"percentage","percentage","10.0045459839425","overall","overall"
"14","cdm_gold_202512","cohort_name","s_2024","overall","overall","Immunosuppressed",NA,"mean","numeric","0.100045459839425","overall","overall"
"14","cdm_gold_202512","cohort_name","s_2024","overall","overall","Immunosuppressed",NA,"sd","numeric","0.300061167220748","overall","overall"
"14","cdm_gold_202512","cohort_name","s_2024","overall","overall","Age eligibility",NA,"count","integer","247564","overall","overall"
"14","cdm_gold_202512","cohort_name","s_2024","overall","overall","Age eligibility",NA,"min","integer","0","overall","overall"
"14","cdm_gold_202512","cohort_name","s_2024","overall","overall","Age eligibility",NA,"q25","integer","1","overall","overall"
"14","cdm_gold_202512","cohort_name","s_2024","overall","overall","Age eligibility",NA,"median","integer","1","overall","overall"
"14","cdm_gold_202512","cohort_name","s_2024","overall","overall","Age eligibility",NA,"q75","integer","1","overall","overall"
"14","cdm_gold_202512","cohort_name","s_2024","overall","overall","Age eligibility",NA,"max","integer","1","overall","overall"
"14","cdm_gold_202512","cohort_name","s_2024","overall","overall","Age eligibility",NA,"percentage","percentage","93.0100800619155","overall","overall"
"14","cdm_gold_202512","cohort_name","s_2024","overall","overall","Age eligibility",NA,"mean","numeric","0.930100800619155","overall","overall"
"14","cdm_gold_202512","cohort_name","s_2024","overall","overall","Age eligibility",NA,"sd","numeric","0.254977539331215","overall","overall"
"14","cdm_gold_202512","cohort_name","s_2024","overall","overall","Prior dose",NA,"min","integer","2","overall","overall"
"14","cdm_gold_202512","cohort_name","s_2024","overall","overall","Prior dose",NA,"q25","integer","5","overall","overall"
"14","cdm_gold_202512","cohort_name","s_2024","overall","overall","Prior dose",NA,"median","integer","7","overall","overall"
"14","cdm_gold_202512","cohort_name","s_2024","overall","overall","Prior dose",NA,"q75","integer","7","overall","overall"
"14","cdm_gold_202512","cohort_name","s_2024","overall","overall","Prior dose",NA,"max","integer","9","overall","overall"
"14","cdm_gold_202512","cohort_name","s_2024","overall","overall","Prior dose",NA,"mean","numeric","6.00699555545537","overall","overall"
"14","cdm_gold_202512","cohort_name","s_2024","overall","overall","Prior dose",NA,"sd","numeric","1.35185190950726","overall","overall"
"14","cdm_gold_202512","cohort_name","s_2024","overall","overall","Age group","35-44","count","integer","1553","overall","overall"
"14","cdm_gold_202512","cohort_name","s_2024","overall","overall","Age group","35-44","percentage","percentage","0.583463889483749","overall","overall"
"14","cdm_gold_202512","cohort_name","s_2024","overall","overall","Age group","45-54","count","integer","2988","overall","overall"
"14","cdm_gold_202512","cohort_name","s_2024","overall","overall","Age group","45-54","percentage","percentage","1.122595042999","overall","overall"
"14","cdm_gold_202512","cohort_name","s_2024","overall","overall","Age group","55-64","count","integer","5911","overall","overall"
"14","cdm_gold_202512","cohort_name","s_2024","overall","overall","Age group","55-64","percentage","percentage","2.22076951110009","overall","overall"
"14","cdm_gold_202512","cohort_name","s_2024","overall","overall","Age group","65-74","count","integer","7040","overall","overall"
"14","cdm_gold_202512","cohort_name","s_2024","overall","overall","Age group","65-74","percentage","percentage","2.64493611201906","overall","overall"
"14","cdm_gold_202512","cohort_name","s_2024","overall","overall","Age group","75-84","count","integer","182747","overall","overall"
"14","cdm_gold_202512","cohort_name","s_2024","overall","overall","Age group","75-84","percentage","percentage","68.6582584748787","overall","overall"
"14","cdm_gold_202512","cohort_name","s_2024","overall","overall","Age group","85-94","count","integer","59988","overall","overall"
"14","cdm_gold_202512","cohort_name","s_2024","overall","overall","Age group","85-94","percentage","percentage","22.5375607226987","overall","overall"
"14","cdm_gold_202512","cohort_name","s_2024","overall","overall","Age group","<=34","count","integer","1113","overall","overall"
"14","cdm_gold_202512","cohort_name","s_2024","overall","overall","Age group","<=34","percentage","percentage","0.418155382482558","overall","overall"
"14","cdm_gold_202512","cohort_name","s_2024","overall","overall","Age group",">=95","count","integer","4829","overall","overall"
"14","cdm_gold_202512","cohort_name","s_2024","overall","overall","Age group",">=95","percentage","percentage","1.81426086433807","overall","overall"
"14","cdm_gold_202512","cohort_name","s_2024","overall","overall","Vaccinated",NA,"count","integer","155676","overall","overall"
"14","cdm_gold_202512","cohort_name","s_2024","overall","overall","Vaccinated",NA,"min","numeric","0","overall","overall"
"14","cdm_gold_202512","cohort_name","s_2024","overall","overall","Vaccinated",NA,"q25","numeric","0","overall","overall"
"14","cdm_gold_202512","cohort_name","s_2024","overall","overall","Vaccinated",NA,"median","numeric","1","overall","overall"
"14","cdm_gold_202512","cohort_name","s_2024","overall","overall","Vaccinated",NA,"q75","numeric","1","overall","overall"
"14","cdm_gold_202512","cohort_name","s_2024","overall","overall","Vaccinated",NA,"max","numeric","1","overall","overall"
"14","cdm_gold_202512","cohort_name","s_2024","overall","overall","Vaccinated",NA,"percentage","percentage","58.4876525816305","overall","overall"
"14","cdm_gold_202512","cohort_name","s_2024","overall","overall","Vaccinated",NA,"mean","numeric","0.584876525816305","overall","overall"
"14","cdm_gold_202512","cohort_name","s_2024","overall","overall","Vaccinated",NA,"sd","numeric","0.492744241525011","overall","overall"
"14","cdm_gold_202512","cohort_name","s_2024","overall","overall","Age",NA,"min","integer","10","overall","overall"
"14","cdm_gold_202512","cohort_name","s_2024","overall","overall","Age",NA,"q25","integer","77","overall","overall"
"14","cdm_gold_202512","cohort_name","s_2024","overall","overall","Age",NA,"median","integer","80","overall","overall"
"14","cdm_gold_202512","cohort_name","s_2024","overall","overall","Age",NA,"q75","integer","84","overall","overall"
"14","cdm_gold_202512","cohort_name","s_2024","overall","overall","Age",NA,"max","integer","110","overall","overall"
"14","cdm_gold_202512","cohort_name","s_2024","overall","overall","Age",NA,"mean","numeric","79.8133140974343","overall","overall"
"14","cdm_gold_202512","cohort_name","s_2024","overall","overall","Age",NA,"sd","numeric","8.47473902622096","overall","overall"
"14","cdm_gold_202512","cohort_name","s_2024","overall","overall","Sex","Female","count","integer","148609","overall","overall"
"14","cdm_gold_202512","cohort_name","s_2024","overall","overall","Sex","Female","percentage","percentage","55.8325725385","overall","overall"
"14","cdm_gold_202512","cohort_name","s_2024","overall","overall","Sex","Male","count","integer","117560","overall","overall"
"14","cdm_gold_202512","cohort_name","s_2024","overall","overall","Sex","Male","percentage","percentage","44.1674274615","overall","overall"
"14","cdm_gold_202512","cohort_name","s_2024","overall","overall","Prior observation",NA,"min","integer","1224","overall","overall"
"14","cdm_gold_202512","cohort_name","s_2024","overall","overall","Prior observation",NA,"q25","integer","6103","overall","overall"
"14","cdm_gold_202512","cohort_name","s_2024","overall","overall","Prior observation",NA,"median","integer","7523","overall","overall"
"14","cdm_gold_202512","cohort_name","s_2024","overall","overall","Prior observation",NA,"q75","integer","8138","overall","overall"
"14","cdm_gold_202512","cohort_name","s_2024","overall","overall","Prior observation",NA,"max","integer","13050","overall","overall"
"14","cdm_gold_202512","cohort_name","s_2024","overall","overall","Prior observation",NA,"mean","numeric","6969.69094071812","overall","overall"
"14","cdm_gold_202512","cohort_name","s_2024","overall","overall","Prior observation",NA,"sd","numeric","2343.29715429998","overall","overall"
"14","cdm_gold_202512","cohort_name","s_2024","overall","overall","Future observation",NA,"min","integer","0","overall","overall"
"14","cdm_gold_202512","cohort_name","s_2024","overall","overall","Future observation",NA,"q25","integer","364","overall","overall"
"14","cdm_gold_202512","cohort_name","s_2024","overall","overall","Future observation",NA,"median","integer","545","overall","overall"
"14","cdm_gold_202512","cohort_name","s_2024","overall","overall","Future observation",NA,"q75","integer","574","overall","overall"
"14","cdm_gold_202512","cohort_name","s_2024","overall","overall","Future observation",NA,"max","integer","581","overall","overall"
"14","cdm_gold_202512","cohort_name","s_2024","overall","overall","Future observation",NA,"mean","numeric","458.332138603669","overall","overall"
"14","cdm_gold_202512","cohort_name","s_2024","overall","overall","Future observation",NA,"sd","numeric","157.770235063843","overall","overall"
"14","cdm_gold_202512","cohort_name","s_2024","overall","overall","Days in cohort",NA,"min","integer","1","overall","overall"
"14","cdm_gold_202512","cohort_name","s_2024","overall","overall","Days in cohort",NA,"q25","integer","1","overall","overall"
"14","cdm_gold_202512","cohort_name","s_2024","overall","overall","Days in cohort",NA,"median","integer","1","overall","overall"
"14","cdm_gold_202512","cohort_name","s_2024","overall","overall","Days in cohort",NA,"q75","integer","77","overall","overall"
"14","cdm_gold_202512","cohort_name","s_2024","overall","overall","Days in cohort",NA,"max","integer","77","overall","overall"
"14","cdm_gold_202512","cohort_name","s_2024","overall","overall","Days in cohort",NA,"mean","numeric","31.8716942994864","overall","overall"
"14","cdm_gold_202512","cohort_name","s_2024","overall","overall","Days in cohort",NA,"sd","numeric","37.1318986423678","overall","overall"
"14","cdm_gold_202512","cohort_name","s_2024","overall","overall","Days to next record",NA,"min","integer",NA,"overall","overall"
"14","cdm_gold_202512","cohort_name","s_2024","overall","overall","Days to next record",NA,"q25","integer",NA,"overall","overall"
"14","cdm_gold_202512","cohort_name","s_2024","overall","overall","Days to next record",NA,"median","integer",NA,"overall","overall"
"14","cdm_gold_202512","cohort_name","s_2024","overall","overall","Days to next record",NA,"q75","integer",NA,"overall","overall"
"14","cdm_gold_202512","cohort_name","s_2024","overall","overall","Days to next record",NA,"max","integer",NA,"overall","overall"
"14","cdm_gold_202512","cohort_name","s_2024","overall","overall","Days to next record",NA,"mean","numeric",NA,"overall","overall"
"14","cdm_gold_202512","cohort_name","s_2024","overall","overall","Days to next record",NA,"sd","numeric",NA,"overall","overall"
"14","cdm_gold_202512","cohort_name","s_2024","overall","overall","Number visits in the prior year",NA,"min","numeric","0","overall","overall"
"14","cdm_gold_202512","cohort_name","s_2024","overall","overall","Number visits in the prior year",NA,"q25","numeric","19","overall","overall"
"14","cdm_gold_202512","cohort_name","s_2024","overall","overall","Number visits in the prior year",NA,"median","numeric","29","overall","overall"
"14","cdm_gold_202512","cohort_name","s_2024","overall","overall","Number visits in the prior year",NA,"q75","numeric","43","overall","overall"
"14","cdm_gold_202512","cohort_name","s_2024","overall","overall","Number visits in the prior year",NA,"max","numeric","326","overall","overall"
"14","cdm_gold_202512","cohort_name","s_2024","overall","overall","Number visits in the prior year",NA,"mean","numeric","33.2035098001646","overall","overall"
"14","cdm_gold_202512","cohort_name","s_2024","overall","overall","Number visits in the prior year",NA,"sd","numeric","20.1273064861256","overall","overall"
"14","cdm_gold_202512","cohort_name","s_2024","overall","overall","Flag any time prior vaccination","Herpes zoster vaccine","count","integer","62012","overall","overall"
"14","cdm_gold_202512","cohort_name","s_2024","overall","overall","Flag any time prior vaccination","Herpes zoster vaccine","percentage","percentage","23.2979798549042","overall","overall"
"14","cdm_gold_202512","cohort_name","s_2024","overall","overall","Flag any time prior vaccination","Rsv vaccine","count","integer","0","overall","overall"
"14","cdm_gold_202512","cohort_name","s_2024","overall","overall","Flag any time prior vaccination","Rsv vaccine","percentage","percentage","0","overall","overall"
"14","cdm_gold_202512","cohort_name","s_2024","overall","overall","Flag any time prior vaccination","Influenza","count","integer","252085","overall","overall"
"14","cdm_gold_202512","cohort_name","s_2024","overall","overall","Flag any time prior vaccination","Influenza","percentage","percentage","94.7086249713528","overall","overall"
"14","cdm_gold_202512","cohort_name","s_2024","overall","overall","Flag any time prior vaccination","Pneumococcal vaccine","count","integer","181475","overall","overall"
"14","cdm_gold_202512","cohort_name","s_2024","overall","overall","Flag any time prior vaccination","Pneumococcal vaccine","percentage","percentage","68.1803666091844","overall","overall"
"14","cdm_gold_202512","cohort_name","s_2024","overall","overall","Flag last year vaccination","Influenza","count","integer","207893","overall","overall"
"14","cdm_gold_202512","cohort_name","s_2024","overall","overall","Flag last year vaccination","Influenza","percentage","percentage","78.1056396499968","overall","overall"
"14","cdm_gold_202512","cohort_name","s_2024","overall","overall","Flag last year vaccination","Rsv vaccine","count","integer","0","overall","overall"
"14","cdm_gold_202512","cohort_name","s_2024","overall","overall","Flag last year vaccination","Rsv vaccine","percentage","percentage","0","overall","overall"
"14","cdm_gold_202512","cohort_name","s_2024","overall","overall","Flag last year vaccination","Herpes zoster vaccine","count","integer","11053","overall","overall"
"14","cdm_gold_202512","cohort_name","s_2024","overall","overall","Flag last year vaccination","Herpes zoster vaccine","percentage","percentage","4.15262483610037","overall","overall"
"14","cdm_gold_202512","cohort_name","s_2024","overall","overall","Flag last year vaccination","Pneumococcal vaccine","count","integer","6072","overall","overall"
"14","cdm_gold_202512","cohort_name","s_2024","overall","overall","Flag last year vaccination","Pneumococcal vaccine","percentage","percentage","2.28125739661644","overall","overall"
"14","cdm_gold_202512","cohort_name","s_2024","overall","overall","Flag on index vaccination","Rsv vaccine","count","integer","0","overall","overall"
"14","cdm_gold_202512","cohort_name","s_2024","overall","overall","Flag on index vaccination","Rsv vaccine","percentage","percentage","0","overall","overall"
"14","cdm_gold_202512","cohort_name","s_2024","overall","overall","Flag on index vaccination","Herpes zoster vaccine","count","integer","410","overall","overall"
"14","cdm_gold_202512","cohort_name","s_2024","overall","overall","Flag on index vaccination","Herpes zoster vaccine","percentage","percentage","0.154037472432928","overall","overall"
"14","cdm_gold_202512","cohort_name","s_2024","overall","overall","Flag on index vaccination","Pneumococcal vaccine","count","integer","206","overall","overall"
"14","cdm_gold_202512","cohort_name","s_2024","overall","overall","Flag on index vaccination","Pneumococcal vaccine","percentage","percentage","0.0773944373687394","overall","overall"
"14","cdm_gold_202512","cohort_name","s_2024","overall","overall","Flag on index vaccination","Influenza","count","integer","8","overall","overall"
"14","cdm_gold_202512","cohort_name","s_2024","overall","overall","Flag on index vaccination","Influenza","percentage","percentage","0.00300560921820347","overall","overall"
"14","cdm_gold_202512","cohort_name","s_2024","overall","overall","Flag any time prior comorbidities","Hiv","count","integer","54","overall","overall"
"14","cdm_gold_202512","cohort_name","s_2024","overall","overall","Flag any time prior comorbidities","Hiv","percentage","percentage","0.0202878622228734","overall","overall"
"14","cdm_gold_202512","cohort_name","s_2024","overall","overall","Flag any time prior comorbidities","Venous thromboembolism","count","integer","17890","overall","overall"
"14","cdm_gold_202512","cohort_name","s_2024","overall","overall","Flag any time prior comorbidities","Venous thromboembolism","percentage","percentage","6.72129361420751","overall","overall"
"14","cdm_gold_202512","cohort_name","s_2024","overall","overall","Flag any time prior comorbidities","Diabetes mellitus","count","integer","46379","overall","overall"
"14","cdm_gold_202512","cohort_name","s_2024","overall","overall","Flag any time prior comorbidities","Diabetes mellitus","percentage","percentage","17.4246437413824","overall","overall"
"14","cdm_gold_202512","cohort_name","s_2024","overall","overall","Flag any time prior comorbidities","Stroke","count","integer","13259","overall","overall"
"14","cdm_gold_202512","cohort_name","s_2024","overall","overall","Flag any time prior comorbidities","Stroke","percentage","percentage","4.98142157801998","overall","overall"
"14","cdm_gold_202512","cohort_name","s_2024","overall","overall","Flag any time prior comorbidities","Dementia","count","integer","13371","overall","overall"
"14","cdm_gold_202512","cohort_name","s_2024","overall","overall","Flag any time prior comorbidities","Dementia","percentage","percentage","5.02350010707483","overall","overall"
"14","cdm_gold_202512","cohort_name","s_2024","overall","overall","Flag any time prior comorbidities","Cld","count","integer","1740","overall","overall"
"14","cdm_gold_202512","cohort_name","s_2024","overall","overall","Flag any time prior comorbidities","Cld","percentage","percentage","0.653720004959255","overall","overall"
"14","cdm_gold_202512","cohort_name","s_2024","overall","overall","Flag any time prior comorbidities","Hyperten","count","integer","98144","overall","overall"
"14","cdm_gold_202512","cohort_name","s_2024","overall","overall","Flag any time prior comorbidities","Hyperten","percentage","percentage","36.8728138889202","overall","overall"
"14","cdm_gold_202512","cohort_name","s_2024","overall","overall","Flag any time prior comorbidities","Asthma","count","integer","22043","overall","overall"
"14","cdm_gold_202512","cohort_name","s_2024","overall","overall","Flag any time prior comorbidities","Asthma","percentage","percentage","8.28158049960739","overall","overall"
"14","cdm_gold_202512","cohort_name","s_2024","overall","overall","Flag any time prior comorbidities","Myocardial infarction","count","integer","14120","overall","overall"
"14","cdm_gold_202512","cohort_name","s_2024","overall","overall","Flag any time prior comorbidities","Myocardial infarction","percentage","percentage","5.30490027012913","overall","overall"
"14","cdm_gold_202512","cohort_name","s_2024","overall","overall","Flag any time prior comorbidities","Inflammatory bowel disease","count","integer","3861","overall","overall"
"14","cdm_gold_202512","cohort_name","s_2024","overall","overall","Flag any time prior comorbidities","Inflammatory bowel disease","percentage","percentage","1.45058214893545","overall","overall"
"14","cdm_gold_202512","cohort_name","s_2024","overall","overall","Flag any time prior comorbidities","Hypothyroidism","count","integer","20685","overall","overall"
"14","cdm_gold_202512","cohort_name","s_2024","overall","overall","Flag any time prior comorbidities","Hypothyroidism","percentage","percentage","7.77137833481735","overall","overall"
"14","cdm_gold_202512","cohort_name","s_2024","overall","overall","Flag any time prior comorbidities","Malignant neoplastic disease","count","integer","66126","overall","overall"
"14","cdm_gold_202512","cohort_name","s_2024","overall","overall","Flag any time prior comorbidities","Malignant neoplastic disease","percentage","percentage","24.8436143953653","overall","overall"
"14","cdm_gold_202512","cohort_name","s_2024","overall","overall","Flag any time prior comorbidities","Osteoporosis","count","integer","24474","overall","overall"
"14","cdm_gold_202512","cohort_name","s_2024","overall","overall","Flag any time prior comorbidities","Osteoporosis","percentage","percentage","9.19491000078897","overall","overall"
"14","cdm_gold_202512","cohort_name","s_2024","overall","overall","Flag any time prior comorbidities","Renal impairment","count","integer","57891","overall","overall"
"14","cdm_gold_202512","cohort_name","s_2024","overall","overall","Flag any time prior comorbidities","Renal impairment","percentage","percentage","21.7497154063772","overall","overall"
"14","cdm_gold_202512","cohort_name","s_2024","overall","overall","Flag any time prior comorbidities","Rheumatoid arthritis","count","integer","7620","overall","overall"
"14","cdm_gold_202512","cohort_name","s_2024","overall","overall","Flag any time prior comorbidities","Rheumatoid arthritis","percentage","percentage","2.86284278033881","overall","overall"
"14","cdm_gold_202512","cohort_name","s_2024","overall","overall","Flag any time prior comorbidities","Heart failure","count","integer","15155","overall","overall"
"14","cdm_gold_202512","cohort_name","s_2024","overall","overall","Flag any time prior comorbidities","Heart failure","percentage","percentage","5.6937509627342","overall","overall"
"14","cdm_gold_202512","cohort_name","s_2024","overall","overall","Flag any time prior comorbidities","Ckd","count","integer","53759","overall","overall"
"14","cdm_gold_202512","cohort_name","s_2024","overall","overall","Flag any time prior comorbidities","Ckd","percentage","percentage","20.1973182451751","overall","overall"
"14","cdm_gold_202512","cohort_name","s_2024","overall","overall","Flag any time prior comorbidities","Copd","count","integer","22262","overall","overall"
"14","cdm_gold_202512","cohort_name","s_2024","overall","overall","Flag any time prior comorbidities","Copd","percentage","percentage","8.36385905195571","overall","overall"
"14","cdm_gold_202512","cohort_name","s_2024","overall","overall","Count any time prior vaccination","Influenza","min","numeric","0","overall","overall"
"14","cdm_gold_202512","cohort_name","s_2024","overall","overall","Count any time prior vaccination","Influenza","q25","numeric","6","overall","overall"
"14","cdm_gold_202512","cohort_name","s_2024","overall","overall","Count any time prior vaccination","Influenza","median","numeric","11","overall","overall"
"14","cdm_gold_202512","cohort_name","s_2024","overall","overall","Count any time prior vaccination","Influenza","q75","numeric","17","overall","overall"
"14","cdm_gold_202512","cohort_name","s_2024","overall","overall","Count any time prior vaccination","Influenza","max","numeric","45","overall","overall"
"14","cdm_gold_202512","cohort_name","s_2024","overall","overall","Count any time prior vaccination","Influenza","mean","numeric","11.5914888660964","overall","overall"
"14","cdm_gold_202512","cohort_name","s_2024","overall","overall","Count any time prior vaccination","Influenza","sd","numeric","6.98506824227959","overall","overall"
"14","cdm_gold_202512","cohort_name","s_2024","overall","overall","Count any time prior vaccination","Pneumococcal vaccine","min","numeric","0","overall","overall"
"14","cdm_gold_202512","cohort_name","s_2024","overall","overall","Count any time prior vaccination","Pneumococcal vaccine","q25","numeric","0","overall","overall"
"14","cdm_gold_202512","cohort_name","s_2024","overall","overall","Count any time prior vaccination","Pneumococcal vaccine","median","numeric","1","overall","overall"
"14","cdm_gold_202512","cohort_name","s_2024","overall","overall","Count any time prior vaccination","Pneumococcal vaccine","q75","numeric","1","overall","overall"
"14","cdm_gold_202512","cohort_name","s_2024","overall","overall","Count any time prior vaccination","Pneumococcal vaccine","max","numeric","11","overall","overall"
"14","cdm_gold_202512","cohort_name","s_2024","overall","overall","Count any time prior vaccination","Pneumococcal vaccine","mean","numeric","0.742967813682285","overall","overall"
"14","cdm_gold_202512","cohort_name","s_2024","overall","overall","Count any time prior vaccination","Pneumococcal vaccine","sd","numeric","0.582644890475861","overall","overall"
"14","cdm_gold_202512","cohort_name","s_2024","overall","overall","Count any time prior vaccination","Rsv vaccine","min","numeric","0","overall","overall"
"14","cdm_gold_202512","cohort_name","s_2024","overall","overall","Count any time prior vaccination","Rsv vaccine","q25","numeric","0","overall","overall"
"14","cdm_gold_202512","cohort_name","s_2024","overall","overall","Count any time prior vaccination","Rsv vaccine","median","numeric","0","overall","overall"
"14","cdm_gold_202512","cohort_name","s_2024","overall","overall","Count any time prior vaccination","Rsv vaccine","q75","numeric","0","overall","overall"
"14","cdm_gold_202512","cohort_name","s_2024","overall","overall","Count any time prior vaccination","Rsv vaccine","max","numeric","0","overall","overall"
"14","cdm_gold_202512","cohort_name","s_2024","overall","overall","Count any time prior vaccination","Rsv vaccine","mean","numeric","0","overall","overall"
"14","cdm_gold_202512","cohort_name","s_2024","overall","overall","Count any time prior vaccination","Rsv vaccine","sd","numeric","0","overall","overall"
"14","cdm_gold_202512","cohort_name","s_2024","overall","overall","Count any time prior vaccination","Herpes zoster vaccine","min","numeric","0","overall","overall"
"14","cdm_gold_202512","cohort_name","s_2024","overall","overall","Count any time prior vaccination","Herpes zoster vaccine","q25","numeric","0","overall","overall"
"14","cdm_gold_202512","cohort_name","s_2024","overall","overall","Count any time prior vaccination","Herpes zoster vaccine","median","numeric","0","overall","overall"
"14","cdm_gold_202512","cohort_name","s_2024","overall","overall","Count any time prior vaccination","Herpes zoster vaccine","q75","numeric","0","overall","overall"
"14","cdm_gold_202512","cohort_name","s_2024","overall","overall","Count any time prior vaccination","Herpes zoster vaccine","max","numeric","4","overall","overall"
"14","cdm_gold_202512","cohort_name","s_2024","overall","overall","Count any time prior vaccination","Herpes zoster vaccine","mean","numeric","0.258707813456864","overall","overall"
"14","cdm_gold_202512","cohort_name","s_2024","overall","overall","Count any time prior vaccination","Herpes zoster vaccine","sd","numeric","0.493942218728039","overall","overall"
"14","cdm_gold_202512","cohort_name","s_2024","overall","overall","Count last year vaccination","Herpes zoster vaccine","min","numeric","0","overall","overall"
"14","cdm_gold_202512","cohort_name","s_2024","overall","overall","Count last year vaccination","Herpes zoster vaccine","q25","numeric","0","overall","overall"
"14","cdm_gold_202512","cohort_name","s_2024","overall","overall","Count last year vaccination","Herpes zoster vaccine","median","numeric","0","overall","overall"
"14","cdm_gold_202512","cohort_name","s_2024","overall","overall","Count last year vaccination","Herpes zoster vaccine","q75","numeric","0","overall","overall"
"14","cdm_gold_202512","cohort_name","s_2024","overall","overall","Count last year vaccination","Herpes zoster vaccine","max","numeric","4","overall","overall"
"14","cdm_gold_202512","cohort_name","s_2024","overall","overall","Count last year vaccination","Herpes zoster vaccine","mean","numeric","0.0553708358223535","overall","overall"
"14","cdm_gold_202512","cohort_name","s_2024","overall","overall","Count last year vaccination","Herpes zoster vaccine","sd","numeric","0.283018689388287","overall","overall"
"14","cdm_gold_202512","cohort_name","s_2024","overall","overall","Count last year vaccination","Pneumococcal vaccine","min","numeric","0","overall","overall"
"14","cdm_gold_202512","cohort_name","s_2024","overall","overall","Count last year vaccination","Pneumococcal vaccine","q25","numeric","0","overall","overall"
"14","cdm_gold_202512","cohort_name","s_2024","overall","overall","Count last year vaccination","Pneumococcal vaccine","median","numeric","0","overall","overall"
"14","cdm_gold_202512","cohort_name","s_2024","overall","overall","Count last year vaccination","Pneumococcal vaccine","q75","numeric","0","overall","overall"
"14","cdm_gold_202512","cohort_name","s_2024","overall","overall","Count last year vaccination","Pneumococcal vaccine","max","numeric","4","overall","overall"
"14","cdm_gold_202512","cohort_name","s_2024","overall","overall","Count last year vaccination","Pneumococcal vaccine","mean","numeric","0.0232145741990991","overall","overall"
"14","cdm_gold_202512","cohort_name","s_2024","overall","overall","Count last year vaccination","Pneumococcal vaccine","sd","numeric","0.15394042325004","overall","overall"
"14","cdm_gold_202512","cohort_name","s_2024","overall","overall","Count last year vaccination","Rsv vaccine","min","numeric","0","overall","overall"
"14","cdm_gold_202512","cohort_name","s_2024","overall","overall","Count last year vaccination","Rsv vaccine","q25","numeric","0","overall","overall"
"14","cdm_gold_202512","cohort_name","s_2024","overall","overall","Count last year vaccination","Rsv vaccine","median","numeric","0","overall","overall"
"14","cdm_gold_202512","cohort_name","s_2024","overall","overall","Count last year vaccination","Rsv vaccine","q75","numeric","0","overall","overall"
"14","cdm_gold_202512","cohort_name","s_2024","overall","overall","Count last year vaccination","Rsv vaccine","max","numeric","0","overall","overall"
"14","cdm_gold_202512","cohort_name","s_2024","overall","overall","Count last year vaccination","Rsv vaccine","mean","numeric","0","overall","overall"
"14","cdm_gold_202512","cohort_name","s_2024","overall","overall","Count last year vaccination","Rsv vaccine","sd","numeric","0","overall","overall"
"14","cdm_gold_202512","cohort_name","s_2024","overall","overall","Count last year vaccination","Influenza","min","numeric","0","overall","overall"
"14","cdm_gold_202512","cohort_name","s_2024","overall","overall","Count last year vaccination","Influenza","q25","numeric","1","overall","overall"
"14","cdm_gold_202512","cohort_name","s_2024","overall","overall","Count last year vaccination","Influenza","median","numeric","1","overall","overall"
"14","cdm_gold_202512","cohort_name","s_2024","overall","overall","Count last year vaccination","Influenza","q75","numeric","1","overall","overall"
"14","cdm_gold_202512","cohort_name","s_2024","overall","overall","Count last year vaccination","Influenza","max","numeric","3","overall","overall"
"14","cdm_gold_202512","cohort_name","s_2024","overall","overall","Count last year vaccination","Influenza","mean","numeric","0.784343781582378","overall","overall"
"14","cdm_gold_202512","cohort_name","s_2024","overall","overall","Count last year vaccination","Influenza","sd","numeric","0.419472263477652","overall","overall"
"14","cdm_gold_202512","cohort_name","a_2024","overall","overall","Number records",NA,"count","integer","484713","overall","overall"
"14","cdm_gold_202512","cohort_name","a_2024","overall","overall","Number subjects",NA,"count","integer","484694","overall","overall"
"14","cdm_gold_202512","cohort_name","a_2024","overall","overall","Cohort start date",NA,"min","date","2024-10-03","overall","overall"
"14","cdm_gold_202512","cohort_name","a_2024","overall","overall","Cohort start date",NA,"q25","date","2024-10-03","overall","overall"
"14","cdm_gold_202512","cohort_name","a_2024","overall","overall","Cohort start date",NA,"median","date","2024-10-12","overall","overall"
"14","cdm_gold_202512","cohort_name","a_2024","overall","overall","Cohort start date",NA,"q75","date","2024-11-06","overall","overall"
"14","cdm_gold_202512","cohort_name","a_2024","overall","overall","Cohort start date",NA,"max","date","2025-01-31","overall","overall"
"14","cdm_gold_202512","cohort_name","a_2024","overall","overall","Cohort end date",NA,"min","date","2024-10-03","overall","overall"
"14","cdm_gold_202512","cohort_name","a_2024","overall","overall","Cohort end date",NA,"q25","date","2024-10-23","overall","overall"
"14","cdm_gold_202512","cohort_name","a_2024","overall","overall","Cohort end date",NA,"median","date","2024-11-22","overall","overall"
"14","cdm_gold_202512","cohort_name","a_2024","overall","overall","Cohort end date",NA,"q75","date","2025-01-31","overall","overall"
"14","cdm_gold_202512","cohort_name","a_2024","overall","overall","Cohort end date",NA,"max","date","2025-01-31","overall","overall"
"14","cdm_gold_202512","cohort_name","a_2024","overall","overall","Region","England","count","integer","6061","overall","overall"
"14","cdm_gold_202512","cohort_name","a_2024","overall","overall","Region","England","percentage","percentage","1.25043066721957","overall","overall"
"14","cdm_gold_202512","cohort_name","a_2024","overall","overall","Region","Northern ireland","count","integer","51143","overall","overall"
"14","cdm_gold_202512","cohort_name","a_2024","overall","overall","Region","Northern ireland","percentage","percentage","10.5511921487561","overall","overall"
"14","cdm_gold_202512","cohort_name","a_2024","overall","overall","Region","Scotland","count","integer","275286","overall","overall"
"14","cdm_gold_202512","cohort_name","a_2024","overall","overall","Region","Scotland","percentage","percentage","56.7936077637695","overall","overall"
"14","cdm_gold_202512","cohort_name","a_2024","overall","overall","Region","Wales","count","integer","152223","overall","overall"
"14","cdm_gold_202512","cohort_name","a_2024","overall","overall","Region","Wales","percentage","percentage","31.4047694202549","overall","overall"
"14","cdm_gold_202512","cohort_name","a_2024","overall","overall","Ethnicity","Asian","count","integer","2160","overall","overall"
"14","cdm_gold_202512","cohort_name","a_2024","overall","overall","Ethnicity","Asian","percentage","percentage","0.445624524202982","overall","overall"
"14","cdm_gold_202512","cohort_name","a_2024","overall","overall","Ethnicity","Black","count","integer","382","overall","overall"
"14","cdm_gold_202512","cohort_name","a_2024","overall","overall","Ethnicity","Black","percentage","percentage","0.0788095223358977","overall","overall"
"14","cdm_gold_202512","cohort_name","a_2024","overall","overall","Ethnicity","Missing","count","integer","264105","overall","overall"
"14","cdm_gold_202512","cohort_name","a_2024","overall","overall","Ethnicity","Missing","percentage","percentage","54.4868819280688","overall","overall"
"14","cdm_gold_202512","cohort_name","a_2024","overall","overall","Ethnicity","White","count","integer","218066","overall","overall"
"14","cdm_gold_202512","cohort_name","a_2024","overall","overall","Ethnicity","White","percentage","percentage","44.9886840253923","overall","overall"
"14","cdm_gold_202512","cohort_name","a_2024","overall","overall","Imd","Q1","count","integer","61278","overall","overall"
"14","cdm_gold_202512","cohort_name","a_2024","overall","overall","Imd","Q1","percentage","percentage","12.6421201824585","overall","overall"
"14","cdm_gold_202512","cohort_name","a_2024","overall","overall","Imd","Q2","count","integer","75128","overall","overall"
"14","cdm_gold_202512","cohort_name","a_2024","overall","overall","Imd","Q2","percentage","percentage","15.49948113626","overall","overall"
"14","cdm_gold_202512","cohort_name","a_2024","overall","overall","Imd","Q3","count","integer","143913","overall","overall"
"14","cdm_gold_202512","cohort_name","a_2024","overall","overall","Imd","Q3","percentage","percentage","29.690352847974","overall","overall"
"14","cdm_gold_202512","cohort_name","a_2024","overall","overall","Imd","Q4","count","integer","134266","overall","overall"
"14","cdm_gold_202512","cohort_name","a_2024","overall","overall","Imd","Q4","percentage","percentage","27.7001029475174","overall","overall"
"14","cdm_gold_202512","cohort_name","a_2024","overall","overall","Imd","Q5","count","integer","70128","overall","overall"
"14","cdm_gold_202512","cohort_name","a_2024","overall","overall","Imd","Q5","percentage","percentage","14.4679428857901","overall","overall"
"14","cdm_gold_202512","cohort_name","a_2024","overall","overall","Immunosuppressed",NA,"count","integer","25549","overall","overall"
"14","cdm_gold_202512","cohort_name","a_2024","overall","overall","Immunosuppressed",NA,"min","integer","0","overall","overall"
"14","cdm_gold_202512","cohort_name","a_2024","overall","overall","Immunosuppressed",NA,"q25","integer","0","overall","overall"
"14","cdm_gold_202512","cohort_name","a_2024","overall","overall","Immunosuppressed",NA,"median","integer","0","overall","overall"
"14","cdm_gold_202512","cohort_name","a_2024","overall","overall","Immunosuppressed",NA,"q75","integer","0","overall","overall"
"14","cdm_gold_202512","cohort_name","a_2024","overall","overall","Immunosuppressed",NA,"max","integer","1","overall","overall"
"14","cdm_gold_202512","cohort_name","a_2024","overall","overall","Immunosuppressed",NA,"percentage","percentage","5.27095415225092","overall","overall"
"14","cdm_gold_202512","cohort_name","a_2024","overall","overall","Immunosuppressed",NA,"mean","numeric","0.0527095415225092","overall","overall"
"14","cdm_gold_202512","cohort_name","a_2024","overall","overall","Immunosuppressed",NA,"sd","numeric","0.223453236197618","overall","overall"
"14","cdm_gold_202512","cohort_name","a_2024","overall","overall","Age eligibility",NA,"count","integer","473385","overall","overall"
"14","cdm_gold_202512","cohort_name","a_2024","overall","overall","Age eligibility",NA,"min","integer","0","overall","overall"
"14","cdm_gold_202512","cohort_name","a_2024","overall","overall","Age eligibility",NA,"q25","integer","1","overall","overall"
"14","cdm_gold_202512","cohort_name","a_2024","overall","overall","Age eligibility",NA,"median","integer","1","overall","overall"
"14","cdm_gold_202512","cohort_name","a_2024","overall","overall","Age eligibility",NA,"q75","integer","1","overall","overall"
"14","cdm_gold_202512","cohort_name","a_2024","overall","overall","Age eligibility",NA,"max","integer","1","overall","overall"
"14","cdm_gold_202512","cohort_name","a_2024","overall","overall","Age eligibility",NA,"percentage","percentage","97.6629469397355","overall","overall"
"14","cdm_gold_202512","cohort_name","a_2024","overall","overall","Age eligibility",NA,"mean","numeric","0.976629469397355","overall","overall"
"14","cdm_gold_202512","cohort_name","a_2024","overall","overall","Age eligibility",NA,"sd","numeric","0.151077450304376","overall","overall"
"14","cdm_gold_202512","cohort_name","a_2024","overall","overall","Prior dose",NA,"min","integer","2","overall","overall"
"14","cdm_gold_202512","cohort_name","a_2024","overall","overall","Prior dose",NA,"q25","integer","5","overall","overall"
"14","cdm_gold_202512","cohort_name","a_2024","overall","overall","Prior dose",NA,"median","integer","5","overall","overall"
"14","cdm_gold_202512","cohort_name","a_2024","overall","overall","Prior dose",NA,"q75","integer","7","overall","overall"
"14","cdm_gold_202512","cohort_name","a_2024","overall","overall","Prior dose",NA,"max","integer","11","overall","overall"
"14","cdm_gold_202512","cohort_name","a_2024","overall","overall","Prior dose",NA,"mean","numeric","5.65841642373941","overall","overall"
"14","cdm_gold_202512","cohort_name","a_2024","overall","overall","Prior dose",NA,"sd","numeric","1.70904760978818","overall","overall"
"14","cdm_gold_202512","cohort_name","a_2024","overall","overall","Age group","35-44","count","integer","1545","overall","overall"
"14","cdm_gold_202512","cohort_name","a_2024","overall","overall","Age group","35-44","percentage","percentage","0.318745319395189","overall","overall"
"14","cdm_gold_202512","cohort_name","a_2024","overall","overall","Age group","45-54","count","integer","2907","overall","overall"
"14","cdm_gold_202512","cohort_name","a_2024","overall","overall","Age group","45-54","percentage","percentage","0.59973633882318","overall","overall"
"14","cdm_gold_202512","cohort_name","a_2024","overall","overall","Age group","55-64","count","integer","5802","overall","overall"
"14","cdm_gold_202512","cohort_name","a_2024","overall","overall","Age group","55-64","percentage","percentage","1.19699698584523","overall","overall"
"14","cdm_gold_202512","cohort_name","a_2024","overall","overall","Age group","65-74","count","integer","245695","overall","overall"
"14","cdm_gold_202512","cohort_name","a_2024","overall","overall","Age group","65-74","percentage","percentage","50.6887580898387","overall","overall"
"14","cdm_gold_202512","cohort_name","a_2024","overall","overall","Age group","75-84","count","integer","170111","overall","overall"
"14","cdm_gold_202512","cohort_name","a_2024","overall","overall","Age group","75-84","percentage","percentage","35.0952006651359","overall","overall"
"14","cdm_gold_202512","cohort_name","a_2024","overall","overall","Age group","85-94","count","integer","53659","overall","overall"
"14","cdm_gold_202512","cohort_name","a_2024","overall","overall","Age group","85-94","percentage","percentage","11.0702621963925","overall","overall"
"14","cdm_gold_202512","cohort_name","a_2024","overall","overall","Age group","<=34","count","integer","1074","overall","overall"
"14","cdm_gold_202512","cohort_name","a_2024","overall","overall","Age group","<=34","percentage","percentage","0.221574416200927","overall","overall"
"14","cdm_gold_202512","cohort_name","a_2024","overall","overall","Age group",">=95","count","integer","3920","overall","overall"
"14","cdm_gold_202512","cohort_name","a_2024","overall","overall","Age group",">=95","percentage","percentage","0.808725988368375","overall","overall"
"14","cdm_gold_202512","cohort_name","a_2024","overall","overall","Vaccinated",NA,"count","integer","291837","overall","overall"
"14","cdm_gold_202512","cohort_name","a_2024","overall","overall","Vaccinated",NA,"min","numeric","0","overall","overall"
"14","cdm_gold_202512","cohort_name","a_2024","overall","overall","Vaccinated",NA,"q25","numeric","0","overall","overall"
"14","cdm_gold_202512","cohort_name","a_2024","overall","overall","Vaccinated",NA,"median","numeric","1","overall","overall"
"14","cdm_gold_202512","cohort_name","a_2024","overall","overall","Vaccinated",NA,"q75","numeric","1","overall","overall"
"14","cdm_gold_202512","cohort_name","a_2024","overall","overall","Vaccinated",NA,"max","numeric","1","overall","overall"
"14","cdm_gold_202512","cohort_name","a_2024","overall","overall","Vaccinated",NA,"percentage","percentage","60.2082056804748","overall","overall"
"14","cdm_gold_202512","cohort_name","a_2024","overall","overall","Vaccinated",NA,"mean","numeric","0.602082056804748","overall","overall"
"14","cdm_gold_202512","cohort_name","a_2024","overall","overall","Vaccinated",NA,"sd","numeric","0.489468842675261","overall","overall"
"14","cdm_gold_202512","cohort_name","a_2024","overall","overall","Age",NA,"min","integer","8","overall","overall"
"14","cdm_gold_202512","cohort_name","a_2024","overall","overall","Age",NA,"q25","integer","69","overall","overall"
"14","cdm_gold_202512","cohort_name","a_2024","overall","overall","Age",NA,"median","integer","74","overall","overall"
"14","cdm_gold_202512","cohort_name","a_2024","overall","overall","Age",NA,"q75","integer","80","overall","overall"
"14","cdm_gold_202512","cohort_name","a_2024","overall","overall","Age",NA,"max","integer","109","overall","overall"
"14","cdm_gold_202512","cohort_name","a_2024","overall","overall","Age",NA,"mean","numeric","74.5088619451098","overall","overall"
"14","cdm_gold_202512","cohort_name","a_2024","overall","overall","Age",NA,"sd","numeric","8.23832917238169","overall","overall"
"14","cdm_gold_202512","cohort_name","a_2024","overall","overall","Sex","Female","count","integer","260699","overall","overall"
"14","cdm_gold_202512","cohort_name","a_2024","overall","overall","Sex","Female","percentage","percentage","53.7841980718487","overall","overall"
"14","cdm_gold_202512","cohort_name","a_2024","overall","overall","Sex","Male","count","integer","224014","overall","overall"
"14","cdm_gold_202512","cohort_name","a_2024","overall","overall","Sex","Male","percentage","percentage","46.2158019281513","overall","overall"
"14","cdm_gold_202512","cohort_name","a_2024","overall","overall","Prior observation",NA,"min","integer","1395","overall","overall"
"14","cdm_gold_202512","cohort_name","a_2024","overall","overall","Prior observation",NA,"q25","integer","6072","overall","overall"
"14","cdm_gold_202512","cohort_name","a_2024","overall","overall","Prior observation",NA,"median","integer","7689","overall","overall"
"14","cdm_gold_202512","cohort_name","a_2024","overall","overall","Prior observation",NA,"q75","integer","8291","overall","overall"
"14","cdm_gold_202512","cohort_name","a_2024","overall","overall","Prior observation",NA,"max","integer","13267","overall","overall"
"14","cdm_gold_202512","cohort_name","a_2024","overall","overall","Prior observation",NA,"mean","numeric","7052.26366736605","overall","overall"
"14","cdm_gold_202512","cohort_name","a_2024","overall","overall","Prior observation",NA,"sd","numeric","2360.05354730201","overall","overall"
"14","cdm_gold_202512","cohort_name","a_2024","overall","overall","Future observation",NA,"min","integer","0","overall","overall"
"14","cdm_gold_202512","cohort_name","a_2024","overall","overall","Future observation",NA,"q25","integer","289","overall","overall"
"14","cdm_gold_202512","cohort_name","a_2024","overall","overall","Future observation",NA,"median","integer","370","overall","overall"
"14","cdm_gold_202512","cohort_name","a_2024","overall","overall","Future observation",NA,"q75","integer","402","overall","overall"
"14","cdm_gold_202512","cohort_name","a_2024","overall","overall","Future observation",NA,"max","integer","410","overall","overall"
"14","cdm_gold_202512","cohort_name","a_2024","overall","overall","Future observation",NA,"mean","numeric","319.344954643263","overall","overall"
"14","cdm_gold_202512","cohort_name","a_2024","overall","overall","Future observation",NA,"sd","numeric","113.972597964552","overall","overall"
"14","cdm_gold_202512","cohort_name","a_2024","overall","overall","Days in cohort",NA,"min","integer","1","overall","overall"
"14","cdm_gold_202512","cohort_name","a_2024","overall","overall","Days in cohort",NA,"q25","integer","1","overall","overall"
"14","cdm_gold_202512","cohort_name","a_2024","overall","overall","Days in cohort",NA,"median","integer","1","overall","overall"
"14","cdm_gold_202512","cohort_name","a_2024","overall","overall","Days in cohort",NA,"q75","integer","121","overall","overall"
"14","cdm_gold_202512","cohort_name","a_2024","overall","overall","Days in cohort",NA,"max","integer","121","overall","overall"
"14","cdm_gold_202512","cohort_name","a_2024","overall","overall","Days in cohort",NA,"mean","numeric","43.9894906883042","overall","overall"
"14","cdm_gold_202512","cohort_name","a_2024","overall","overall","Days in cohort",NA,"sd","numeric","56.3181687273786","overall","overall"
"14","cdm_gold_202512","cohort_name","a_2024","overall","overall","Days to next record",NA,"min","integer","91","overall","overall"
"14","cdm_gold_202512","cohort_name","a_2024","overall","overall","Days to next record",NA,"q25","integer","93","overall","overall"
"14","cdm_gold_202512","cohort_name","a_2024","overall","overall","Days to next record",NA,"median","integer","95","overall","overall"
"14","cdm_gold_202512","cohort_name","a_2024","overall","overall","Days to next record",NA,"q75","integer","98","overall","overall"
"14","cdm_gold_202512","cohort_name","a_2024","overall","overall","Days to next record",NA,"max","integer","114","overall","overall"
"14","cdm_gold_202512","cohort_name","a_2024","overall","overall","Days to next record",NA,"mean","numeric","97.2105263157895","overall","overall"
"14","cdm_gold_202512","cohort_name","a_2024","overall","overall","Days to next record",NA,"sd","numeric","6.70471598013436","overall","overall"
"14","cdm_gold_202512","cohort_name","a_2024","overall","overall","Number visits in the prior year",NA,"min","numeric","0","overall","overall"
"14","cdm_gold_202512","cohort_name","a_2024","overall","overall","Number visits in the prior year",NA,"q25","numeric","16","overall","overall"
"14","cdm_gold_202512","cohort_name","a_2024","overall","overall","Number visits in the prior year",NA,"median","numeric","26","overall","overall"
"14","cdm_gold_202512","cohort_name","a_2024","overall","overall","Number visits in the prior year",NA,"q75","numeric","39","overall","overall"
"14","cdm_gold_202512","cohort_name","a_2024","overall","overall","Number visits in the prior year",NA,"max","numeric","356","overall","overall"
"14","cdm_gold_202512","cohort_name","a_2024","overall","overall","Number visits in the prior year",NA,"mean","numeric","29.3608506477029","overall","overall"
"14","cdm_gold_202512","cohort_name","a_2024","overall","overall","Number visits in the prior year",NA,"sd","numeric","19.5361781077774","overall","overall"
"14","cdm_gold_202512","cohort_name","a_2024","overall","overall","Flag any time prior vaccination","Herpes zoster vaccine","count","integer","119368","overall","overall"
"14","cdm_gold_202512","cohort_name","a_2024","overall","overall","Flag any time prior vaccination","Herpes zoster vaccine","percentage","percentage","24.6265315764174","overall","overall"
"14","cdm_gold_202512","cohort_name","a_2024","overall","overall","Flag any time prior vaccination","Rsv vaccine","count","integer","376","overall","overall"
"14","cdm_gold_202512","cohort_name","a_2024","overall","overall","Flag any time prior vaccination","Rsv vaccine","percentage","percentage","0.0775716764353339","overall","overall"
"14","cdm_gold_202512","cohort_name","a_2024","overall","overall","Flag any time prior vaccination","Influenza","count","integer","447212","overall","overall"
"14","cdm_gold_202512","cohort_name","a_2024","overall","overall","Flag any time prior vaccination","Influenza","percentage","percentage","92.2632568138259","overall","overall"
"14","cdm_gold_202512","cohort_name","a_2024","overall","overall","Flag any time prior vaccination","Pneumococcal vaccine","count","integer","313711","overall","overall"
"14","cdm_gold_202512","cohort_name","a_2024","overall","overall","Flag any time prior vaccination","Pneumococcal vaccine","percentage","percentage","64.7209792186304","overall","overall"
"14","cdm_gold_202512","cohort_name","a_2024","overall","overall","Flag last year vaccination","Influenza","count","integer","202700","overall","overall"
"14","cdm_gold_202512","cohort_name","a_2024","overall","overall","Flag last year vaccination","Influenza","percentage","percentage","41.8185606740484","overall","overall"
"14","cdm_gold_202512","cohort_name","a_2024","overall","overall","Flag last year vaccination","Rsv vaccine","count","integer","376","overall","overall"
"14","cdm_gold_202512","cohort_name","a_2024","overall","overall","Flag last year vaccination","Rsv vaccine","percentage","percentage","0.0775716764353339","overall","overall"
"14","cdm_gold_202512","cohort_name","a_2024","overall","overall","Flag last year vaccination","Herpes zoster vaccine","count","integer","50464","overall","overall"
"14","cdm_gold_202512","cohort_name","a_2024","overall","overall","Flag last year vaccination","Herpes zoster vaccine","percentage","percentage","10.4111092543423","overall","overall"
"14","cdm_gold_202512","cohort_name","a_2024","overall","overall","Flag last year vaccination","Pneumococcal vaccine","count","integer","17312","overall","overall"
"14","cdm_gold_202512","cohort_name","a_2024","overall","overall","Flag last year vaccination","Pneumococcal vaccine","percentage","percentage","3.57159803842686","overall","overall"
"14","cdm_gold_202512","cohort_name","a_2024","overall","overall","Flag on index vaccination","Rsv vaccine","count","integer","-","overall","overall"
"14","cdm_gold_202512","cohort_name","a_2024","overall","overall","Flag on index vaccination","Rsv vaccine","percentage","percentage","-","overall","overall"
"14","cdm_gold_202512","cohort_name","a_2024","overall","overall","Flag on index vaccination","Herpes zoster vaccine","count","integer","470","overall","overall"
"14","cdm_gold_202512","cohort_name","a_2024","overall","overall","Flag on index vaccination","Herpes zoster vaccine","percentage","percentage","0.0969645955441674","overall","overall"
"14","cdm_gold_202512","cohort_name","a_2024","overall","overall","Flag on index vaccination","Pneumococcal vaccine","count","integer","133","overall","overall"
"14","cdm_gold_202512","cohort_name","a_2024","overall","overall","Flag on index vaccination","Pneumococcal vaccine","percentage","percentage","0.0274389174624984","overall","overall"
"14","cdm_gold_202512","cohort_name","a_2024","overall","overall","Flag on index vaccination","Influenza","count","integer","225572","overall","overall"
"14","cdm_gold_202512","cohort_name","a_2024","overall","overall","Flag on index vaccination","Influenza","percentage","percentage","46.5372292469977","overall","overall"
"14","cdm_gold_202512","cohort_name","a_2024","overall","overall","Flag any time prior comorbidities","Hiv","count","integer","106","overall","overall"
"14","cdm_gold_202512","cohort_name","a_2024","overall","overall","Flag any time prior comorbidities","Hiv","percentage","percentage","0.0218686109099612","overall","overall"
"14","cdm_gold_202512","cohort_name","a_2024","overall","overall","Flag any time prior comorbidities","Venous thromboembolism","count","integer","26581","overall","overall"
"14","cdm_gold_202512","cohort_name","a_2024","overall","overall","Flag any time prior comorbidities","Venous thromboembolism","percentage","percentage","5.4838636471479","overall","overall"
"14","cdm_gold_202512","cohort_name","a_2024","overall","overall","Flag any time prior comorbidities","Diabetes mellitus","count","integer","79464","overall","overall"
"14","cdm_gold_202512","cohort_name","a_2024","overall","overall","Flag any time prior comorbidities","Diabetes mellitus","percentage","percentage","16.3940311070675","overall","overall"
"14","cdm_gold_202512","cohort_name","a_2024","overall","overall","Flag any time prior comorbidities","Stroke","count","integer","19472","overall","overall"
"14","cdm_gold_202512","cohort_name","a_2024","overall","overall","Flag any time prior comorbidities","Stroke","percentage","percentage","4.01722256262985","overall","overall"
"14","cdm_gold_202512","cohort_name","a_2024","overall","overall","Flag any time prior comorbidities","Dementia","count","integer","14799","overall","overall"
"14","cdm_gold_202512","cohort_name","a_2024","overall","overall","Flag any time prior comorbidities","Dementia","percentage","percentage","3.05314691374071","overall","overall"
"14","cdm_gold_202512","cohort_name","a_2024","overall","overall","Flag any time prior comorbidities","Cld","count","integer","3578","overall","overall"
"14","cdm_gold_202512","cohort_name","a_2024","overall","overall","Flag any time prior comorbidities","Cld","percentage","percentage","0.738168772036236","overall","overall"
"14","cdm_gold_202512","cohort_name","a_2024","overall","overall","Flag any time prior comorbidities","Hyperten","count","integer","165907","overall","overall"
"14","cdm_gold_202512","cohort_name","a_2024","overall","overall","Flag any time prior comorbidities","Hyperten","percentage","percentage","34.2278833041408","overall","overall"
"14","cdm_gold_202512","cohort_name","a_2024","overall","overall","Flag any time prior comorbidities","Asthma","count","integer","41048","overall","overall"
"14","cdm_gold_202512","cohort_name","a_2024","overall","overall","Flag any time prior comorbidities","Asthma","percentage","percentage","8.46851642105741","overall","overall"
"14","cdm_gold_202512","cohort_name","a_2024","overall","overall","Flag any time prior comorbidities","Myocardial infarction","count","integer","23000","overall","overall"
"14","cdm_gold_202512","cohort_name","a_2024","overall","overall","Flag any time prior comorbidities","Myocardial infarction","percentage","percentage","4.74507595216138","overall","overall"
"14","cdm_gold_202512","cohort_name","a_2024","overall","overall","Flag any time prior comorbidities","Inflammatory bowel disease","count","integer","5732","overall","overall"
"14","cdm_gold_202512","cohort_name","a_2024","overall","overall","Flag any time prior comorbidities","Inflammatory bowel disease","percentage","percentage","1.18255545033865","overall","overall"
"14","cdm_gold_202512","cohort_name","a_2024","overall","overall","Flag any time prior comorbidities","Hypothyroidism","count","integer","34831","overall","overall"
"14","cdm_gold_202512","cohort_name","a_2024","overall","overall","Flag any time prior comorbidities","Hypothyroidism","percentage","percentage","7.18590176042318","overall","overall"
"14","cdm_gold_202512","cohort_name","a_2024","overall","overall","Flag any time prior comorbidities","Malignant neoplastic disease","count","integer","92825","overall","overall"
"14","cdm_gold_202512","cohort_name","a_2024","overall","overall","Flag any time prior comorbidities","Malignant neoplastic disease","percentage","percentage","19.1505076199731","overall","overall"
"14","cdm_gold_202512","cohort_name","a_2024","overall","overall","Flag any time prior comorbidities","Osteoporosis","count","integer","34426","overall","overall"
"14","cdm_gold_202512","cohort_name","a_2024","overall","overall","Flag any time prior comorbidities","Osteoporosis","percentage","percentage","7.10234716213512","overall","overall"
"14","cdm_gold_202512","cohort_name","a_2024","overall","overall","Flag any time prior comorbidities","Renal impairment","count","integer","74664","overall","overall"
"14","cdm_gold_202512","cohort_name","a_2024","overall","overall","Flag any time prior comorbidities","Renal impairment","percentage","percentage","15.4037543866164","overall","overall"
"14","cdm_gold_202512","cohort_name","a_2024","overall","overall","Flag any time prior comorbidities","Rheumatoid arthritis","count","integer","9571","overall","overall"
"14","cdm_gold_202512","cohort_name","a_2024","overall","overall","Flag any time prior comorbidities","Rheumatoid arthritis","percentage","percentage","1.97457051904942","overall","overall"
"14","cdm_gold_202512","cohort_name","a_2024","overall","overall","Flag any time prior comorbidities","Heart failure","count","integer","20098","overall","overall"
"14","cdm_gold_202512","cohort_name","a_2024","overall","overall","Flag any time prior comorbidities","Heart failure","percentage","percentage","4.14637115158867","overall","overall"
"14","cdm_gold_202512","cohort_name","a_2024","overall","overall","Flag any time prior comorbidities","Ckd","count","integer","68654","overall","overall"
"14","cdm_gold_202512","cohort_name","a_2024","overall","overall","Flag any time prior comorbidities","Ckd","percentage","percentage","14.1638454095516","overall","overall"
"14","cdm_gold_202512","cohort_name","a_2024","overall","overall","Flag any time prior comorbidities","Copd","count","integer","36945","overall","overall"
"14","cdm_gold_202512","cohort_name","a_2024","overall","overall","Flag any time prior comorbidities","Copd","percentage","percentage","7.62203613272184","overall","overall"
"14","cdm_gold_202512","cohort_name","a_2024","overall","overall","Count any time prior vaccination","Influenza","min","numeric","0","overall","overall"
"14","cdm_gold_202512","cohort_name","a_2024","overall","overall","Count any time prior vaccination","Influenza","q25","numeric","3","overall","overall"
"14","cdm_gold_202512","cohort_name","a_2024","overall","overall","Count any time prior vaccination","Influenza","median","numeric","7","overall","overall"
"14","cdm_gold_202512","cohort_name","a_2024","overall","overall","Count any time prior vaccination","Influenza","q75","numeric","14","overall","overall"
"14","cdm_gold_202512","cohort_name","a_2024","overall","overall","Count any time prior vaccination","Influenza","max","numeric","45","overall","overall"
"14","cdm_gold_202512","cohort_name","a_2024","overall","overall","Count any time prior vaccination","Influenza","mean","numeric","8.90982292614392","overall","overall"
"14","cdm_gold_202512","cohort_name","a_2024","overall","overall","Count any time prior vaccination","Influenza","sd","numeric","6.79953813943145","overall","overall"
"14","cdm_gold_202512","cohort_name","a_2024","overall","overall","Count any time prior vaccination","Pneumococcal vaccine","min","numeric","0","overall","overall"
"14","cdm_gold_202512","cohort_name","a_2024","overall","overall","Count any time prior vaccination","Pneumococcal vaccine","q25","numeric","0","overall","overall"
"14","cdm_gold_202512","cohort_name","a_2024","overall","overall","Count any time prior vaccination","Pneumococcal vaccine","median","numeric","1","overall","overall"
"14","cdm_gold_202512","cohort_name","a_2024","overall","overall","Count any time prior vaccination","Pneumococcal vaccine","q75","numeric","1","overall","overall"
"14","cdm_gold_202512","cohort_name","a_2024","overall","overall","Count any time prior vaccination","Pneumococcal vaccine","max","numeric","12","overall","overall"
"14","cdm_gold_202512","cohort_name","a_2024","overall","overall","Count any time prior vaccination","Pneumococcal vaccine","mean","numeric","0.694978265489063","overall","overall"
"14","cdm_gold_202512","cohort_name","a_2024","overall","overall","Count any time prior vaccination","Pneumococcal vaccine","sd","numeric","0.575640528683002","overall","overall"
"14","cdm_gold_202512","cohort_name","a_2024","overall","overall","Count any time prior vaccination","Rsv vaccine","min","numeric","0","overall","overall"
"14","cdm_gold_202512","cohort_name","a_2024","overall","overall","Count any time prior vaccination","Rsv vaccine","q25","numeric","0","overall","overall"
"14","cdm_gold_202512","cohort_name","a_2024","overall","overall","Count any time prior vaccination","Rsv vaccine","median","numeric","0","overall","overall"
"14","cdm_gold_202512","cohort_name","a_2024","overall","overall","Count any time prior vaccination","Rsv vaccine","q75","numeric","0","overall","overall"
"14","cdm_gold_202512","cohort_name","a_2024","overall","overall","Count any time prior vaccination","Rsv vaccine","max","numeric","1","overall","overall"
"14","cdm_gold_202512","cohort_name","a_2024","overall","overall","Count any time prior vaccination","Rsv vaccine","mean","numeric","0.000775716764353338","overall","overall"
"14","cdm_gold_202512","cohort_name","a_2024","overall","overall","Count any time prior vaccination","Rsv vaccine","sd","numeric","0.0278409164177427","overall","overall"
"14","cdm_gold_202512","cohort_name","a_2024","overall","overall","Count any time prior vaccination","Herpes zoster vaccine","min","numeric","0","overall","overall"
"14","cdm_gold_202512","cohort_name","a_2024","overall","overall","Count any time prior vaccination","Herpes zoster vaccine","q25","numeric","0","overall","overall"
"14","cdm_gold_202512","cohort_name","a_2024","overall","overall","Count any time prior vaccination","Herpes zoster vaccine","median","numeric","0","overall","overall"
"14","cdm_gold_202512","cohort_name","a_2024","overall","overall","Count any time prior vaccination","Herpes zoster vaccine","q75","numeric","0","overall","overall"
"14","cdm_gold_202512","cohort_name","a_2024","overall","overall","Count any time prior vaccination","Herpes zoster vaccine","max","numeric","4","overall","overall"
"14","cdm_gold_202512","cohort_name","a_2024","overall","overall","Count any time prior vaccination","Herpes zoster vaccine","mean","numeric","0.329312397233002","overall","overall"
"14","cdm_gold_202512","cohort_name","a_2024","overall","overall","Count any time prior vaccination","Herpes zoster vaccine","sd","numeric","0.62288692211825","overall","overall"
"14","cdm_gold_202512","cohort_name","a_2024","overall","overall","Count last year vaccination","Herpes zoster vaccine","min","numeric","0","overall","overall"
"14","cdm_gold_202512","cohort_name","a_2024","overall","overall","Count last year vaccination","Herpes zoster vaccine","q25","numeric","0","overall","overall"
"14","cdm_gold_202512","cohort_name","a_2024","overall","overall","Count last year vaccination","Herpes zoster vaccine","median","numeric","0","overall","overall"
"14","cdm_gold_202512","cohort_name","a_2024","overall","overall","Count last year vaccination","Herpes zoster vaccine","q75","numeric","0","overall","overall"
"14","cdm_gold_202512","cohort_name","a_2024","overall","overall","Count last year vaccination","Herpes zoster vaccine","max","numeric","4","overall","overall"
"14","cdm_gold_202512","cohort_name","a_2024","overall","overall","Count last year vaccination","Herpes zoster vaccine","mean","numeric","0.169776754491833","overall","overall"
"14","cdm_gold_202512","cohort_name","a_2024","overall","overall","Count last year vaccination","Herpes zoster vaccine","sd","numeric","0.522042083836129","overall","overall"
"14","cdm_gold_202512","cohort_name","a_2024","overall","overall","Count last year vaccination","Pneumococcal vaccine","min","numeric","0","overall","overall"
"14","cdm_gold_202512","cohort_name","a_2024","overall","overall","Count last year vaccination","Pneumococcal vaccine","q25","numeric","0","overall","overall"
"14","cdm_gold_202512","cohort_name","a_2024","overall","overall","Count last year vaccination","Pneumococcal vaccine","median","numeric","0","overall","overall"
"14","cdm_gold_202512","cohort_name","a_2024","overall","overall","Count last year vaccination","Pneumococcal vaccine","q75","numeric","0","overall","overall"
"14","cdm_gold_202512","cohort_name","a_2024","overall","overall","Count last year vaccination","Pneumococcal vaccine","max","numeric","5","overall","overall"
"14","cdm_gold_202512","cohort_name","a_2024","overall","overall","Count last year vaccination","Pneumococcal vaccine","mean","numeric","0.0361966772089876","overall","overall"
"14","cdm_gold_202512","cohort_name","a_2024","overall","overall","Count last year vaccination","Pneumococcal vaccine","sd","numeric","0.189879576179828","overall","overall"
"14","cdm_gold_202512","cohort_name","a_2024","overall","overall","Count last year vaccination","Rsv vaccine","min","numeric","0","overall","overall"
"14","cdm_gold_202512","cohort_name","a_2024","overall","overall","Count last year vaccination","Rsv vaccine","q25","numeric","0","overall","overall"
"14","cdm_gold_202512","cohort_name","a_2024","overall","overall","Count last year vaccination","Rsv vaccine","median","numeric","0","overall","overall"
"14","cdm_gold_202512","cohort_name","a_2024","overall","overall","Count last year vaccination","Rsv vaccine","q75","numeric","0","overall","overall"
"14","cdm_gold_202512","cohort_name","a_2024","overall","overall","Count last year vaccination","Rsv vaccine","max","numeric","1","overall","overall"
"14","cdm_gold_202512","cohort_name","a_2024","overall","overall","Count last year vaccination","Rsv vaccine","mean","numeric","0.000775716764353338","overall","overall"
"14","cdm_gold_202512","cohort_name","a_2024","overall","overall","Count last year vaccination","Rsv vaccine","sd","numeric","0.0278409164177427","overall","overall"
"14","cdm_gold_202512","cohort_name","a_2024","overall","overall","Count last year vaccination","Influenza","min","numeric","0","overall","overall"
"14","cdm_gold_202512","cohort_name","a_2024","overall","overall","Count last year vaccination","Influenza","q25","numeric","0","overall","overall"
"14","cdm_gold_202512","cohort_name","a_2024","overall","overall","Count last year vaccination","Influenza","median","numeric","0","overall","overall"
"14","cdm_gold_202512","cohort_name","a_2024","overall","overall","Count last year vaccination","Influenza","q75","numeric","1","overall","overall"
"14","cdm_gold_202512","cohort_name","a_2024","overall","overall","Count last year vaccination","Influenza","max","numeric","4","overall","overall"
"14","cdm_gold_202512","cohort_name","a_2024","overall","overall","Count last year vaccination","Influenza","mean","numeric","0.44553168576044","overall","overall"
"14","cdm_gold_202512","cohort_name","a_2024","overall","overall","Count last year vaccination","Influenza","sd","numeric","0.549468640321959","overall","overall"
"14","cdm_gold_202512","cohort_name","s_2025","overall","overall","Number records",NA,"count","integer","226007","overall","overall"
"14","cdm_gold_202512","cohort_name","s_2025","overall","overall","Number subjects",NA,"count","integer","226007","overall","overall"
"14","cdm_gold_202512","cohort_name","s_2025","overall","overall","Cohort start date",NA,"min","date","2025-04-01","overall","overall"
"14","cdm_gold_202512","cohort_name","s_2025","overall","overall","Cohort start date",NA,"q25","date","2025-04-01","overall","overall"
"14","cdm_gold_202512","cohort_name","s_2025","overall","overall","Cohort start date",NA,"median","date","2025-04-11","overall","overall"
"14","cdm_gold_202512","cohort_name","s_2025","overall","overall","Cohort start date",NA,"q75","date","2025-05-06","overall","overall"
"14","cdm_gold_202512","cohort_name","s_2025","overall","overall","Cohort start date",NA,"max","date","2025-06-17","overall","overall"
"14","cdm_gold_202512","cohort_name","s_2025","overall","overall","Cohort end date",NA,"min","date","2025-04-01","overall","overall"
"14","cdm_gold_202512","cohort_name","s_2025","overall","overall","Cohort end date",NA,"q25","date","2025-04-29","overall","overall"
"14","cdm_gold_202512","cohort_name","s_2025","overall","overall","Cohort end date",NA,"median","date","2025-05-22","overall","overall"
"14","cdm_gold_202512","cohort_name","s_2025","overall","overall","Cohort end date",NA,"q75","date","2025-06-17","overall","overall"
"14","cdm_gold_202512","cohort_name","s_2025","overall","overall","Cohort end date",NA,"max","date","2025-06-17","overall","overall"
"14","cdm_gold_202512","cohort_name","s_2025","overall","overall","Region","Northern ireland","count","integer","25409","overall","overall"
"14","cdm_gold_202512","cohort_name","s_2025","overall","overall","Region","Northern ireland","percentage","percentage","11.2425721327216","overall","overall"
"14","cdm_gold_202512","cohort_name","s_2025","overall","overall","Region","Scotland","count","integer","141345","overall","overall"
"14","cdm_gold_202512","cohort_name","s_2025","overall","overall","Region","Scotland","percentage","percentage","62.5400983155389","overall","overall"
"14","cdm_gold_202512","cohort_name","s_2025","overall","overall","Region","Wales","count","integer","59253","overall","overall"
"14","cdm_gold_202512","cohort_name","s_2025","overall","overall","Region","Wales","percentage","percentage","26.2173295517395","overall","overall"
"14","cdm_gold_202512","cohort_name","s_2025","overall","overall","Ethnicity","Asian","count","integer","761","overall","overall"
"14","cdm_gold_202512","cohort_name","s_2025","overall","overall","Ethnicity","Asian","percentage","percentage","0.336715234483888","overall","overall"
"14","cdm_gold_202512","cohort_name","s_2025","overall","overall","Ethnicity","Black","count","integer","144","overall","overall"
"14","cdm_gold_202512","cohort_name","s_2025","overall","overall","Ethnicity","Black","percentage","percentage","0.0637148406907751","overall","overall"
"14","cdm_gold_202512","cohort_name","s_2025","overall","overall","Ethnicity","Missing","count","integer","125452","overall","overall"
"14","cdm_gold_202512","cohort_name","s_2025","overall","overall","Ethnicity","Missing","percentage","percentage","55.5080152384661","overall","overall"
"14","cdm_gold_202512","cohort_name","s_2025","overall","overall","Ethnicity","White","count","integer","99650","overall","overall"
"14","cdm_gold_202512","cohort_name","s_2025","overall","overall","Ethnicity","White","percentage","percentage","44.0915546863593","overall","overall"
"14","cdm_gold_202512","cohort_name","s_2025","overall","overall","Imd","Q1","count","integer","33449","overall","overall"
"14","cdm_gold_202512","cohort_name","s_2025","overall","overall","Imd","Q1","percentage","percentage","14.7999840712898","overall","overall"
"14","cdm_gold_202512","cohort_name","s_2025","overall","overall","Imd","Q2","count","integer","35618","overall","overall"
"14","cdm_gold_202512","cohort_name","s_2025","overall","overall","Imd","Q2","percentage","percentage","15.7596888591946","overall","overall"
"14","cdm_gold_202512","cohort_name","s_2025","overall","overall","Imd","Q3","count","integer","67887","overall","overall"
"14","cdm_gold_202512","cohort_name","s_2025","overall","overall","Imd","Q3","percentage","percentage","30.0375652081573","overall","overall"
"14","cdm_gold_202512","cohort_name","s_2025","overall","overall","Imd","Q4","count","integer","61065","overall","overall"
"14","cdm_gold_202512","cohort_name","s_2025","overall","overall","Imd","Q4","percentage","percentage","27.0190746304318","overall","overall"
"14","cdm_gold_202512","cohort_name","s_2025","overall","overall","Imd","Q5","count","integer","27988","overall","overall"
"14","cdm_gold_202512","cohort_name","s_2025","overall","overall","Imd","Q5","percentage","percentage","12.3836872309265","overall","overall"
"14","cdm_gold_202512","cohort_name","s_2025","overall","overall","Immunosuppressed",NA,"count","integer","22327","overall","overall"
"14","cdm_gold_202512","cohort_name","s_2025","overall","overall","Immunosuppressed",NA,"min","integer","0","overall","overall"
"14","cdm_gold_202512","cohort_name","s_2025","overall","overall","Immunosuppressed",NA,"q25","integer","0","overall","overall"
"14","cdm_gold_202512","cohort_name","s_2025","overall","overall","Immunosuppressed",NA,"median","integer","0","overall","overall"
"14","cdm_gold_202512","cohort_name","s_2025","overall","overall","Immunosuppressed",NA,"q75","integer","0","overall","overall"
"14","cdm_gold_202512","cohort_name","s_2025","overall","overall","Immunosuppressed",NA,"max","integer","1","overall","overall"
"14","cdm_gold_202512","cohort_name","s_2025","overall","overall","Immunosuppressed",NA,"percentage","percentage","9.87889755627038","overall","overall"
"14","cdm_gold_202512","cohort_name","s_2025","overall","overall","Immunosuppressed",NA,"mean","numeric","0.0987889755627038","overall","overall"
"14","cdm_gold_202512","cohort_name","s_2025","overall","overall","Immunosuppressed",NA,"sd","numeric","0.298379134317908","overall","overall"
"14","cdm_gold_202512","cohort_name","s_2025","overall","overall","Age eligibility",NA,"count","integer","210360","overall","overall"
"14","cdm_gold_202512","cohort_name","s_2025","overall","overall","Age eligibility",NA,"min","integer","0","overall","overall"
"14","cdm_gold_202512","cohort_name","s_2025","overall","overall","Age eligibility",NA,"q25","integer","1","overall","overall"
"14","cdm_gold_202512","cohort_name","s_2025","overall","overall","Age eligibility",NA,"median","integer","1","overall","overall"
"14","cdm_gold_202512","cohort_name","s_2025","overall","overall","Age eligibility",NA,"q75","integer","1","overall","overall"
"14","cdm_gold_202512","cohort_name","s_2025","overall","overall","Age eligibility",NA,"max","integer","1","overall","overall"
"14","cdm_gold_202512","cohort_name","s_2025","overall","overall","Age eligibility",NA,"percentage","percentage","93.0767631091072","overall","overall"
"14","cdm_gold_202512","cohort_name","s_2025","overall","overall","Age eligibility",NA,"mean","numeric","0.930767631091072","overall","overall"
"14","cdm_gold_202512","cohort_name","s_2025","overall","overall","Age eligibility",NA,"sd","numeric","0.253849430028968","overall","overall"
"14","cdm_gold_202512","cohort_name","s_2025","overall","overall","Prior dose",NA,"min","integer","2","overall","overall"
"14","cdm_gold_202512","cohort_name","s_2025","overall","overall","Prior dose",NA,"q25","integer","6","overall","overall"
"14","cdm_gold_202512","cohort_name","s_2025","overall","overall","Prior dose",NA,"median","integer","8","overall","overall"
"14","cdm_gold_202512","cohort_name","s_2025","overall","overall","Prior dose",NA,"q75","integer","9","overall","overall"
"14","cdm_gold_202512","cohort_name","s_2025","overall","overall","Prior dose",NA,"max","integer","11","overall","overall"
"14","cdm_gold_202512","cohort_name","s_2025","overall","overall","Prior dose",NA,"mean","numeric","7.17502112766419","overall","overall"
"14","cdm_gold_202512","cohort_name","s_2025","overall","overall","Prior dose",NA,"sd","numeric","1.96480279085839","overall","overall"
"14","cdm_gold_202512","cohort_name","s_2025","overall","overall","Age group","35-44","count","integer","1302","overall","overall"
"14","cdm_gold_202512","cohort_name","s_2025","overall","overall","Age group","35-44","percentage","percentage","0.576088351245758","overall","overall"
"14","cdm_gold_202512","cohort_name","s_2025","overall","overall","Age group","45-54","count","integer","2393","overall","overall"
"14","cdm_gold_202512","cohort_name","s_2025","overall","overall","Age group","45-54","percentage","percentage","1.05881676231267","overall","overall"
"14","cdm_gold_202512","cohort_name","s_2025","overall","overall","Age group","55-64","count","integer","4999","overall","overall"
"14","cdm_gold_202512","cohort_name","s_2025","overall","overall","Age group","55-64","percentage","percentage","2.21187839314711","overall","overall"
"14","cdm_gold_202512","cohort_name","s_2025","overall","overall","Age group","65-74","count","integer","6066","overall","overall"
"14","cdm_gold_202512","cohort_name","s_2025","overall","overall","Age group","65-74","percentage","percentage","2.6839876640989","overall","overall"
"14","cdm_gold_202512","cohort_name","s_2025","overall","overall","Age group","75-84","count","integer","155029","overall","overall"
"14","cdm_gold_202512","cohort_name","s_2025","overall","overall","Age group","75-84","percentage","percentage","68.5947780378484","overall","overall"
"14","cdm_gold_202512","cohort_name","s_2025","overall","overall","Age group","85-94","count","integer","51113","overall","overall"
"14","cdm_gold_202512","cohort_name","s_2025","overall","overall","Age group","85-94","percentage","percentage","22.6156711960249","overall","overall"
"14","cdm_gold_202512","cohort_name","s_2025","overall","overall","Age group","<=34","count","integer","887","overall","overall"
"14","cdm_gold_202512","cohort_name","s_2025","overall","overall","Age group","<=34","percentage","percentage","0.392465720088316","overall","overall"
"14","cdm_gold_202512","cohort_name","s_2025","overall","overall","Age group",">=95","count","integer","4218","overall","overall"
"14","cdm_gold_202512","cohort_name","s_2025","overall","overall","Age group",">=95","percentage","percentage","1.86631387523395","overall","overall"
"14","cdm_gold_202512","cohort_name","s_2025","overall","overall","Vaccinated",NA,"count","integer","123232","overall","overall"
"14","cdm_gold_202512","cohort_name","s_2025","overall","overall","Vaccinated",NA,"min","numeric","0","overall","overall"
"14","cdm_gold_202512","cohort_name","s_2025","overall","overall","Vaccinated",NA,"q25","numeric","0","overall","overall"
"14","cdm_gold_202512","cohort_name","s_2025","overall","overall","Vaccinated",NA,"median","numeric","1","overall","overall"
"14","cdm_gold_202512","cohort_name","s_2025","overall","overall","Vaccinated",NA,"q75","numeric","1","overall","overall"
"14","cdm_gold_202512","cohort_name","s_2025","overall","overall","Vaccinated",NA,"max","numeric","1","overall","overall"
"14","cdm_gold_202512","cohort_name","s_2025","overall","overall","Vaccinated",NA,"percentage","percentage","54.5257447778166","overall","overall"
"14","cdm_gold_202512","cohort_name","s_2025","overall","overall","Vaccinated",NA,"mean","numeric","0.545257447778166","overall","overall"
"14","cdm_gold_202512","cohort_name","s_2025","overall","overall","Vaccinated",NA,"sd","numeric","0.497948652496597","overall","overall"
"14","cdm_gold_202512","cohort_name","s_2025","overall","overall","Age",NA,"min","integer","8","overall","overall"
"14","cdm_gold_202512","cohort_name","s_2025","overall","overall","Age",NA,"q25","integer","77","overall","overall"
"14","cdm_gold_202512","cohort_name","s_2025","overall","overall","Age",NA,"median","integer","80","overall","overall"
"14","cdm_gold_202512","cohort_name","s_2025","overall","overall","Age",NA,"q75","integer","84","overall","overall"
"14","cdm_gold_202512","cohort_name","s_2025","overall","overall","Age",NA,"max","integer","107","overall","overall"
"14","cdm_gold_202512","cohort_name","s_2025","overall","overall","Age",NA,"mean","numeric","79.9234050272779","overall","overall"
"14","cdm_gold_202512","cohort_name","s_2025","overall","overall","Age",NA,"sd","numeric","8.3969484585641","overall","overall"
"14","cdm_gold_202512","cohort_name","s_2025","overall","overall","Sex","Female","count","integer","125818","overall","overall"
"14","cdm_gold_202512","cohort_name","s_2025","overall","overall","Sex","Female","percentage","percentage","55.6699571252218","overall","overall"
"14","cdm_gold_202512","cohort_name","s_2025","overall","overall","Sex","Male","count","integer","100189","overall","overall"
"14","cdm_gold_202512","cohort_name","s_2025","overall","overall","Sex","Male","percentage","percentage","44.3300428747782","overall","overall"
"14","cdm_gold_202512","cohort_name","s_2025","overall","overall","Prior observation",NA,"min","integer","1575","overall","overall"
"14","cdm_gold_202512","cohort_name","s_2025","overall","overall","Prior observation",NA,"q25","integer","6516","overall","overall"
"14","cdm_gold_202512","cohort_name","s_2025","overall","overall","Prior observation",NA,"median","integer","7869","overall","overall"
"14","cdm_gold_202512","cohort_name","s_2025","overall","overall","Prior observation",NA,"q75","integer","8483","overall","overall"
"14","cdm_gold_202512","cohort_name","s_2025","overall","overall","Prior observation",NA,"max","integer","12907","overall","overall"
"14","cdm_gold_202512","cohort_name","s_2025","overall","overall","Prior observation",NA,"mean","numeric","7280.83601392877","overall","overall"
"14","cdm_gold_202512","cohort_name","s_2025","overall","overall","Prior observation",NA,"sd","numeric","2244.40117570122","overall","overall"
"14","cdm_gold_202512","cohort_name","s_2025","overall","overall","Future observation",NA,"min","integer","0","overall","overall"
"14","cdm_gold_202512","cohort_name","s_2025","overall","overall","Future observation",NA,"q25","integer","169","overall","overall"
"14","cdm_gold_202512","cohort_name","s_2025","overall","overall","Future observation",NA,"median","integer","198","overall","overall"
"14","cdm_gold_202512","cohort_name","s_2025","overall","overall","Future observation",NA,"q75","integer","225","overall","overall"
"14","cdm_gold_202512","cohort_name","s_2025","overall","overall","Future observation",NA,"max","integer","230","overall","overall"
"14","cdm_gold_202512","cohort_name","s_2025","overall","overall","Future observation",NA,"mean","numeric","179.632312273514","overall","overall"
"14","cdm_gold_202512","cohort_name","s_2025","overall","overall","Future observation",NA,"sd","numeric","58.6882940211225","overall","overall"
"14","cdm_gold_202512","cohort_name","s_2025","overall","overall","Days in cohort",NA,"min","integer","1","overall","overall"
"14","cdm_gold_202512","cohort_name","s_2025","overall","overall","Days in cohort",NA,"q25","integer","1","overall","overall"
"14","cdm_gold_202512","cohort_name","s_2025","overall","overall","Days in cohort",NA,"median","integer","1","overall","overall"
"14","cdm_gold_202512","cohort_name","s_2025","overall","overall","Days in cohort",NA,"q75","integer","78","overall","overall"
"14","cdm_gold_202512","cohort_name","s_2025","overall","overall","Days in cohort",NA,"max","integer","78","overall","overall"
"14","cdm_gold_202512","cohort_name","s_2025","overall","overall","Days in cohort",NA,"mean","numeric","33.1475750751083","overall","overall"
"14","cdm_gold_202512","cohort_name","s_2025","overall","overall","Days in cohort",NA,"sd","numeric","37.1601801613239","overall","overall"
"14","cdm_gold_202512","cohort_name","s_2025","overall","overall","Days to next record",NA,"min","integer",NA,"overall","overall"
"14","cdm_gold_202512","cohort_name","s_2025","overall","overall","Days to next record",NA,"q25","integer",NA,"overall","overall"
"14","cdm_gold_202512","cohort_name","s_2025","overall","overall","Days to next record",NA,"median","integer",NA,"overall","overall"
"14","cdm_gold_202512","cohort_name","s_2025","overall","overall","Days to next record",NA,"q75","integer",NA,"overall","overall"
"14","cdm_gold_202512","cohort_name","s_2025","overall","overall","Days to next record",NA,"max","integer",NA,"overall","overall"
"14","cdm_gold_202512","cohort_name","s_2025","overall","overall","Days to next record",NA,"mean","numeric",NA,"overall","overall"
"14","cdm_gold_202512","cohort_name","s_2025","overall","overall","Days to next record",NA,"sd","numeric",NA,"overall","overall"
"14","cdm_gold_202512","cohort_name","s_2025","overall","overall","Number visits in the prior year",NA,"min","numeric","0","overall","overall"
"14","cdm_gold_202512","cohort_name","s_2025","overall","overall","Number visits in the prior year",NA,"q25","numeric","19","overall","overall"
"14","cdm_gold_202512","cohort_name","s_2025","overall","overall","Number visits in the prior year",NA,"median","numeric","30","overall","overall"
"14","cdm_gold_202512","cohort_name","s_2025","overall","overall","Number visits in the prior year",NA,"q75","numeric","44","overall","overall"
"14","cdm_gold_202512","cohort_name","s_2025","overall","overall","Number visits in the prior year",NA,"max","numeric","356","overall","overall"
"14","cdm_gold_202512","cohort_name","s_2025","overall","overall","Number visits in the prior year",NA,"mean","numeric","33.6521346683952","overall","overall"
"14","cdm_gold_202512","cohort_name","s_2025","overall","overall","Number visits in the prior year",NA,"sd","numeric","20.1936431038738","overall","overall"
"14","cdm_gold_202512","cohort_name","s_2025","overall","overall","Flag any time prior vaccination","Herpes zoster vaccine","count","integer","47138","overall","overall"
"14","cdm_gold_202512","cohort_name","s_2025","overall","overall","Flag any time prior vaccination","Herpes zoster vaccine","percentage","percentage","20.8568761144566","overall","overall"
"14","cdm_gold_202512","cohort_name","s_2025","overall","overall","Flag any time prior vaccination","Rsv vaccine","count","integer","229","overall","overall"
"14","cdm_gold_202512","cohort_name","s_2025","overall","overall","Flag any time prior vaccination","Rsv vaccine","percentage","percentage","0.101324295265191","overall","overall"
"14","cdm_gold_202512","cohort_name","s_2025","overall","overall","Flag any time prior vaccination","Influenza","count","integer","214595","overall","overall"
"14","cdm_gold_202512","cohort_name","s_2025","overall","overall","Flag any time prior vaccination","Influenza","percentage","percentage","94.9505988752561","overall","overall"
"14","cdm_gold_202512","cohort_name","s_2025","overall","overall","Flag any time prior vaccination","Pneumococcal vaccine","count","integer","159120","overall","overall"
"14","cdm_gold_202512","cohort_name","s_2025","overall","overall","Flag any time prior vaccination","Pneumococcal vaccine","percentage","percentage","70.4048989633065","overall","overall"
"14","cdm_gold_202512","cohort_name","s_2025","overall","overall","Flag last year vaccination","Influenza","count","integer","169684","overall","overall"
"14","cdm_gold_202512","cohort_name","s_2025","overall","overall","Flag last year vaccination","Influenza","percentage","percentage","75.0790904706491","overall","overall"
"14","cdm_gold_202512","cohort_name","s_2025","overall","overall","Flag last year vaccination","Rsv vaccine","count","integer","229","overall","overall"
"14","cdm_gold_202512","cohort_name","s_2025","overall","overall","Flag last year vaccination","Rsv vaccine","percentage","percentage","0.101324295265191","overall","overall"
"14","cdm_gold_202512","cohort_name","s_2025","overall","overall","Flag last year vaccination","Herpes zoster vaccine","count","integer","8606","overall","overall"
"14","cdm_gold_202512","cohort_name","s_2025","overall","overall","Flag last year vaccination","Herpes zoster vaccine","percentage","percentage","3.80784665961674","overall","overall"
"14","cdm_gold_202512","cohort_name","s_2025","overall","overall","Flag last year vaccination","Pneumococcal vaccine","count","integer","3468","overall","overall"
"14","cdm_gold_202512","cohort_name","s_2025","overall","overall","Flag last year vaccination","Pneumococcal vaccine","percentage","percentage","1.53446574663617","overall","overall"
"14","cdm_gold_202512","cohort_name","s_2025","overall","overall","Flag on index vaccination","Rsv vaccine","count","integer","0","overall","overall"
"14","cdm_gold_202512","cohort_name","s_2025","overall","overall","Flag on index vaccination","Rsv vaccine","percentage","percentage","0","overall","overall"
"14","cdm_gold_202512","cohort_name","s_2025","overall","overall","Flag on index vaccination","Herpes zoster vaccine","count","integer","456","overall","overall"
"14","cdm_gold_202512","cohort_name","s_2025","overall","overall","Flag on index vaccination","Herpes zoster vaccine","percentage","percentage","0.201763662187454","overall","overall"
"14","cdm_gold_202512","cohort_name","s_2025","overall","overall","Flag on index vaccination","Pneumococcal vaccine","count","integer","119","overall","overall"
"14","cdm_gold_202512","cohort_name","s_2025","overall","overall","Flag on index vaccination","Pneumococcal vaccine","percentage","percentage","0.0526532364041822","overall","overall"
"14","cdm_gold_202512","cohort_name","s_2025","overall","overall","Flag on index vaccination","Influenza","count","integer","6","overall","overall"
"14","cdm_gold_202512","cohort_name","s_2025","overall","overall","Flag on index vaccination","Influenza","percentage","percentage","0.00265478502878229","overall","overall"
"14","cdm_gold_202512","cohort_name","s_2025","overall","overall","Flag any time prior comorbidities","Hiv","count","integer","49","overall","overall"
"14","cdm_gold_202512","cohort_name","s_2025","overall","overall","Flag any time prior comorbidities","Hiv","percentage","percentage","0.0216807444017221","overall","overall"
"14","cdm_gold_202512","cohort_name","s_2025","overall","overall","Flag any time prior comorbidities","Venous thromboembolism","count","integer","14939","overall","overall"
"14","cdm_gold_202512","cohort_name","s_2025","overall","overall","Flag any time prior comorbidities","Venous thromboembolism","percentage","percentage","6.60997225749645","overall","overall"
"14","cdm_gold_202512","cohort_name","s_2025","overall","overall","Flag any time prior comorbidities","Diabetes mellitus","count","integer","39896","overall","overall"
"14","cdm_gold_202512","cohort_name","s_2025","overall","overall","Flag any time prior comorbidities","Diabetes mellitus","percentage","percentage","17.6525505847164","overall","overall"
"14","cdm_gold_202512","cohort_name","s_2025","overall","overall","Flag any time prior comorbidities","Stroke","count","integer","11854","overall","overall"
"14","cdm_gold_202512","cohort_name","s_2025","overall","overall","Flag any time prior comorbidities","Stroke","percentage","percentage","5.24497028853089","overall","overall"
"14","cdm_gold_202512","cohort_name","s_2025","overall","overall","Flag any time prior comorbidities","Dementia","count","integer","11660","overall","overall"
"14","cdm_gold_202512","cohort_name","s_2025","overall","overall","Flag any time prior comorbidities","Dementia","percentage","percentage","5.15913223926692","overall","overall"
"14","cdm_gold_202512","cohort_name","s_2025","overall","overall","Flag any time prior comorbidities","Cld","count","integer","1650","overall","overall"
"14","cdm_gold_202512","cohort_name","s_2025","overall","overall","Flag any time prior comorbidities","Cld","percentage","percentage","0.730065882915131","overall","overall"
"14","cdm_gold_202512","cohort_name","s_2025","overall","overall","Flag any time prior comorbidities","Hyperten","count","integer","85248","overall","overall"
"14","cdm_gold_202512","cohort_name","s_2025","overall","overall","Flag any time prior comorbidities","Hyperten","percentage","percentage","37.7191856889388","overall","overall"
"14","cdm_gold_202512","cohort_name","s_2025","overall","overall","Flag any time prior comorbidities","Asthma","count","integer","18777","overall","overall"
"14","cdm_gold_202512","cohort_name","s_2025","overall","overall","Flag any time prior comorbidities","Asthma","percentage","percentage","8.30814974757419","overall","overall"
"14","cdm_gold_202512","cohort_name","s_2025","overall","overall","Flag any time prior comorbidities","Myocardial infarction","count","integer","12553","overall","overall"
"14","cdm_gold_202512","cohort_name","s_2025","overall","overall","Flag any time prior comorbidities","Myocardial infarction","percentage","percentage","5.55425274438402","overall","overall"
"14","cdm_gold_202512","cohort_name","s_2025","overall","overall","Flag any time prior comorbidities","Inflammatory bowel disease","count","integer","3280","overall","overall"
"14","cdm_gold_202512","cohort_name","s_2025","overall","overall","Flag any time prior comorbidities","Inflammatory bowel disease","percentage","percentage","1.45128248240099","overall","overall"
"14","cdm_gold_202512","cohort_name","s_2025","overall","overall","Flag any time prior comorbidities","Hypothyroidism","count","integer","17662","overall","overall"
"14","cdm_gold_202512","cohort_name","s_2025","overall","overall","Flag any time prior comorbidities","Hypothyroidism","percentage","percentage","7.81480219639215","overall","overall"
"14","cdm_gold_202512","cohort_name","s_2025","overall","overall","Flag any time prior comorbidities","Malignant neoplastic disease","count","integer","56945","overall","overall"
"14","cdm_gold_202512","cohort_name","s_2025","overall","overall","Flag any time prior comorbidities","Malignant neoplastic disease","percentage","percentage","25.1961222440013","overall","overall"
"14","cdm_gold_202512","cohort_name","s_2025","overall","overall","Flag any time prior comorbidities","Osteoporosis","count","integer","21632","overall","overall"
"14","cdm_gold_202512","cohort_name","s_2025","overall","overall","Flag any time prior comorbidities","Osteoporosis","percentage","percentage","9.5713849571031","overall","overall"
"14","cdm_gold_202512","cohort_name","s_2025","overall","overall","Flag any time prior comorbidities","Renal impairment","count","integer","50586","overall","overall"
"14","cdm_gold_202512","cohort_name","s_2025","overall","overall","Flag any time prior comorbidities","Renal impairment","percentage","percentage","22.3824925776635","overall","overall"
"14","cdm_gold_202512","cohort_name","s_2025","overall","overall","Flag any time prior comorbidities","Rheumatoid arthritis","count","integer","6434","overall","overall"
"14","cdm_gold_202512","cohort_name","s_2025","overall","overall","Flag any time prior comorbidities","Rheumatoid arthritis","percentage","percentage","2.84681447919755","overall","overall"
"14","cdm_gold_202512","cohort_name","s_2025","overall","overall","Flag any time prior comorbidities","Heart failure","count","integer","13091","overall","overall"
"14","cdm_gold_202512","cohort_name","s_2025","overall","overall","Flag any time prior comorbidities","Heart failure","percentage","percentage","5.7922984686315","overall","overall"
"14","cdm_gold_202512","cohort_name","s_2025","overall","overall","Flag any time prior comorbidities","Ckd","count","integer","47045","overall","overall"
"14","cdm_gold_202512","cohort_name","s_2025","overall","overall","Flag any time prior comorbidities","Ckd","percentage","percentage","20.8157269465105","overall","overall"
"14","cdm_gold_202512","cohort_name","s_2025","overall","overall","Flag any time prior comorbidities","Copd","count","integer","19006","overall","overall"
"14","cdm_gold_202512","cohort_name","s_2025","overall","overall","Flag any time prior comorbidities","Copd","percentage","percentage","8.40947404283938","overall","overall"
"14","cdm_gold_202512","cohort_name","s_2025","overall","overall","Count any time prior vaccination","Influenza","min","numeric","0","overall","overall"
"14","cdm_gold_202512","cohort_name","s_2025","overall","overall","Count any time prior vaccination","Influenza","q25","numeric","6","overall","overall"
"14","cdm_gold_202512","cohort_name","s_2025","overall","overall","Count any time prior vaccination","Influenza","median","numeric","12","overall","overall"
"14","cdm_gold_202512","cohort_name","s_2025","overall","overall","Count any time prior vaccination","Influenza","q75","numeric","18","overall","overall"
"14","cdm_gold_202512","cohort_name","s_2025","overall","overall","Count any time prior vaccination","Influenza","max","numeric","46","overall","overall"
"14","cdm_gold_202512","cohort_name","s_2025","overall","overall","Count any time prior vaccination","Influenza","mean","numeric","12.0282115155725","overall","overall"
"14","cdm_gold_202512","cohort_name","s_2025","overall","overall","Count any time prior vaccination","Influenza","sd","numeric","6.9930036815484","overall","overall"
"14","cdm_gold_202512","cohort_name","s_2025","overall","overall","Count any time prior vaccination","Pneumococcal vaccine","min","numeric","0","overall","overall"
"14","cdm_gold_202512","cohort_name","s_2025","overall","overall","Count any time prior vaccination","Pneumococcal vaccine","q25","numeric","0","overall","overall"
"14","cdm_gold_202512","cohort_name","s_2025","overall","overall","Count any time prior vaccination","Pneumococcal vaccine","median","numeric","1","overall","overall"
"14","cdm_gold_202512","cohort_name","s_2025","overall","overall","Count any time prior vaccination","Pneumococcal vaccine","q75","numeric","1","overall","overall"
"14","cdm_gold_202512","cohort_name","s_2025","overall","overall","Count any time prior vaccination","Pneumococcal vaccine","max","numeric","12","overall","overall"
"14","cdm_gold_202512","cohort_name","s_2025","overall","overall","Count any time prior vaccination","Pneumococcal vaccine","mean","numeric","0.765347975947648","overall","overall"
"14","cdm_gold_202512","cohort_name","s_2025","overall","overall","Count any time prior vaccination","Pneumococcal vaccine","sd","numeric","0.576795783895265","overall","overall"
"14","cdm_gold_202512","cohort_name","s_2025","overall","overall","Count any time prior vaccination","Rsv vaccine","min","numeric","0","overall","overall"
"14","cdm_gold_202512","cohort_name","s_2025","overall","overall","Count any time prior vaccination","Rsv vaccine","q25","numeric","0","overall","overall"
"14","cdm_gold_202512","cohort_name","s_2025","overall","overall","Count any time prior vaccination","Rsv vaccine","median","numeric","0","overall","overall"
"14","cdm_gold_202512","cohort_name","s_2025","overall","overall","Count any time prior vaccination","Rsv vaccine","q75","numeric","0","overall","overall"
"14","cdm_gold_202512","cohort_name","s_2025","overall","overall","Count any time prior vaccination","Rsv vaccine","max","numeric","1","overall","overall"
"14","cdm_gold_202512","cohort_name","s_2025","overall","overall","Count any time prior vaccination","Rsv vaccine","mean","numeric","0.00101324295265191","overall","overall"
"14","cdm_gold_202512","cohort_name","s_2025","overall","overall","Count any time prior vaccination","Rsv vaccine","sd","numeric","0.0318154171760336","overall","overall"
"14","cdm_gold_202512","cohort_name","s_2025","overall","overall","Count any time prior vaccination","Herpes zoster vaccine","min","numeric","0","overall","overall"
"14","cdm_gold_202512","cohort_name","s_2025","overall","overall","Count any time prior vaccination","Herpes zoster vaccine","q25","numeric","0","overall","overall"
"14","cdm_gold_202512","cohort_name","s_2025","overall","overall","Count any time prior vaccination","Herpes zoster vaccine","median","numeric","0","overall","overall"
"14","cdm_gold_202512","cohort_name","s_2025","overall","overall","Count any time prior vaccination","Herpes zoster vaccine","q75","numeric","0","overall","overall"
"14","cdm_gold_202512","cohort_name","s_2025","overall","overall","Count any time prior vaccination","Herpes zoster vaccine","max","numeric","4","overall","overall"
"14","cdm_gold_202512","cohort_name","s_2025","overall","overall","Count any time prior vaccination","Herpes zoster vaccine","mean","numeric","0.259469839429752","overall","overall"
"14","cdm_gold_202512","cohort_name","s_2025","overall","overall","Count any time prior vaccination","Herpes zoster vaccine","sd","numeric","0.543059182047218","overall","overall"
"14","cdm_gold_202512","cohort_name","s_2025","overall","overall","Count last year vaccination","Herpes zoster vaccine","min","numeric","0","overall","overall"
"14","cdm_gold_202512","cohort_name","s_2025","overall","overall","Count last year vaccination","Herpes zoster vaccine","q25","numeric","0","overall","overall"
"14","cdm_gold_202512","cohort_name","s_2025","overall","overall","Count last year vaccination","Herpes zoster vaccine","median","numeric","0","overall","overall"
"14","cdm_gold_202512","cohort_name","s_2025","overall","overall","Count last year vaccination","Herpes zoster vaccine","q75","numeric","0","overall","overall"
"14","cdm_gold_202512","cohort_name","s_2025","overall","overall","Count last year vaccination","Herpes zoster vaccine","max","numeric","3","overall","overall"
"14","cdm_gold_202512","cohort_name","s_2025","overall","overall","Count last year vaccination","Herpes zoster vaccine","mean","numeric","0.0484675253421354","overall","overall"
"14","cdm_gold_202512","cohort_name","s_2025","overall","overall","Count last year vaccination","Herpes zoster vaccine","sd","numeric","0.258729751727052","overall","overall"
"14","cdm_gold_202512","cohort_name","s_2025","overall","overall","Count last year vaccination","Pneumococcal vaccine","min","numeric","0","overall","overall"
"14","cdm_gold_202512","cohort_name","s_2025","overall","overall","Count last year vaccination","Pneumococcal vaccine","q25","numeric","0","overall","overall"
"14","cdm_gold_202512","cohort_name","s_2025","overall","overall","Count last year vaccination","Pneumococcal vaccine","median","numeric","0","overall","overall"
"14","cdm_gold_202512","cohort_name","s_2025","overall","overall","Count last year vaccination","Pneumococcal vaccine","q75","numeric","0","overall","overall"
"14","cdm_gold_202512","cohort_name","s_2025","overall","overall","Count last year vaccination","Pneumococcal vaccine","max","numeric","5","overall","overall"
"14","cdm_gold_202512","cohort_name","s_2025","overall","overall","Count last year vaccination","Pneumococcal vaccine","mean","numeric","0.0156588070281009","overall","overall"
"14","cdm_gold_202512","cohort_name","s_2025","overall","overall","Count last year vaccination","Pneumococcal vaccine","sd","numeric","0.127145072300212","overall","overall"
"14","cdm_gold_202512","cohort_name","s_2025","overall","overall","Count last year vaccination","Rsv vaccine","min","numeric","0","overall","overall"
"14","cdm_gold_202512","cohort_name","s_2025","overall","overall","Count last year vaccination","Rsv vaccine","q25","numeric","0","overall","overall"
"14","cdm_gold_202512","cohort_name","s_2025","overall","overall","Count last year vaccination","Rsv vaccine","median","numeric","0","overall","overall"
"14","cdm_gold_202512","cohort_name","s_2025","overall","overall","Count last year vaccination","Rsv vaccine","q75","numeric","0","overall","overall"
"14","cdm_gold_202512","cohort_name","s_2025","overall","overall","Count last year vaccination","Rsv vaccine","max","numeric","1","overall","overall"
"14","cdm_gold_202512","cohort_name","s_2025","overall","overall","Count last year vaccination","Rsv vaccine","mean","numeric","0.00101324295265191","overall","overall"
"14","cdm_gold_202512","cohort_name","s_2025","overall","overall","Count last year vaccination","Rsv vaccine","sd","numeric","0.0318154171760336","overall","overall"
"14","cdm_gold_202512","cohort_name","s_2025","overall","overall","Count last year vaccination","Influenza","min","numeric","0","overall","overall"
"14","cdm_gold_202512","cohort_name","s_2025","overall","overall","Count last year vaccination","Influenza","q25","numeric","1","overall","overall"
"14","cdm_gold_202512","cohort_name","s_2025","overall","overall","Count last year vaccination","Influenza","median","numeric","1","overall","overall"
"14","cdm_gold_202512","cohort_name","s_2025","overall","overall","Count last year vaccination","Influenza","q75","numeric","1","overall","overall"
"14","cdm_gold_202512","cohort_name","s_2025","overall","overall","Count last year vaccination","Influenza","max","numeric","4","overall","overall"
"14","cdm_gold_202512","cohort_name","s_2025","overall","overall","Count last year vaccination","Influenza","mean","numeric","0.752361652515188","overall","overall"
"14","cdm_gold_202512","cohort_name","s_2025","overall","overall","Count last year vaccination","Influenza","sd","numeric","0.435468617334814","overall","overall"
"15","cdm_gold_202512","cohort_name","s_2024","overall","overall","number records",NA,"count","integer","266169","overall","overall"
"15","cdm_gold_202512","cohort_name","s_2025","overall","overall","number records",NA,"count","integer","226007","overall","overall"
"15","cdm_gold_202512","cohort_name","a_2024","overall","overall","number records",NA,"count","integer","484713","overall","overall"
"15","cdm_gold_202512","cohort_name","a_2023","overall","overall","number records",NA,"count","integer","515747","overall","overall"
"15","cdm_gold_202512","cohort_name","a_2023","overall","overall","number subjects",NA,"count","integer","515720","overall","overall"
"15","cdm_gold_202512","cohort_name","a_2024","overall","overall","number subjects",NA,"count","integer","484694","overall","overall"
"15","cdm_gold_202512","cohort_name","s_2024","overall","overall","number subjects",NA,"count","integer","266169","overall","overall"
"15","cdm_gold_202512","cohort_name","s_2025","overall","overall","number subjects",NA,"count","integer","226007","overall","overall"
"15","cdm_gold_202512","cohort_name","s_2024","overall","overall","vaccinated",NA,"count","integer","155676","overall","overall"
"15","cdm_gold_202512","cohort_name","s_2025","overall","overall","vaccinated",NA,"count","integer","123232","overall","overall"
"15","cdm_gold_202512","cohort_name","a_2024","overall","overall","vaccinated",NA,"count","integer","291837","overall","overall"
"15","cdm_gold_202512","cohort_name","a_2023","overall","overall","vaccinated",NA,"count","integer","322645","overall","overall"
"15","cdm_gold_202512","cohort_name","s_2024","overall","overall","vaccinated",NA,"percentage","percentage","58.4876525816305","overall","overall"
"15","cdm_gold_202512","cohort_name","s_2025","overall","overall","vaccinated",NA,"percentage","percentage","54.5257447778166","overall","overall"
"15","cdm_gold_202512","cohort_name","a_2024","overall","overall","vaccinated",NA,"percentage","percentage","60.2082056804748","overall","overall"
"15","cdm_gold_202512","cohort_name","a_2023","overall","overall","vaccinated",NA,"percentage","percentage","62.5587739725098","overall","overall"
"15","cdm_gold_202512","cohort_name","s_2024","region","England","number records",NA,"count","integer","5011","overall","overall"
"15","cdm_gold_202512","cohort_name","a_2024","region","England","number records",NA,"count","integer","6061","overall","overall"
"15","cdm_gold_202512","cohort_name","a_2023","region","England","number records",NA,"count","integer","9170","overall","overall"
"15","cdm_gold_202512","cohort_name","s_2024","region","Northern Ireland","number records",NA,"count","integer","26550","overall","overall"
"15","cdm_gold_202512","cohort_name","a_2024","region","Northern Ireland","number records",NA,"count","integer","51143","overall","overall"
"15","cdm_gold_202512","cohort_name","s_2025","region","Northern Ireland","number records",NA,"count","integer","25409","overall","overall"
"15","cdm_gold_202512","cohort_name","a_2023","region","Northern Ireland","number records",NA,"count","integer","51357","overall","overall"
"15","cdm_gold_202512","cohort_name","s_2024","region","Scotland","number records",NA,"count","integer","142139","overall","overall"
"15","cdm_gold_202512","cohort_name","a_2023","region","Scotland","number records",NA,"count","integer","276470","overall","overall"
"15","cdm_gold_202512","cohort_name","s_2025","region","Scotland","number records",NA,"count","integer","141345","overall","overall"
"15","cdm_gold_202512","cohort_name","a_2024","region","Scotland","number records",NA,"count","integer","275286","overall","overall"
"15","cdm_gold_202512","cohort_name","s_2025","region","Wales","number records",NA,"count","integer","59253","overall","overall"
"15","cdm_gold_202512","cohort_name","a_2023","region","Wales","number records",NA,"count","integer","178750","overall","overall"
"15","cdm_gold_202512","cohort_name","s_2024","region","Wales","number records",NA,"count","integer","92469","overall","overall"
"15","cdm_gold_202512","cohort_name","a_2024","region","Wales","number records",NA,"count","integer","152223","overall","overall"
"15","cdm_gold_202512","cohort_name","a_2023","region","England","number subjects",NA,"count","integer","9170","overall","overall"
"15","cdm_gold_202512","cohort_name","a_2024","region","England","number subjects",NA,"count","integer","6061","overall","overall"
"15","cdm_gold_202512","cohort_name","s_2024","region","England","number subjects",NA,"count","integer","5011","overall","overall"
"15","cdm_gold_202512","cohort_name","a_2023","region","Northern Ireland","number subjects",NA,"count","integer","51357","overall","overall"
"15","cdm_gold_202512","cohort_name","a_2024","region","Northern Ireland","number subjects",NA,"count","integer","51143","overall","overall"
"15","cdm_gold_202512","cohort_name","s_2024","region","Northern Ireland","number subjects",NA,"count","integer","26550","overall","overall"
"15","cdm_gold_202512","cohort_name","s_2025","region","Northern Ireland","number subjects",NA,"count","integer","25409","overall","overall"
"15","cdm_gold_202512","cohort_name","a_2023","region","Scotland","number subjects",NA,"count","integer","276449","overall","overall"
"15","cdm_gold_202512","cohort_name","a_2024","region","Scotland","number subjects",NA,"count","integer","275285","overall","overall"
"15","cdm_gold_202512","cohort_name","s_2024","region","Scotland","number subjects",NA,"count","integer","142139","overall","overall"
"15","cdm_gold_202512","cohort_name","s_2025","region","Scotland","number subjects",NA,"count","integer","141345","overall","overall"
"15","cdm_gold_202512","cohort_name","a_2023","region","Wales","number subjects",NA,"count","integer","178744","overall","overall"
"15","cdm_gold_202512","cohort_name","a_2024","region","Wales","number subjects",NA,"count","integer","152205","overall","overall"
"15","cdm_gold_202512","cohort_name","s_2024","region","Wales","number subjects",NA,"count","integer","92469","overall","overall"
"15","cdm_gold_202512","cohort_name","s_2025","region","Wales","number subjects",NA,"count","integer","59253","overall","overall"
"15","cdm_gold_202512","cohort_name","s_2024","region","England","vaccinated",NA,"count","integer","3150","overall","overall"
"15","cdm_gold_202512","cohort_name","a_2024","region","England","vaccinated",NA,"count","integer","-","overall","overall"
"15","cdm_gold_202512","cohort_name","a_2023","region","England","vaccinated",NA,"count","integer","5401","overall","overall"
"15","cdm_gold_202512","cohort_name","s_2024","region","Northern Ireland","vaccinated",NA,"count","integer","12278","overall","overall"
"15","cdm_gold_202512","cohort_name","a_2024","region","Northern Ireland","vaccinated",NA,"count","integer","25362","overall","overall"
"15","cdm_gold_202512","cohort_name","s_2025","region","Northern Ireland","vaccinated",NA,"count","integer","8125","overall","overall"
"15","cdm_gold_202512","cohort_name","a_2023","region","Northern Ireland","vaccinated",NA,"count","integer","27396","overall","overall"
"15","cdm_gold_202512","cohort_name","s_2024","region","Scotland","vaccinated",NA,"count","integer","90255","overall","overall"
"15","cdm_gold_202512","cohort_name","a_2023","region","Scotland","vaccinated",NA,"count","integer","182826","overall","overall"
"15","cdm_gold_202512","cohort_name","s_2025","region","Scotland","vaccinated",NA,"count","integer","84819","overall","overall"
"15","cdm_gold_202512","cohort_name","a_2024","region","Scotland","vaccinated",NA,"count","integer","182659","overall","overall"
"15","cdm_gold_202512","cohort_name","s_2025","region","Wales","vaccinated",NA,"count","integer","30288","overall","overall"
"15","cdm_gold_202512","cohort_name","a_2023","region","Wales","vaccinated",NA,"count","integer","107022","overall","overall"
"15","cdm_gold_202512","cohort_name","s_2024","region","Wales","vaccinated",NA,"count","integer","49993","overall","overall"
"15","cdm_gold_202512","cohort_name","a_2024","region","Wales","vaccinated",NA,"count","integer","83813","overall","overall"
"15","cdm_gold_202512","cohort_name","s_2024","region","England","vaccinated",NA,"percentage","percentage","62.8617042506486","overall","overall"
"15","cdm_gold_202512","cohort_name","a_2024","region","England","vaccinated",NA,"percentage","percentage","-","overall","overall"
"15","cdm_gold_202512","cohort_name","a_2023","region","England","vaccinated",NA,"percentage","percentage","58.8985823336968","overall","overall"
"15","cdm_gold_202512","cohort_name","s_2024","region","Northern Ireland","vaccinated",NA,"percentage","percentage","46.2448210922787","overall","overall"
"15","cdm_gold_202512","cohort_name","a_2024","region","Northern Ireland","vaccinated",NA,"percentage","percentage","49.5903642727255","overall","overall"
"15","cdm_gold_202512","cohort_name","s_2025","region","Northern Ireland","vaccinated",NA,"percentage","percentage","31.9768585934118","overall","overall"
"15","cdm_gold_202512","cohort_name","a_2023","region","Northern Ireland","vaccinated",NA,"percentage","percentage","53.3442373970442","overall","overall"
"15","cdm_gold_202512","cohort_name","s_2024","region","Scotland","vaccinated",NA,"percentage","percentage","63.4977029527434","overall","overall"
"15","cdm_gold_202512","cohort_name","a_2023","region","Scotland","vaccinated",NA,"percentage","percentage","66.1286938908381","overall","overall"
"15","cdm_gold_202512","cohort_name","s_2025","region","Scotland","vaccinated",NA,"percentage","percentage","60.0084898652234","overall","overall"
"15","cdm_gold_202512","cohort_name","a_2024","region","Scotland","vaccinated",NA,"percentage","percentage","66.352447999535","overall","overall"
"15","cdm_gold_202512","cohort_name","s_2025","region","Wales","vaccinated",NA,"percentage","percentage","51.1163991696623","overall","overall"
"15","cdm_gold_202512","cohort_name","a_2023","region","Wales","vaccinated",NA,"percentage","percentage","59.8724475524476","overall","overall"
"15","cdm_gold_202512","cohort_name","s_2024","region","Wales","vaccinated",NA,"percentage","percentage","54.0646054353351","overall","overall"
"15","cdm_gold_202512","cohort_name","a_2024","region","Wales","vaccinated",NA,"percentage","percentage","55.0593537113314","overall","overall"
"15","cdm_gold_202512","cohort_name","s_2024","imd","Q1","number records",NA,"count","integer","33316","overall","overall"
"15","cdm_gold_202512","cohort_name","a_2024","imd","Q1","number records",NA,"count","integer","61278","overall","overall"
"15","cdm_gold_202512","cohort_name","s_2025","imd","Q1","number records",NA,"count","integer","33449","overall","overall"
"15","cdm_gold_202512","cohort_name","a_2023","imd","Q1","number records",NA,"count","integer","63133","overall","overall"
"15","cdm_gold_202512","cohort_name","s_2025","imd","Q2","number records",NA,"count","integer","35618","overall","overall"
"15","cdm_gold_202512","cohort_name","a_2023","imd","Q2","number records",NA,"count","integer","79893","overall","overall"
"15","cdm_gold_202512","cohort_name","a_2024","imd","Q2","number records",NA,"count","integer","75128","overall","overall"
"15","cdm_gold_202512","cohort_name","s_2024","imd","Q2","number records",NA,"count","integer","40418","overall","overall"
"15","cdm_gold_202512","cohort_name","a_2023","imd","Q3","number records",NA,"count","integer","158780","overall","overall"
"15","cdm_gold_202512","cohort_name","s_2024","imd","Q3","number records",NA,"count","integer","83203","overall","overall"
"15","cdm_gold_202512","cohort_name","s_2025","imd","Q3","number records",NA,"count","integer","67887","overall","overall"
"15","cdm_gold_202512","cohort_name","a_2024","imd","Q3","number records",NA,"count","integer","143913","overall","overall"
"15","cdm_gold_202512","cohort_name","a_2024","imd","Q4","number records",NA,"count","integer","134266","overall","overall"
"15","cdm_gold_202512","cohort_name","s_2025","imd","Q4","number records",NA,"count","integer","61065","overall","overall"
"15","cdm_gold_202512","cohort_name","a_2023","imd","Q4","number records",NA,"count","integer","141891","overall","overall"
"15","cdm_gold_202512","cohort_name","s_2024","imd","Q4","number records",NA,"count","integer","73001","overall","overall"
"15","cdm_gold_202512","cohort_name","s_2024","imd","Q5","number records",NA,"count","integer","36231","overall","overall"
"15","cdm_gold_202512","cohort_name","a_2023","imd","Q5","number records",NA,"count","integer","72050","overall","overall"
"15","cdm_gold_202512","cohort_name","a_2024","imd","Q5","number records",NA,"count","integer","70128","overall","overall"
"15","cdm_gold_202512","cohort_name","s_2025","imd","Q5","number records",NA,"count","integer","27988","overall","overall"
"15","cdm_gold_202512","cohort_name","a_2023","imd","Q1","number subjects",NA,"count","integer","63133","overall","overall"
"15","cdm_gold_202512","cohort_name","a_2024","imd","Q1","number subjects",NA,"count","integer","61276","overall","overall"
"15","cdm_gold_202512","cohort_name","s_2024","imd","Q1","number subjects",NA,"count","integer","33316","overall","overall"
"15","cdm_gold_202512","cohort_name","s_2025","imd","Q1","number subjects",NA,"count","integer","33449","overall","overall"
"15","cdm_gold_202512","cohort_name","a_2023","imd","Q2","number subjects",NA,"count","integer","79893","overall","overall"
"15","cdm_gold_202512","cohort_name","a_2024","imd","Q2","number subjects",NA,"count","integer","75126","overall","overall"
"15","cdm_gold_202512","cohort_name","s_2024","imd","Q2","number subjects",NA,"count","integer","40418","overall","overall"
"15","cdm_gold_202512","cohort_name","s_2025","imd","Q2","number subjects",NA,"count","integer","35618","overall","overall"
"15","cdm_gold_202512","cohort_name","a_2023","imd","Q3","number subjects",NA,"count","integer","158756","overall","overall"
"15","cdm_gold_202512","cohort_name","a_2024","imd","Q3","number subjects",NA,"count","integer","143899","overall","overall"
"15","cdm_gold_202512","cohort_name","s_2024","imd","Q3","number subjects",NA,"count","integer","83203","overall","overall"
"15","cdm_gold_202512","cohort_name","s_2025","imd","Q3","number subjects",NA,"count","integer","67887","overall","overall"
"15","cdm_gold_202512","cohort_name","a_2023","imd","Q4","number subjects",NA,"count","integer","141890","overall","overall"
"15","cdm_gold_202512","cohort_name","a_2024","imd","Q4","number subjects",NA,"count","integer","134265","overall","overall"
"15","cdm_gold_202512","cohort_name","s_2024","imd","Q4","number subjects",NA,"count","integer","73001","overall","overall"
"15","cdm_gold_202512","cohort_name","s_2025","imd","Q4","number subjects",NA,"count","integer","61065","overall","overall"
"15","cdm_gold_202512","cohort_name","a_2023","imd","Q5","number subjects",NA,"count","integer","72048","overall","overall"
"15","cdm_gold_202512","cohort_name","a_2024","imd","Q5","number subjects",NA,"count","integer","70128","overall","overall"
"15","cdm_gold_202512","cohort_name","s_2024","imd","Q5","number subjects",NA,"count","integer","36231","overall","overall"
"15","cdm_gold_202512","cohort_name","s_2025","imd","Q5","number subjects",NA,"count","integer","27988","overall","overall"
"15","cdm_gold_202512","cohort_name","s_2024","imd","Q1","vaccinated",NA,"count","integer","21730","overall","overall"
"15","cdm_gold_202512","cohort_name","a_2024","imd","Q1","vaccinated",NA,"count","integer","43485","overall","overall"
"15","cdm_gold_202512","cohort_name","s_2025","imd","Q1","vaccinated",NA,"count","integer","21530","overall","overall"
"15","cdm_gold_202512","cohort_name","a_2023","imd","Q1","vaccinated",NA,"count","integer","39839","overall","overall"
"15","cdm_gold_202512","cohort_name","s_2025","imd","Q2","vaccinated",NA,"count","integer","17741","overall","overall"
"15","cdm_gold_202512","cohort_name","a_2023","imd","Q2","vaccinated",NA,"count","integer","50626","overall","overall"
"15","cdm_gold_202512","cohort_name","a_2024","imd","Q2","vaccinated",NA,"count","integer","45626","overall","overall"
"15","cdm_gold_202512","cohort_name","s_2024","imd","Q2","vaccinated",NA,"count","integer","23061","overall","overall"
"15","cdm_gold_202512","cohort_name","a_2023","imd","Q3","vaccinated",NA,"count","integer","96748","overall","overall"
"15","cdm_gold_202512","cohort_name","s_2024","imd","Q3","vaccinated",NA,"count","integer","48046","overall","overall"
"15","cdm_gold_202512","cohort_name","s_2025","imd","Q3","vaccinated",NA,"count","integer","35301","overall","overall"
"15","cdm_gold_202512","cohort_name","a_2024","imd","Q3","vaccinated",NA,"count","integer","83193","overall","overall"
"15","cdm_gold_202512","cohort_name","a_2024","imd","Q4","vaccinated",NA,"count","integer","81759","overall","overall"
"15","cdm_gold_202512","cohort_name","s_2025","imd","Q4","vaccinated",NA,"count","integer","34715","overall","overall"
"15","cdm_gold_202512","cohort_name","a_2023","imd","Q4","vaccinated",NA,"count","integer","90827","overall","overall"
"15","cdm_gold_202512","cohort_name","s_2024","imd","Q4","vaccinated",NA,"count","integer","42846","overall","overall"
"15","cdm_gold_202512","cohort_name","s_2024","imd","Q5","vaccinated",NA,"count","integer","19993","overall","overall"
"15","cdm_gold_202512","cohort_name","a_2023","imd","Q5","vaccinated",NA,"count","integer","44605","overall","overall"
"15","cdm_gold_202512","cohort_name","a_2024","imd","Q5","vaccinated",NA,"count","integer","37774","overall","overall"
"15","cdm_gold_202512","cohort_name","s_2025","imd","Q5","vaccinated",NA,"count","integer","13945","overall","overall"
"15","cdm_gold_202512","cohort_name","s_2024","imd","Q1","vaccinated",NA,"percentage","percentage","65.223916436547","overall","overall"
"15","cdm_gold_202512","cohort_name","a_2024","imd","Q1","vaccinated",NA,"percentage","percentage","70.9634779202977","overall","overall"
"15","cdm_gold_202512","cohort_name","s_2025","imd","Q1","vaccinated",NA,"percentage","percentage","64.3666477323687","overall","overall"
"15","cdm_gold_202512","cohort_name","a_2023","imd","Q1","vaccinated",NA,"percentage","percentage","63.1032898800944","overall","overall"
"15","cdm_gold_202512","cohort_name","s_2025","imd","Q2","vaccinated",NA,"percentage","percentage","49.8090852939525","overall","overall"
"15","cdm_gold_202512","cohort_name","a_2023","imd","Q2","vaccinated",NA,"percentage","percentage","63.3672537018262","overall","overall"
"15","cdm_gold_202512","cohort_name","a_2024","imd","Q2","vaccinated",NA,"percentage","percentage","60.7310190608029","overall","overall"
"15","cdm_gold_202512","cohort_name","s_2024","imd","Q2","vaccinated",NA,"percentage","percentage","57.0562620614578","overall","overall"
"15","cdm_gold_202512","cohort_name","a_2023","imd","Q3","vaccinated",NA,"percentage","percentage","60.9321073183021","overall","overall"
"15","cdm_gold_202512","cohort_name","s_2024","imd","Q3","vaccinated",NA,"percentage","percentage","57.7455139838708","overall","overall"
"15","cdm_gold_202512","cohort_name","s_2025","imd","Q3","vaccinated",NA,"percentage","percentage","51.9996464713421","overall","overall"
"15","cdm_gold_202512","cohort_name","a_2024","imd","Q3","vaccinated",NA,"percentage","percentage","57.8078422380188","overall","overall"
"15","cdm_gold_202512","cohort_name","a_2024","imd","Q4","vaccinated",NA,"percentage","percentage","60.8933013570077","overall","overall"
"15","cdm_gold_202512","cohort_name","s_2025","imd","Q4","vaccinated",NA,"percentage","percentage","56.849258986326","overall","overall"
"15","cdm_gold_202512","cohort_name","a_2023","imd","Q4","vaccinated",NA,"percentage","percentage","64.0118118837699","overall","overall"
"15","cdm_gold_202512","cohort_name","s_2024","imd","Q4","vaccinated",NA,"percentage","percentage","58.6923466801825","overall","overall"
"15","cdm_gold_202512","cohort_name","s_2024","imd","Q5","vaccinated",NA,"percentage","percentage","55.1820264414452","overall","overall"
"15","cdm_gold_202512","cohort_name","a_2023","imd","Q5","vaccinated",NA,"percentage","percentage","61.9083969465649","overall","overall"
"15","cdm_gold_202512","cohort_name","a_2024","imd","Q5","vaccinated",NA,"percentage","percentage","53.8643623089208","overall","overall"
"15","cdm_gold_202512","cohort_name","s_2025","imd","Q5","vaccinated",NA,"percentage","percentage","49.8249249678434","overall","overall"
"15","cdm_gold_202512","cohort_name","a_2024","sex","Female","number records",NA,"count","integer","260699","overall","overall"
"15","cdm_gold_202512","cohort_name","s_2024","sex","Female","number records",NA,"count","integer","148609","overall","overall"
"15","cdm_gold_202512","cohort_name","s_2025","sex","Female","number records",NA,"count","integer","125818","overall","overall"
"15","cdm_gold_202512","cohort_name","a_2023","sex","Female","number records",NA,"count","integer","277868","overall","overall"
"15","cdm_gold_202512","cohort_name","a_2024","sex","Male","number records",NA,"count","integer","224014","overall","overall"
"15","cdm_gold_202512","cohort_name","s_2024","sex","Male","number records",NA,"count","integer","117560","overall","overall"
"15","cdm_gold_202512","cohort_name","a_2023","sex","Male","number records",NA,"count","integer","237879","overall","overall"
"15","cdm_gold_202512","cohort_name","s_2025","sex","Male","number records",NA,"count","integer","100189","overall","overall"
"15","cdm_gold_202512","cohort_name","a_2023","sex","Female","number subjects",NA,"count","integer","277852","overall","overall"
"15","cdm_gold_202512","cohort_name","a_2024","sex","Female","number subjects",NA,"count","integer","260686","overall","overall"
"15","cdm_gold_202512","cohort_name","s_2024","sex","Female","number subjects",NA,"count","integer","148609","overall","overall"
"15","cdm_gold_202512","cohort_name","s_2025","sex","Female","number subjects",NA,"count","integer","125818","overall","overall"
"15","cdm_gold_202512","cohort_name","a_2023","sex","Male","number subjects",NA,"count","integer","237868","overall","overall"
"15","cdm_gold_202512","cohort_name","a_2024","sex","Male","number subjects",NA,"count","integer","224008","overall","overall"
"15","cdm_gold_202512","cohort_name","s_2024","sex","Male","number subjects",NA,"count","integer","117560","overall","overall"
"15","cdm_gold_202512","cohort_name","s_2025","sex","Male","number subjects",NA,"count","integer","100189","overall","overall"
"15","cdm_gold_202512","cohort_name","a_2024","sex","Female","vaccinated",NA,"count","integer","152873","overall","overall"
"15","cdm_gold_202512","cohort_name","s_2024","sex","Female","vaccinated",NA,"count","integer","83526","overall","overall"
"15","cdm_gold_202512","cohort_name","s_2025","sex","Female","vaccinated",NA,"count","integer","66040","overall","overall"
"15","cdm_gold_202512","cohort_name","a_2023","sex","Female","vaccinated",NA,"count","integer","170953","overall","overall"
"15","cdm_gold_202512","cohort_name","a_2024","sex","Male","vaccinated",NA,"count","integer","138964","overall","overall"
"15","cdm_gold_202512","cohort_name","s_2024","sex","Male","vaccinated",NA,"count","integer","72150","overall","overall"
"15","cdm_gold_202512","cohort_name","a_2023","sex","Male","vaccinated",NA,"count","integer","151692","overall","overall"
"15","cdm_gold_202512","cohort_name","s_2025","sex","Male","vaccinated",NA,"count","integer","57192","overall","overall"
"15","cdm_gold_202512","cohort_name","a_2024","sex","Female","vaccinated",NA,"percentage","percentage","58.6396572292184","overall","overall"
"15","cdm_gold_202512","cohort_name","s_2024","sex","Female","vaccinated",NA,"percentage","percentage","56.2052096440996","overall","overall"
"15","cdm_gold_202512","cohort_name","s_2025","sex","Female","vaccinated",NA,"percentage","percentage","52.4885151568138","overall","overall"
"15","cdm_gold_202512","cohort_name","a_2023","sex","Female","vaccinated",NA,"percentage","percentage","61.5230972979976","overall","overall"
"15","cdm_gold_202512","cohort_name","a_2024","sex","Male","vaccinated",NA,"percentage","percentage","62.0336228985688","overall","overall"
"15","cdm_gold_202512","cohort_name","s_2024","sex","Male","vaccinated",NA,"percentage","percentage","61.3729159578088","overall","overall"
"15","cdm_gold_202512","cohort_name","a_2023","sex","Male","vaccinated",NA,"percentage","percentage","63.7685546012889","overall","overall"
"15","cdm_gold_202512","cohort_name","s_2025","sex","Male","vaccinated",NA,"percentage","percentage","57.084111030153","overall","overall"
"15","cdm_gold_202512","cohort_name","s_2024","ethnicity","asian","number records",NA,"count","integer","981","overall","overall"
"15","cdm_gold_202512","cohort_name","a_2024","ethnicity","asian","number records",NA,"count","integer","2160","overall","overall"
"15","cdm_gold_202512","cohort_name","s_2025","ethnicity","asian","number records",NA,"count","integer","761","overall","overall"
"15","cdm_gold_202512","cohort_name","a_2023","ethnicity","asian","number records",NA,"count","integer","2435","overall","overall"
"15","cdm_gold_202512","cohort_name","s_2024","ethnicity","black","number records",NA,"count","integer","153","overall","overall"
"15","cdm_gold_202512","cohort_name","a_2024","ethnicity","black","number records",NA,"count","integer","382","overall","overall"
"15","cdm_gold_202512","cohort_name","s_2025","ethnicity","black","number records",NA,"count","integer","144","overall","overall"
"15","cdm_gold_202512","cohort_name","a_2023","ethnicity","black","number records",NA,"count","integer","401","overall","overall"
"15","cdm_gold_202512","cohort_name","s_2024","ethnicity","missing","number records",NA,"count","integer","147459","overall","overall"
"15","cdm_gold_202512","cohort_name","s_2025","ethnicity","missing","number records",NA,"count","integer","125452","overall","overall"
"15","cdm_gold_202512","cohort_name","a_2023","ethnicity","missing","number records",NA,"count","integer","281552","overall","overall"
"15","cdm_gold_202512","cohort_name","a_2024","ethnicity","missing","number records",NA,"count","integer","264105","overall","overall"
"15","cdm_gold_202512","cohort_name","a_2023","ethnicity","white","number records",NA,"count","integer","231359","overall","overall"
"15","cdm_gold_202512","cohort_name","s_2025","ethnicity","white","number records",NA,"count","integer","99650","overall","overall"
"15","cdm_gold_202512","cohort_name","s_2024","ethnicity","white","number records",NA,"count","integer","117576","overall","overall"
"15","cdm_gold_202512","cohort_name","a_2024","ethnicity","white","number records",NA,"count","integer","218066","overall","overall"
"15","cdm_gold_202512","cohort_name","a_2023","ethnicity","asian","number subjects",NA,"count","integer","2435","overall","overall"
"15","cdm_gold_202512","cohort_name","a_2024","ethnicity","asian","number subjects",NA,"count","integer","2160","overall","overall"
"15","cdm_gold_202512","cohort_name","s_2024","ethnicity","asian","number subjects",NA,"count","integer","981","overall","overall"
"15","cdm_gold_202512","cohort_name","s_2025","ethnicity","asian","number subjects",NA,"count","integer","761","overall","overall"
"15","cdm_gold_202512","cohort_name","a_2023","ethnicity","black","number subjects",NA,"count","integer","401","overall","overall"
"15","cdm_gold_202512","cohort_name","a_2024","ethnicity","black","number subjects",NA,"count","integer","382","overall","overall"
"15","cdm_gold_202512","cohort_name","s_2024","ethnicity","black","number subjects",NA,"count","integer","153","overall","overall"
"15","cdm_gold_202512","cohort_name","s_2025","ethnicity","black","number subjects",NA,"count","integer","144","overall","overall"
"15","cdm_gold_202512","cohort_name","a_2023","ethnicity","missing","number subjects",NA,"count","integer","281547","overall","overall"
"15","cdm_gold_202512","cohort_name","a_2024","ethnicity","missing","number subjects",NA,"count","integer","264092","overall","overall"
"15","cdm_gold_202512","cohort_name","s_2024","ethnicity","missing","number subjects",NA,"count","integer","147459","overall","overall"
"15","cdm_gold_202512","cohort_name","s_2025","ethnicity","missing","number subjects",NA,"count","integer","125452","overall","overall"
"15","cdm_gold_202512","cohort_name","a_2023","ethnicity","white","number subjects",NA,"count","integer","231337","overall","overall"
"15","cdm_gold_202512","cohort_name","a_2024","ethnicity","white","number subjects",NA,"count","integer","218060","overall","overall"
"15","cdm_gold_202512","cohort_name","s_2024","ethnicity","white","number subjects",NA,"count","integer","117576","overall","overall"
"15","cdm_gold_202512","cohort_name","s_2025","ethnicity","white","number subjects",NA,"count","integer","99650","overall","overall"
"15","cdm_gold_202512","cohort_name","s_2024","ethnicity","asian","vaccinated",NA,"count","integer","361","overall","overall"
"15","cdm_gold_202512","cohort_name","a_2024","ethnicity","asian","vaccinated",NA,"count","integer","854","overall","overall"
"15","cdm_gold_202512","cohort_name","s_2025","ethnicity","asian","vaccinated",NA,"count","integer","263","overall","overall"
"15","cdm_gold_202512","cohort_name","a_2023","ethnicity","asian","vaccinated",NA,"count","integer","1057","overall","overall"
"15","cdm_gold_202512","cohort_name","s_2024","ethnicity","black","vaccinated",NA,"count","integer","57","overall","overall"
"15","cdm_gold_202512","cohort_name","a_2024","ethnicity","black","vaccinated",NA,"count","integer","126","overall","overall"
"15","cdm_gold_202512","cohort_name","s_2025","ethnicity","black","vaccinated",NA,"count","integer","41","overall","overall"
"15","cdm_gold_202512","cohort_name","a_2023","ethnicity","black","vaccinated",NA,"count","integer","180","overall","overall"
"15","cdm_gold_202512","cohort_name","s_2024","ethnicity","missing","vaccinated",NA,"count","integer","86694","overall","overall"
"15","cdm_gold_202512","cohort_name","s_2025","ethnicity","missing","vaccinated",NA,"count","integer","68746","overall","overall"
"15","cdm_gold_202512","cohort_name","a_2023","ethnicity","missing","vaccinated",NA,"count","integer","174361","overall","overall"
"15","cdm_gold_202512","cohort_name","a_2024","ethnicity","missing","vaccinated",NA,"count","integer","162964","overall","overall"
"15","cdm_gold_202512","cohort_name","a_2023","ethnicity","white","vaccinated",NA,"count","integer","147047","overall","overall"
"15","cdm_gold_202512","cohort_name","s_2025","ethnicity","white","vaccinated",NA,"count","integer","54182","overall","overall"
"15","cdm_gold_202512","cohort_name","s_2024","ethnicity","white","vaccinated",NA,"count","integer","68564","overall","overall"
"15","cdm_gold_202512","cohort_name","a_2024","ethnicity","white","vaccinated",NA,"count","integer","127893","overall","overall"
"15","cdm_gold_202512","cohort_name","s_2024","ethnicity","asian","vaccinated",NA,"percentage","percentage","36.7991845056065","overall","overall"
"15","cdm_gold_202512","cohort_name","a_2024","ethnicity","asian","vaccinated",NA,"percentage","percentage","39.537037037037","overall","overall"
"15","cdm_gold_202512","cohort_name","s_2025","ethnicity","asian","vaccinated",NA,"percentage","percentage","34.5597897503285","overall","overall"
"15","cdm_gold_202512","cohort_name","a_2023","ethnicity","asian","vaccinated",NA,"percentage","percentage","43.4086242299795","overall","overall"
"15","cdm_gold_202512","cohort_name","s_2024","ethnicity","black","vaccinated",NA,"percentage","percentage","37.2549019607843","overall","overall"
"15","cdm_gold_202512","cohort_name","a_2024","ethnicity","black","vaccinated",NA,"percentage","percentage","32.9842931937173","overall","overall"
"15","cdm_gold_202512","cohort_name","s_2025","ethnicity","black","vaccinated",NA,"percentage","percentage","28.4722222222222","overall","overall"
"15","cdm_gold_202512","cohort_name","a_2023","ethnicity","black","vaccinated",NA,"percentage","percentage","44.8877805486284","overall","overall"
"15","cdm_gold_202512","cohort_name","s_2024","ethnicity","missing","vaccinated",NA,"percentage","percentage","58.7919353854292","overall","overall"
"15","cdm_gold_202512","cohort_name","s_2025","ethnicity","missing","vaccinated",NA,"percentage","percentage","54.7986480885119","overall","overall"
"15","cdm_gold_202512","cohort_name","a_2023","ethnicity","missing","vaccinated",NA,"percentage","percentage","61.9285247485367","overall","overall"
"15","cdm_gold_202512","cohort_name","a_2024","ethnicity","missing","vaccinated",NA,"percentage","percentage","61.7042464171447","overall","overall"
"15","cdm_gold_202512","cohort_name","a_2023","ethnicity","white","vaccinated",NA,"percentage","percentage","63.5579337739185","overall","overall"
"15","cdm_gold_202512","cohort_name","s_2025","ethnicity","white","vaccinated",NA,"percentage","percentage","54.3723030607125","overall","overall"
"15","cdm_gold_202512","cohort_name","s_2024","ethnicity","white","vaccinated",NA,"percentage","percentage","58.3146220317072","overall","overall"
"15","cdm_gold_202512","cohort_name","a_2024","ethnicity","white","vaccinated",NA,"percentage","percentage","58.648757715554","overall","overall"
"15","cdm_gold_202512","cohort_name","a_2024","prior_dose","10","number records",NA,"count","integer","203","overall","overall"
"15","cdm_gold_202512","cohort_name","s_2025","prior_dose","10","number records",NA,"count","integer","2781","overall","overall"
"15","cdm_gold_202512","cohort_name","s_2025","prior_dose","11","number records",NA,"count","integer","12","overall","overall"
"15","cdm_gold_202512","cohort_name","a_2024","prior_dose","11","number records",NA,"count","integer","-","overall","overall"
"15","cdm_gold_202512","cohort_name","a_2024","prior_dose","2","number records",NA,"count","integer","10923","overall","overall"
"15","cdm_gold_202512","cohort_name","s_2024","prior_dose","2","number records",NA,"count","integer","4487","overall","overall"
"15","cdm_gold_202512","cohort_name","a_2023","prior_dose","2","number records",NA,"count","integer","11771","overall","overall"
"15","cdm_gold_202512","cohort_name","s_2025","prior_dose","2","number records",NA,"count","integer","3653","overall","overall"
"15","cdm_gold_202512","cohort_name","s_2025","prior_dose","3","number records",NA,"count","integer","11547","overall","overall"
"15","cdm_gold_202512","cohort_name","a_2024","prior_dose","3","number records",NA,"count","integer","38552","overall","overall"
"15","cdm_gold_202512","cohort_name","a_2023","prior_dose","3","number records",NA,"count","integer","43862","overall","overall"
"15","cdm_gold_202512","cohort_name","s_2024","prior_dose","3","number records",NA,"count","integer","14113","overall","overall"
"15","cdm_gold_202512","cohort_name","a_2024","prior_dose","4","number records",NA,"count","integer","56083","overall","overall"
"15","cdm_gold_202512","cohort_name","s_2024","prior_dose","4","number records",NA,"count","integer","17659","overall","overall"
"15","cdm_gold_202512","cohort_name","a_2023","prior_dose","4","number records",NA,"count","integer","199388","overall","overall"
"15","cdm_gold_202512","cohort_name","s_2025","prior_dose","4","number records",NA,"count","integer","12978","overall","overall"
"15","cdm_gold_202512","cohort_name","s_2024","prior_dose","5","number records",NA,"count","integer","47765","overall","overall"
"15","cdm_gold_202512","cohort_name","s_2025","prior_dose","5","number records",NA,"count","integer","16695","overall","overall"
"15","cdm_gold_202512","cohort_name","a_2023","prior_dose","5","number records",NA,"count","integer","99735","overall","overall"
"15","cdm_gold_202512","cohort_name","a_2024","prior_dose","5","number records",NA,"count","integer","177103","overall","overall"
"15","cdm_gold_202512","cohort_name","a_2023","prior_dose","6","number records",NA,"count","integer","135738","overall","overall"
"15","cdm_gold_202512","cohort_name","s_2025","prior_dose","6","number records",NA,"count","integer","31757","overall","overall"
"15","cdm_gold_202512","cohort_name","a_2024","prior_dose","6","number records",NA,"count","integer","41124","overall","overall"
"15","cdm_gold_202512","cohort_name","s_2024","prior_dose","6","number records",NA,"count","integer","48550","overall","overall"
"15","cdm_gold_202512","cohort_name","a_2023","prior_dose","7","number records",NA,"count","integer","23985","overall","overall"
"15","cdm_gold_202512","cohort_name","a_2024","prior_dose","7","number records",NA,"count","integer","49531","overall","overall"
"15","cdm_gold_202512","cohort_name","s_2025","prior_dose","7","number records",NA,"count","integer","28421","overall","overall"
"15","cdm_gold_202512","cohort_name","s_2024","prior_dose","7","number records",NA,"count","integer","122318","overall","overall"
"15","cdm_gold_202512","cohort_name","a_2024","prior_dose","8","number records",NA,"count","integer","100884","overall","overall"
"15","cdm_gold_202512","cohort_name","a_2023","prior_dose","8","number records",NA,"count","integer","1257","overall","overall"
"15","cdm_gold_202512","cohort_name","s_2024","prior_dose","8","number records",NA,"count","integer","10917","overall","overall"
"15","cdm_gold_202512","cohort_name","s_2025","prior_dose","8","number records",NA,"count","integer","36627","overall","overall"
"15","cdm_gold_202512","cohort_name","s_2024","prior_dose","9","number records",NA,"count","integer","360","overall","overall"
"15","cdm_gold_202512","cohort_name","s_2025","prior_dose","9","number records",NA,"count","integer","81536","overall","overall"
"15","cdm_gold_202512","cohort_name","a_2024","prior_dose","9","number records",NA,"count","integer","10307","overall","overall"
"15","cdm_gold_202512","cohort_name","a_2023","prior_dose","9","number records",NA,"count","integer","11","overall","overall"
"15","cdm_gold_202512","cohort_name","a_2024","prior_dose","10","number subjects",NA,"count","integer","203","overall","overall"
"15","cdm_gold_202512","cohort_name","s_2025","prior_dose","10","number subjects",NA,"count","integer","2781","overall","overall"
"15","cdm_gold_202512","cohort_name","a_2024","prior_dose","11","number subjects",NA,"count","integer","-","overall","overall"
"15","cdm_gold_202512","cohort_name","s_2025","prior_dose","11","number subjects",NA,"count","integer","12","overall","overall"
"15","cdm_gold_202512","cohort_name","a_2023","prior_dose","2","number subjects",NA,"count","integer","11771","overall","overall"
"15","cdm_gold_202512","cohort_name","a_2024","prior_dose","2","number subjects",NA,"count","integer","10923","overall","overall"
"15","cdm_gold_202512","cohort_name","s_2024","prior_dose","2","number subjects",NA,"count","integer","4487","overall","overall"
"15","cdm_gold_202512","cohort_name","s_2025","prior_dose","2","number subjects",NA,"count","integer","3653","overall","overall"
"15","cdm_gold_202512","cohort_name","a_2023","prior_dose","3","number subjects",NA,"count","integer","43862","overall","overall"
"15","cdm_gold_202512","cohort_name","a_2024","prior_dose","3","number subjects",NA,"count","integer","38552","overall","overall"
"15","cdm_gold_202512","cohort_name","s_2024","prior_dose","3","number subjects",NA,"count","integer","14113","overall","overall"
"15","cdm_gold_202512","cohort_name","s_2025","prior_dose","3","number subjects",NA,"count","integer","11547","overall","overall"
"15","cdm_gold_202512","cohort_name","a_2023","prior_dose","4","number subjects",NA,"count","integer","199388","overall","overall"
"15","cdm_gold_202512","cohort_name","a_2024","prior_dose","4","number subjects",NA,"count","integer","56083","overall","overall"
"15","cdm_gold_202512","cohort_name","s_2024","prior_dose","4","number subjects",NA,"count","integer","17659","overall","overall"
"15","cdm_gold_202512","cohort_name","s_2025","prior_dose","4","number subjects",NA,"count","integer","12978","overall","overall"
"15","cdm_gold_202512","cohort_name","a_2023","prior_dose","5","number subjects",NA,"count","integer","99735","overall","overall"
"15","cdm_gold_202512","cohort_name","a_2024","prior_dose","5","number subjects",NA,"count","integer","177103","overall","overall"
"15","cdm_gold_202512","cohort_name","s_2024","prior_dose","5","number subjects",NA,"count","integer","47765","overall","overall"
"15","cdm_gold_202512","cohort_name","s_2025","prior_dose","5","number subjects",NA,"count","integer","16695","overall","overall"
"15","cdm_gold_202512","cohort_name","a_2023","prior_dose","6","number subjects",NA,"count","integer","135738","overall","overall"
"15","cdm_gold_202512","cohort_name","a_2024","prior_dose","6","number subjects",NA,"count","integer","41124","overall","overall"
"15","cdm_gold_202512","cohort_name","s_2024","prior_dose","6","number subjects",NA,"count","integer","48550","overall","overall"
"15","cdm_gold_202512","cohort_name","s_2025","prior_dose","6","number subjects",NA,"count","integer","31757","overall","overall"
"15","cdm_gold_202512","cohort_name","a_2023","prior_dose","7","number subjects",NA,"count","integer","23985","overall","overall"
"15","cdm_gold_202512","cohort_name","a_2024","prior_dose","7","number subjects",NA,"count","integer","49531","overall","overall"
"15","cdm_gold_202512","cohort_name","s_2024","prior_dose","7","number subjects",NA,"count","integer","122318","overall","overall"
"15","cdm_gold_202512","cohort_name","s_2025","prior_dose","7","number subjects",NA,"count","integer","28421","overall","overall"
"15","cdm_gold_202512","cohort_name","a_2023","prior_dose","8","number subjects",NA,"count","integer","1257","overall","overall"
"15","cdm_gold_202512","cohort_name","a_2024","prior_dose","8","number subjects",NA,"count","integer","100884","overall","overall"
"15","cdm_gold_202512","cohort_name","s_2024","prior_dose","8","number subjects",NA,"count","integer","10917","overall","overall"
"15","cdm_gold_202512","cohort_name","s_2025","prior_dose","8","number subjects",NA,"count","integer","36627","overall","overall"
"15","cdm_gold_202512","cohort_name","a_2023","prior_dose","9","number subjects",NA,"count","integer","11","overall","overall"
"15","cdm_gold_202512","cohort_name","a_2024","prior_dose","9","number subjects",NA,"count","integer","10307","overall","overall"
"15","cdm_gold_202512","cohort_name","s_2024","prior_dose","9","number subjects",NA,"count","integer","360","overall","overall"
"15","cdm_gold_202512","cohort_name","s_2025","prior_dose","9","number subjects",NA,"count","integer","81536","overall","overall"
"15","cdm_gold_202512","cohort_name","a_2024","prior_dose","10","vaccinated",NA,"count","integer","10","overall","overall"
"15","cdm_gold_202512","cohort_name","s_2025","prior_dose","10","vaccinated",NA,"count","integer","2145","overall","overall"
"15","cdm_gold_202512","cohort_name","s_2025","prior_dose","11","vaccinated",NA,"count","integer","8","overall","overall"
"15","cdm_gold_202512","cohort_name","a_2024","prior_dose","11","vaccinated",NA,"count","integer","0","overall","overall"
"15","cdm_gold_202512","cohort_name","a_2024","prior_dose","2","vaccinated",NA,"count","integer","425","overall","overall"
"15","cdm_gold_202512","cohort_name","s_2024","prior_dose","2","vaccinated",NA,"count","integer","137","overall","overall"
"15","cdm_gold_202512","cohort_name","a_2023","prior_dose","2","vaccinated",NA,"count","integer","713","overall","overall"
"15","cdm_gold_202512","cohort_name","s_2025","prior_dose","2","vaccinated",NA,"count","integer","73","overall","overall"
"15","cdm_gold_202512","cohort_name","s_2025","prior_dose","3","vaccinated",NA,"count","integer","197","overall","overall"
"15","cdm_gold_202512","cohort_name","a_2024","prior_dose","3","vaccinated",NA,"count","integer","1844","overall","overall"
"15","cdm_gold_202512","cohort_name","a_2023","prior_dose","3","vaccinated",NA,"count","integer","5740","overall","overall"
"15","cdm_gold_202512","cohort_name","s_2024","prior_dose","3","vaccinated",NA,"count","integer","523","overall","overall"
"15","cdm_gold_202512","cohort_name","a_2024","prior_dose","4","vaccinated",NA,"count","integer","12582","overall","overall"
"15","cdm_gold_202512","cohort_name","s_2024","prior_dose","4","vaccinated",NA,"count","integer","1911","overall","overall"
"15","cdm_gold_202512","cohort_name","a_2023","prior_dose","4","vaccinated",NA,"count","integer","149593","overall","overall"
"15","cdm_gold_202512","cohort_name","s_2025","prior_dose","4","vaccinated",NA,"count","integer","492","overall","overall"
"15","cdm_gold_202512","cohort_name","s_2024","prior_dose","5","vaccinated",NA,"count","integer","18675","overall","overall"
"15","cdm_gold_202512","cohort_name","s_2025","prior_dose","5","vaccinated",NA,"count","integer","1533","overall","overall"
"15","cdm_gold_202512","cohort_name","a_2023","prior_dose","5","vaccinated",NA,"count","integer","43802","overall","overall"
"15","cdm_gold_202512","cohort_name","a_2024","prior_dose","5","vaccinated",NA,"count","integer","128329","overall","overall"
"15","cdm_gold_202512","cohort_name","a_2023","prior_dose","6","vaccinated",NA,"count","integer","117843","overall","overall"
"15","cdm_gold_202512","cohort_name","s_2025","prior_dose","6","vaccinated",NA,"count","integer","12005","overall","overall"
"15","cdm_gold_202512","cohort_name","a_2024","prior_dose","6","vaccinated",NA,"count","integer","24450","overall","overall"
"15","cdm_gold_202512","cohort_name","s_2024","prior_dose","6","vaccinated",NA,"count","integer","30910","overall","overall"
"15","cdm_gold_202512","cohort_name","a_2023","prior_dose","7","vaccinated",NA,"count","integer","4942","overall","overall"
"15","cdm_gold_202512","cohort_name","a_2024","prior_dose","7","vaccinated",NA,"count","integer","34364","overall","overall"
"15","cdm_gold_202512","cohort_name","s_2025","prior_dose","7","vaccinated",NA,"count","integer","14574","overall","overall"
"15","cdm_gold_202512","cohort_name","s_2024","prior_dose","7","vaccinated",NA,"count","integer","100074","overall","overall"
"15","cdm_gold_202512","cohort_name","a_2024","prior_dose","8","vaccinated",NA,"count","integer","86287","overall","overall"
"15","cdm_gold_202512","cohort_name","a_2023","prior_dose","8","vaccinated",NA,"count","integer","12","overall","overall"
"15","cdm_gold_202512","cohort_name","s_2024","prior_dose","8","vaccinated",NA,"count","integer","3432","overall","overall"
"15","cdm_gold_202512","cohort_name","s_2025","prior_dose","8","vaccinated",NA,"count","integer","23909","overall","overall"
"15","cdm_gold_202512","cohort_name","s_2024","prior_dose","9","vaccinated",NA,"count","integer","14","overall","overall"
"15","cdm_gold_202512","cohort_name","s_2025","prior_dose","9","vaccinated",NA,"count","integer","68296","overall","overall"
"15","cdm_gold_202512","cohort_name","a_2024","prior_dose","9","vaccinated",NA,"count","integer","3546","overall","overall"
"15","cdm_gold_202512","cohort_name","a_2023","prior_dose","9","vaccinated",NA,"count","integer","0","overall","overall"
"15","cdm_gold_202512","cohort_name","a_2024","prior_dose","10","vaccinated",NA,"percentage","percentage","4.92610837438424","overall","overall"
"15","cdm_gold_202512","cohort_name","s_2025","prior_dose","10","vaccinated",NA,"percentage","percentage","77.1305285868393","overall","overall"
"15","cdm_gold_202512","cohort_name","s_2025","prior_dose","11","vaccinated",NA,"percentage","percentage","66.6666666666667","overall","overall"
"15","cdm_gold_202512","cohort_name","a_2024","prior_dose","11","vaccinated",NA,"percentage","percentage","-","overall","overall"
"15","cdm_gold_202512","cohort_name","a_2024","prior_dose","2","vaccinated",NA,"percentage","percentage","3.89087247093289","overall","overall"
"15","cdm_gold_202512","cohort_name","s_2024","prior_dose","2","vaccinated",NA,"percentage","percentage","3.05326498774237","overall","overall"
"15","cdm_gold_202512","cohort_name","a_2023","prior_dose","2","vaccinated",NA,"percentage","percentage","6.05725936623906","overall","overall"
"15","cdm_gold_202512","cohort_name","s_2025","prior_dose","2","vaccinated",NA,"percentage","percentage","1.99835751437175","overall","overall"
"15","cdm_gold_202512","cohort_name","s_2025","prior_dose","3","vaccinated",NA,"percentage","percentage","1.70607084091106","overall","overall"
"15","cdm_gold_202512","cohort_name","a_2024","prior_dose","3","vaccinated",NA,"percentage","percentage","4.78315003112679","overall","overall"
"15","cdm_gold_202512","cohort_name","a_2023","prior_dose","3","vaccinated",NA,"percentage","percentage","13.086498563677","overall","overall"
"15","cdm_gold_202512","cohort_name","s_2024","prior_dose","3","vaccinated",NA,"percentage","percentage","3.7058031602069","overall","overall"
"15","cdm_gold_202512","cohort_name","a_2024","prior_dose","4","vaccinated",NA,"percentage","percentage","22.4346058520407","overall","overall"
"15","cdm_gold_202512","cohort_name","s_2024","prior_dose","4","vaccinated",NA,"percentage","percentage","10.8216773316722","overall","overall"
"15","cdm_gold_202512","cohort_name","a_2023","prior_dose","4","vaccinated",NA,"percentage","percentage","75.0260798042009","overall","overall"
"15","cdm_gold_202512","cohort_name","s_2025","prior_dose","4","vaccinated",NA,"percentage","percentage","3.79103097549699","overall","overall"
"15","cdm_gold_202512","cohort_name","s_2024","prior_dose","5","vaccinated",NA,"percentage","percentage","39.0976656547681","overall","overall"
"15","cdm_gold_202512","cohort_name","s_2025","prior_dose","5","vaccinated",NA,"percentage","percentage","9.18238993710692","overall","overall"
"15","cdm_gold_202512","cohort_name","a_2023","prior_dose","5","vaccinated",NA,"percentage","percentage","43.9183837168497","overall","overall"
"15","cdm_gold_202512","cohort_name","a_2024","prior_dose","5","vaccinated",NA,"percentage","percentage","72.4600938436955","overall","overall"
"15","cdm_gold_202512","cohort_name","a_2023","prior_dose","6","vaccinated",NA,"percentage","percentage","86.8165141669982","overall","overall"
"15","cdm_gold_202512","cohort_name","s_2025","prior_dose","6","vaccinated",NA,"percentage","percentage","37.8026891708915","overall","overall"
"15","cdm_gold_202512","cohort_name","a_2024","prior_dose","6","vaccinated",NA,"percentage","percentage","59.4543332360665","overall","overall"
"15","cdm_gold_202512","cohort_name","s_2024","prior_dose","6","vaccinated",NA,"percentage","percentage","63.6663233779609","overall","overall"
"15","cdm_gold_202512","cohort_name","a_2023","prior_dose","7","vaccinated",NA,"percentage","percentage","20.6045445069835","overall","overall"
"15","cdm_gold_202512","cohort_name","a_2024","prior_dose","7","vaccinated",NA,"percentage","percentage","69.3787728897054","overall","overall"
"15","cdm_gold_202512","cohort_name","s_2025","prior_dose","7","vaccinated",NA,"percentage","percentage","51.2789838499701","overall","overall"
"15","cdm_gold_202512","cohort_name","s_2024","prior_dose","7","vaccinated",NA,"percentage","percentage","81.8146143658333","overall","overall"
"15","cdm_gold_202512","cohort_name","a_2024","prior_dose","8","vaccinated",NA,"percentage","percentage","85.5309067840292","overall","overall"
"15","cdm_gold_202512","cohort_name","a_2023","prior_dose","8","vaccinated",NA,"percentage","percentage","0.954653937947494","overall","overall"
"15","cdm_gold_202512","cohort_name","s_2024","prior_dose","8","vaccinated",NA,"percentage","percentage","31.4372080241825","overall","overall"
"15","cdm_gold_202512","cohort_name","s_2025","prior_dose","8","vaccinated",NA,"percentage","percentage","65.2769814617632","overall","overall"
"15","cdm_gold_202512","cohort_name","s_2024","prior_dose","9","vaccinated",NA,"percentage","percentage","3.88888888888889","overall","overall"
"15","cdm_gold_202512","cohort_name","s_2025","prior_dose","9","vaccinated",NA,"percentage","percentage","83.7617739403454","overall","overall"
"15","cdm_gold_202512","cohort_name","a_2024","prior_dose","9","vaccinated",NA,"percentage","percentage","34.4038032405162","overall","overall"
"15","cdm_gold_202512","cohort_name","a_2023","prior_dose","9","vaccinated",NA,"percentage","percentage","0","overall","overall"
"15","cdm_gold_202512","cohort_name","a_2024","immunosuppressed","0","number records",NA,"count","integer","459164","overall","overall"
"15","cdm_gold_202512","cohort_name","s_2024","immunosuppressed","0","number records",NA,"count","integer","239540","overall","overall"
"15","cdm_gold_202512","cohort_name","s_2025","immunosuppressed","0","number records",NA,"count","integer","203680","overall","overall"
"15","cdm_gold_202512","cohort_name","a_2023","immunosuppressed","0","number records",NA,"count","integer","488539","overall","overall"
"15","cdm_gold_202512","cohort_name","a_2024","immunosuppressed","1","number records",NA,"count","integer","25549","overall","overall"
"15","cdm_gold_202512","cohort_name","s_2024","immunosuppressed","1","number records",NA,"count","integer","26629","overall","overall"
"15","cdm_gold_202512","cohort_name","a_2023","immunosuppressed","1","number records",NA,"count","integer","27208","overall","overall"
"15","cdm_gold_202512","cohort_name","s_2025","immunosuppressed","1","number records",NA,"count","integer","22327","overall","overall"
"15","cdm_gold_202512","cohort_name","a_2023","immunosuppressed","0","number subjects",NA,"count","integer","488517","overall","overall"
"15","cdm_gold_202512","cohort_name","a_2024","immunosuppressed","0","number subjects",NA,"count","integer","459147","overall","overall"
"15","cdm_gold_202512","cohort_name","s_2024","immunosuppressed","0","number subjects",NA,"count","integer","239540","overall","overall"
"15","cdm_gold_202512","cohort_name","s_2025","immunosuppressed","0","number subjects",NA,"count","integer","203680","overall","overall"
"15","cdm_gold_202512","cohort_name","a_2023","immunosuppressed","1","number subjects",NA,"count","integer","27203","overall","overall"
"15","cdm_gold_202512","cohort_name","a_2024","immunosuppressed","1","number subjects",NA,"count","integer","25547","overall","overall"
"15","cdm_gold_202512","cohort_name","s_2024","immunosuppressed","1","number subjects",NA,"count","integer","26629","overall","overall"
"15","cdm_gold_202512","cohort_name","s_2025","immunosuppressed","1","number subjects",NA,"count","integer","22327","overall","overall"
"15","cdm_gold_202512","cohort_name","a_2024","immunosuppressed","0","vaccinated",NA,"count","integer","279051","overall","overall"
"15","cdm_gold_202512","cohort_name","s_2024","immunosuppressed","0","vaccinated",NA,"count","integer","145026","overall","overall"
"15","cdm_gold_202512","cohort_name","s_2025","immunosuppressed","0","vaccinated",NA,"count","integer","115227","overall","overall"
"15","cdm_gold_202512","cohort_name","a_2023","immunosuppressed","0","vaccinated",NA,"count","integer","307762","overall","overall"
"15","cdm_gold_202512","cohort_name","a_2024","immunosuppressed","1","vaccinated",NA,"count","integer","12786","overall","overall"
"15","cdm_gold_202512","cohort_name","s_2024","immunosuppressed","1","vaccinated",NA,"count","integer","10650","overall","overall"
"15","cdm_gold_202512","cohort_name","a_2023","immunosuppressed","1","vaccinated",NA,"count","integer","14883","overall","overall"
"15","cdm_gold_202512","cohort_name","s_2025","immunosuppressed","1","vaccinated",NA,"count","integer","8005","overall","overall"
"15","cdm_gold_202512","cohort_name","a_2024","immunosuppressed","0","vaccinated",NA,"percentage","percentage","60.7737104825291","overall","overall"
"15","cdm_gold_202512","cohort_name","s_2024","immunosuppressed","0","vaccinated",NA,"percentage","percentage","60.5435417884278","overall","overall"
"15","cdm_gold_202512","cohort_name","s_2025","immunosuppressed","0","vaccinated",NA,"percentage","percentage","56.5725648075412","overall","overall"
"15","cdm_gold_202512","cohort_name","a_2023","immunosuppressed","0","vaccinated",NA,"percentage","percentage","62.9964035624587","overall","overall"
"15","cdm_gold_202512","cohort_name","a_2024","immunosuppressed","1","vaccinated",NA,"percentage","percentage","50.0450115464402","overall","overall"
"15","cdm_gold_202512","cohort_name","s_2024","immunosuppressed","1","vaccinated",NA,"percentage","percentage","39.9939915130121","overall","overall"
"15","cdm_gold_202512","cohort_name","a_2023","immunosuppressed","1","vaccinated",NA,"percentage","percentage","54.7008232872684","overall","overall"
"15","cdm_gold_202512","cohort_name","s_2025","immunosuppressed","1","vaccinated",NA,"percentage","percentage","35.8534509786357","overall","overall"
"15","cdm_gold_202512","cohort_name","a_2024","age_group","35-44","number records",NA,"count","integer","1545","overall","overall"
"15","cdm_gold_202512","cohort_name","s_2024","age_group","35-44","number records",NA,"count","integer","1553","overall","overall"
"15","cdm_gold_202512","cohort_name","a_2023","age_group","35-44","number records",NA,"count","integer","1670","overall","overall"
"15","cdm_gold_202512","cohort_name","s_2025","age_group","35-44","number records",NA,"count","integer","1302","overall","overall"
"15","cdm_gold_202512","cohort_name","s_2025","age_group","45-54","number records",NA,"count","integer","2393","overall","overall"
"15","cdm_gold_202512","cohort_name","a_2023","age_group","45-54","number records",NA,"count","integer","3209","overall","overall"
"15","cdm_gold_202512","cohort_name","a_2024","age_group","45-54","number records",NA,"count","integer","2907","overall","overall"
"15","cdm_gold_202512","cohort_name","s_2024","age_group","45-54","number records",NA,"count","integer","2988","overall","overall"
"15","cdm_gold_202512","cohort_name","s_2024","age_group","55-64","number records",NA,"count","integer","5911","overall","overall"
"15","cdm_gold_202512","cohort_name","a_2023","age_group","55-64","number records",NA,"count","integer","6151","overall","overall"
"15","cdm_gold_202512","cohort_name","s_2025","age_group","55-64","number records",NA,"count","integer","4999","overall","overall"
"15","cdm_gold_202512","cohort_name","a_2024","age_group","55-64","number records",NA,"count","integer","5802","overall","overall"
"15","cdm_gold_202512","cohort_name","s_2024","age_group","65-74","number records",NA,"count","integer","7040","overall","overall"
"15","cdm_gold_202512","cohort_name","s_2025","age_group","65-74","number records",NA,"count","integer","6066","overall","overall"
"15","cdm_gold_202512","cohort_name","a_2023","age_group","65-74","number records",NA,"count","integer","263253","overall","overall"
"15","cdm_gold_202512","cohort_name","a_2024","age_group","65-74","number records",NA,"count","integer","245695","overall","overall"
"15","cdm_gold_202512","cohort_name","a_2024","age_group","75-84","number records",NA,"count","integer","170111","overall","overall"
"15","cdm_gold_202512","cohort_name","s_2025","age_group","75-84","number records",NA,"count","integer","155029","overall","overall"
"15","cdm_gold_202512","cohort_name","a_2023","age_group","75-84","number records",NA,"count","integer","178854","overall","overall"
"15","cdm_gold_202512","cohort_name","s_2024","age_group","75-84","number records",NA,"count","integer","182747","overall","overall"
"15","cdm_gold_202512","cohort_name","a_2024","age_group","85-94","number records",NA,"count","integer","53659","overall","overall"
"15","cdm_gold_202512","cohort_name","s_2025","age_group","85-94","number records",NA,"count","integer","51113","overall","overall"
"15","cdm_gold_202512","cohort_name","s_2024","age_group","85-94","number records",NA,"count","integer","59988","overall","overall"
"15","cdm_gold_202512","cohort_name","a_2023","age_group","85-94","number records",NA,"count","integer","57129","overall","overall"
"15","cdm_gold_202512","cohort_name","a_2024","age_group","<=34","number records",NA,"count","integer","1074","overall","overall"
"15","cdm_gold_202512","cohort_name","s_2024","age_group","<=34","number records",NA,"count","integer","1113","overall","overall"
"15","cdm_gold_202512","cohort_name","s_2025","age_group","<=34","number records",NA,"count","integer","887","overall","overall"
"15","cdm_gold_202512","cohort_name","a_2023","age_group","<=34","number records",NA,"count","integer","1245","overall","overall"
"15","cdm_gold_202512","cohort_name","s_2025","age_group",">=95","number records",NA,"count","integer","4218","overall","overall"
"15","cdm_gold_202512","cohort_name","a_2024","age_group",">=95","number records",NA,"count","integer","3920","overall","overall"
"15","cdm_gold_202512","cohort_name","a_2023","age_group",">=95","number records",NA,"count","integer","4236","overall","overall"
"15","cdm_gold_202512","cohort_name","s_2024","age_group",">=95","number records",NA,"count","integer","4829","overall","overall"
"15","cdm_gold_202512","cohort_name","a_2023","age_group","35-44","number subjects",NA,"count","integer","1670","overall","overall"
"15","cdm_gold_202512","cohort_name","a_2024","age_group","35-44","number subjects",NA,"count","integer","1545","overall","overall"
"15","cdm_gold_202512","cohort_name","s_2024","age_group","35-44","number subjects",NA,"count","integer","1553","overall","overall"
"15","cdm_gold_202512","cohort_name","s_2025","age_group","35-44","number subjects",NA,"count","integer","1302","overall","overall"
"15","cdm_gold_202512","cohort_name","a_2023","age_group","45-54","number subjects",NA,"count","integer","3208","overall","overall"
"15","cdm_gold_202512","cohort_name","a_2024","age_group","45-54","number subjects",NA,"count","integer","2907","overall","overall"
"15","cdm_gold_202512","cohort_name","s_2024","age_group","45-54","number subjects",NA,"count","integer","2988","overall","overall"
"15","cdm_gold_202512","cohort_name","s_2025","age_group","45-54","number subjects",NA,"count","integer","2393","overall","overall"
"15","cdm_gold_202512","cohort_name","a_2023","age_group","55-64","number subjects",NA,"count","integer","6149","overall","overall"
"15","cdm_gold_202512","cohort_name","a_2024","age_group","55-64","number subjects",NA,"count","integer","5802","overall","overall"
"15","cdm_gold_202512","cohort_name","s_2024","age_group","55-64","number subjects",NA,"count","integer","5911","overall","overall"
"15","cdm_gold_202512","cohort_name","s_2025","age_group","55-64","number subjects",NA,"count","integer","4999","overall","overall"
"15","cdm_gold_202512","cohort_name","a_2023","age_group","65-74","number subjects",NA,"count","integer","263249","overall","overall"
"15","cdm_gold_202512","cohort_name","a_2024","age_group","65-74","number subjects",NA,"count","integer","245689","overall","overall"
"15","cdm_gold_202512","cohort_name","s_2024","age_group","65-74","number subjects",NA,"count","integer","7040","overall","overall"
"15","cdm_gold_202512","cohort_name","s_2025","age_group","65-74","number subjects",NA,"count","integer","6066","overall","overall"
"15","cdm_gold_202512","cohort_name","a_2023","age_group","75-84","number subjects",NA,"count","integer","178841","overall","overall"
"15","cdm_gold_202512","cohort_name","a_2024","age_group","75-84","number subjects",NA,"count","integer","170103","overall","overall"
"15","cdm_gold_202512","cohort_name","s_2024","age_group","75-84","number subjects",NA,"count","integer","182747","overall","overall"
"15","cdm_gold_202512","cohort_name","s_2025","age_group","75-84","number subjects",NA,"count","integer","155029","overall","overall"
"15","cdm_gold_202512","cohort_name","a_2023","age_group","85-94","number subjects",NA,"count","integer","57123","overall","overall"
"15","cdm_gold_202512","cohort_name","a_2024","age_group","85-94","number subjects",NA,"count","integer","53655","overall","overall"
"15","cdm_gold_202512","cohort_name","s_2024","age_group","85-94","number subjects",NA,"count","integer","59988","overall","overall"
"15","cdm_gold_202512","cohort_name","s_2025","age_group","85-94","number subjects",NA,"count","integer","51113","overall","overall"
"15","cdm_gold_202512","cohort_name","a_2023","age_group","<=34","number subjects",NA,"count","integer","1245","overall","overall"
"15","cdm_gold_202512","cohort_name","a_2024","age_group","<=34","number subjects",NA,"count","integer","1073","overall","overall"
"15","cdm_gold_202512","cohort_name","s_2024","age_group","<=34","number subjects",NA,"count","integer","1113","overall","overall"
"15","cdm_gold_202512","cohort_name","s_2025","age_group","<=34","number subjects",NA,"count","integer","887","overall","overall"
"15","cdm_gold_202512","cohort_name","a_2023","age_group",">=95","number subjects",NA,"count","integer","4235","overall","overall"
"15","cdm_gold_202512","cohort_name","a_2024","age_group",">=95","number subjects",NA,"count","integer","3920","overall","overall"
"15","cdm_gold_202512","cohort_name","s_2024","age_group",">=95","number subjects",NA,"count","integer","4829","overall","overall"
"15","cdm_gold_202512","cohort_name","s_2025","age_group",">=95","number subjects",NA,"count","integer","4218","overall","overall"
"15","cdm_gold_202512","cohort_name","a_2024","age_group","35-44","vaccinated",NA,"count","integer","396","overall","overall"
"15","cdm_gold_202512","cohort_name","s_2024","age_group","35-44","vaccinated",NA,"count","integer","318","overall","overall"
"15","cdm_gold_202512","cohort_name","a_2023","age_group","35-44","vaccinated",NA,"count","integer","580","overall","overall"
"15","cdm_gold_202512","cohort_name","s_2025","age_group","35-44","vaccinated",NA,"count","integer","236","overall","overall"
"15","cdm_gold_202512","cohort_name","s_2025","age_group","45-54","vaccinated",NA,"count","integer","513","overall","overall"
"15","cdm_gold_202512","cohort_name","a_2023","age_group","45-54","vaccinated",NA,"count","integer","1349","overall","overall"
"15","cdm_gold_202512","cohort_name","a_2024","age_group","45-54","vaccinated",NA,"count","integer","981","overall","overall"
"15","cdm_gold_202512","cohort_name","s_2024","age_group","45-54","vaccinated",NA,"count","integer","790","overall","overall"
"15","cdm_gold_202512","cohort_name","s_2024","age_group","55-64","vaccinated",NA,"count","integer","1875","overall","overall"
"15","cdm_gold_202512","cohort_name","a_2023","age_group","55-64","vaccinated",NA,"count","integer","3003","overall","overall"
"15","cdm_gold_202512","cohort_name","s_2025","age_group","55-64","vaccinated",NA,"count","integer","1318","overall","overall"
"15","cdm_gold_202512","cohort_name","a_2024","age_group","55-64","vaccinated",NA,"count","integer","2419","overall","overall"
"15","cdm_gold_202512","cohort_name","s_2024","age_group","65-74","vaccinated",NA,"count","integer","2701","overall","overall"
"15","cdm_gold_202512","cohort_name","s_2025","age_group","65-74","vaccinated",NA,"count","integer","2090","overall","overall"
"15","cdm_gold_202512","cohort_name","a_2023","age_group","65-74","vaccinated",NA,"count","integer","151768","overall","overall"
"15","cdm_gold_202512","cohort_name","a_2024","age_group","65-74","vaccinated",NA,"count","integer","142132","overall","overall"
"15","cdm_gold_202512","cohort_name","a_2024","age_group","75-84","vaccinated",NA,"count","integer","109340","overall","overall"
"15","cdm_gold_202512","cohort_name","s_2025","age_group","75-84","vaccinated",NA,"count","integer","85977","overall","overall"
"15","cdm_gold_202512","cohort_name","a_2023","age_group","75-84","vaccinated",NA,"count","integer","126616","overall","overall"
"15","cdm_gold_202512","cohort_name","s_2024","age_group","75-84","vaccinated",NA,"count","integer","110390","overall","overall"
"15","cdm_gold_202512","cohort_name","a_2024","age_group","85-94","vaccinated",NA,"count","integer","33976","overall","overall"
"15","cdm_gold_202512","cohort_name","s_2025","age_group","85-94","vaccinated",NA,"count","integer","30473","overall","overall"
"15","cdm_gold_202512","cohort_name","s_2024","age_group","85-94","vaccinated",NA,"count","integer","36791","overall","overall"
"15","cdm_gold_202512","cohort_name","a_2023","age_group","85-94","vaccinated",NA,"count","integer","36508","overall","overall"
"15","cdm_gold_202512","cohort_name","a_2024","age_group","<=34","vaccinated",NA,"count","integer","280","overall","overall"
"15","cdm_gold_202512","cohort_name","s_2024","age_group","<=34","vaccinated",NA,"count","integer","228","overall","overall"
"15","cdm_gold_202512","cohort_name","s_2025","age_group","<=34","vaccinated",NA,"count","integer","138","overall","overall"
"15","cdm_gold_202512","cohort_name","a_2023","age_group","<=34","vaccinated",NA,"count","integer","428","overall","overall"
"15","cdm_gold_202512","cohort_name","s_2025","age_group",">=95","vaccinated",NA,"count","integer","2487","overall","overall"
"15","cdm_gold_202512","cohort_name","a_2024","age_group",">=95","vaccinated",NA,"count","integer","2313","overall","overall"
"15","cdm_gold_202512","cohort_name","a_2023","age_group",">=95","vaccinated",NA,"count","integer","2393","overall","overall"
"15","cdm_gold_202512","cohort_name","s_2024","age_group",">=95","vaccinated",NA,"count","integer","2583","overall","overall"
"15","cdm_gold_202512","cohort_name","a_2024","age_group","35-44","vaccinated",NA,"percentage","percentage","25.631067961165","overall","overall"
"15","cdm_gold_202512","cohort_name","s_2024","age_group","35-44","vaccinated",NA,"percentage","percentage","20.4764971023825","overall","overall"
"15","cdm_gold_202512","cohort_name","a_2023","age_group","35-44","vaccinated",NA,"percentage","percentage","34.7305389221557","overall","overall"
"15","cdm_gold_202512","cohort_name","s_2025","age_group","35-44","vaccinated",NA,"percentage","percentage","18.1259600614439","overall","overall"
"15","cdm_gold_202512","cohort_name","s_2025","age_group","45-54","vaccinated",NA,"percentage","percentage","21.4375261178437","overall","overall"
"15","cdm_gold_202512","cohort_name","a_2023","age_group","45-54","vaccinated",NA,"percentage","percentage","42.0380180741664","overall","overall"
"15","cdm_gold_202512","cohort_name","a_2024","age_group","45-54","vaccinated",NA,"percentage","percentage","33.7461300309598","overall","overall"
"15","cdm_gold_202512","cohort_name","s_2024","age_group","45-54","vaccinated",NA,"percentage","percentage","26.4390896921017","overall","overall"
"15","cdm_gold_202512","cohort_name","s_2024","age_group","55-64","vaccinated",NA,"percentage","percentage","31.720521062426","overall","overall"
"15","cdm_gold_202512","cohort_name","a_2023","age_group","55-64","vaccinated",NA,"percentage","percentage","48.8213298650626","overall","overall"
"15","cdm_gold_202512","cohort_name","s_2025","age_group","55-64","vaccinated",NA,"percentage","percentage","26.3652730546109","overall","overall"
"15","cdm_gold_202512","cohort_name","a_2024","age_group","55-64","vaccinated",NA,"percentage","percentage","41.6925198207515","overall","overall"
"15","cdm_gold_202512","cohort_name","s_2024","age_group","65-74","vaccinated",NA,"percentage","percentage","38.3664772727273","overall","overall"
"15","cdm_gold_202512","cohort_name","s_2025","age_group","65-74","vaccinated",NA,"percentage","percentage","34.4543356412793","overall","overall"
"15","cdm_gold_202512","cohort_name","a_2023","age_group","65-74","vaccinated",NA,"percentage","percentage","57.6510049268194","overall","overall"
"15","cdm_gold_202512","cohort_name","a_2024","age_group","65-74","vaccinated",NA,"percentage","percentage","57.8489590752763","overall","overall"
"15","cdm_gold_202512","cohort_name","a_2024","age_group","75-84","vaccinated",NA,"percentage","percentage","64.2756788214754","overall","overall"
"15","cdm_gold_202512","cohort_name","s_2025","age_group","75-84","vaccinated",NA,"percentage","percentage","55.4586561224029","overall","overall"
"15","cdm_gold_202512","cohort_name","a_2023","age_group","75-84","vaccinated",NA,"percentage","percentage","70.792937256086","overall","overall"
"15","cdm_gold_202512","cohort_name","s_2024","age_group","75-84","vaccinated",NA,"percentage","percentage","60.4059163761922","overall","overall"
"15","cdm_gold_202512","cohort_name","a_2024","age_group","85-94","vaccinated",NA,"percentage","percentage","63.3183622505078","overall","overall"
"15","cdm_gold_202512","cohort_name","s_2025","age_group","85-94","vaccinated",NA,"percentage","percentage","59.6188836499521","overall","overall"
"15","cdm_gold_202512","cohort_name","s_2024","age_group","85-94","vaccinated",NA,"percentage","percentage","61.330599453224","overall","overall"
"15","cdm_gold_202512","cohort_name","a_2023","age_group","85-94","vaccinated",NA,"percentage","percentage","63.9044968404838","overall","overall"
"15","cdm_gold_202512","cohort_name","a_2024","age_group","<=34","vaccinated",NA,"percentage","percentage","26.0707635009311","overall","overall"
"15","cdm_gold_202512","cohort_name","s_2024","age_group","<=34","vaccinated",NA,"percentage","percentage","20.4851752021563","overall","overall"
"15","cdm_gold_202512","cohort_name","s_2025","age_group","<=34","vaccinated",NA,"percentage","percentage","15.5580608793687","overall","overall"
"15","cdm_gold_202512","cohort_name","a_2023","age_group","<=34","vaccinated",NA,"percentage","percentage","34.3775100401606","overall","overall"
"15","cdm_gold_202512","cohort_name","s_2025","age_group",">=95","vaccinated",NA,"percentage","percentage","58.9615931721195","overall","overall"
"15","cdm_gold_202512","cohort_name","a_2024","age_group",">=95","vaccinated",NA,"percentage","percentage","59.0051020408163","overall","overall"
"15","cdm_gold_202512","cohort_name","a_2023","age_group",">=95","vaccinated",NA,"percentage","percentage","56.4919735599622","overall","overall"
"15","cdm_gold_202512","cohort_name","s_2024","age_group",">=95","vaccinated",NA,"percentage","percentage","53.4893352661006","overall","overall"
"15","cdm_gold_202512","cohort_name","a_2024","age_eligibility","0","number records",NA,"count","integer","11328","overall","overall"
"15","cdm_gold_202512","cohort_name","s_2024","age_eligibility","0","number records",NA,"count","integer","18605","overall","overall"
"15","cdm_gold_202512","cohort_name","s_2025","age_eligibility","0","number records",NA,"count","integer","15647","overall","overall"
"15","cdm_gold_202512","cohort_name","a_2023","age_eligibility","0","number records",NA,"count","integer","12275","overall","overall"
"15","cdm_gold_202512","cohort_name","a_2024","age_eligibility","1","number records",NA,"count","integer","473385","overall","overall"
"15","cdm_gold_202512","cohort_name","s_2024","age_eligibility","1","number records",NA,"count","integer","247564","overall","overall"
"15","cdm_gold_202512","cohort_name","a_2023","age_eligibility","1","number records",NA,"count","integer","503472","overall","overall"
"15","cdm_gold_202512","cohort_name","s_2025","age_eligibility","1","number records",NA,"count","integer","210360","overall","overall"
"15","cdm_gold_202512","cohort_name","a_2023","age_eligibility","0","number subjects",NA,"count","integer","12272","overall","overall"
"15","cdm_gold_202512","cohort_name","a_2024","age_eligibility","0","number subjects",NA,"count","integer","11327","overall","overall"
"15","cdm_gold_202512","cohort_name","s_2024","age_eligibility","0","number subjects",NA,"count","integer","18605","overall","overall"
"15","cdm_gold_202512","cohort_name","s_2025","age_eligibility","0","number subjects",NA,"count","integer","15647","overall","overall"
"15","cdm_gold_202512","cohort_name","a_2023","age_eligibility","1","number subjects",NA,"count","integer","503448","overall","overall"
"15","cdm_gold_202512","cohort_name","a_2024","age_eligibility","1","number subjects",NA,"count","integer","473367","overall","overall"
"15","cdm_gold_202512","cohort_name","s_2024","age_eligibility","1","number subjects",NA,"count","integer","247564","overall","overall"
"15","cdm_gold_202512","cohort_name","s_2025","age_eligibility","1","number subjects",NA,"count","integer","210360","overall","overall"
"15","cdm_gold_202512","cohort_name","a_2024","age_eligibility","0","vaccinated",NA,"count","integer","4076","overall","overall"
"15","cdm_gold_202512","cohort_name","s_2024","age_eligibility","0","vaccinated",NA,"count","integer","5912","overall","overall"
"15","cdm_gold_202512","cohort_name","s_2025","age_eligibility","0","vaccinated",NA,"count","integer","4295","overall","overall"
"15","cdm_gold_202512","cohort_name","a_2023","age_eligibility","0","vaccinated",NA,"count","integer","5360","overall","overall"
"15","cdm_gold_202512","cohort_name","a_2024","age_eligibility","1","vaccinated",NA,"count","integer","287761","overall","overall"
"15","cdm_gold_202512","cohort_name","s_2024","age_eligibility","1","vaccinated",NA,"count","integer","149764","overall","overall"
"15","cdm_gold_202512","cohort_name","a_2023","age_eligibility","1","vaccinated",NA,"count","integer","317285","overall","overall"
"15","cdm_gold_202512","cohort_name","s_2025","age_eligibility","1","vaccinated",NA,"count","integer","118937","overall","overall"
"15","cdm_gold_202512","cohort_name","a_2024","age_eligibility","0","vaccinated",NA,"percentage","percentage","35.9816384180791","overall","overall"
"15","cdm_gold_202512","cohort_name","s_2024","age_eligibility","0","vaccinated",NA,"percentage","percentage","31.7764041924214","overall","overall"
"15","cdm_gold_202512","cohort_name","s_2025","age_eligibility","0","vaccinated",NA,"percentage","percentage","27.4493513133508","overall","overall"
"15","cdm_gold_202512","cohort_name","a_2023","age_eligibility","0","vaccinated",NA,"percentage","percentage","43.6659877800407","overall","overall"
"15","cdm_gold_202512","cohort_name","a_2024","age_eligibility","1","vaccinated",NA,"percentage","percentage","60.787942161243","overall","overall"
"15","cdm_gold_202512","cohort_name","s_2024","age_eligibility","1","vaccinated",NA,"percentage","percentage","60.4950639026676","overall","overall"
"15","cdm_gold_202512","cohort_name","a_2023","age_eligibility","1","vaccinated",NA,"percentage","percentage","63.0193933326977","overall","overall"
"15","cdm_gold_202512","cohort_name","s_2025","age_eligibility","1","vaccinated",NA,"percentage","percentage","56.5397413957026","overall","overall"
"1",NA,"overall","overall","overall","overall","settings",NA,"result_type","character","summarise_omop_snapshot","overall","overall"
"1",NA,"overall","overall","overall","overall","settings",NA,"package_name","character","OmopSketch","overall","overall"
"1",NA,"overall","overall","overall","overall","settings",NA,"package_version","character","1.0.1","overall","overall"
"1",NA,"overall","overall","overall","overall","settings",NA,"group","character","","overall","overall"
"1",NA,"overall","overall","overall","overall","settings",NA,"strata","character","","overall","overall"
"1",NA,"overall","overall","overall","overall","settings",NA,"additional","character","","overall","overall"
"1",NA,"overall","overall","overall","overall","settings",NA,"min_cell_count","character","5","overall","overall"
"2",NA,"overall","overall","overall","overall","settings",NA,"result_type","character","summarise_observation_period","overall","overall"
"2",NA,"overall","overall","overall","overall","settings",NA,"package_name","character","OmopSketch","overall","overall"
"2",NA,"overall","overall","overall","overall","settings",NA,"package_version","character","1.0.1","overall","overall"
"2",NA,"overall","overall","overall","overall","settings",NA,"group","character","observation_period_ordinal","overall","overall"
"2",NA,"overall","overall","overall","overall","settings",NA,"strata","character","","overall","overall"
"2",NA,"overall","overall","overall","overall","settings",NA,"additional","character","","overall","overall"
"2",NA,"overall","overall","overall","overall","settings",NA,"min_cell_count","character","5","overall","overall"
"3",NA,"overall","overall","overall","overall","settings",NA,"result_type","character","summarise_cohort_attrition","overall","overall"
"3",NA,"overall","overall","overall","overall","settings",NA,"package_name","character","CohortCharacteristics","overall","overall"
"3",NA,"overall","overall","overall","overall","settings",NA,"package_version","character","1.1.1","overall","overall"
"3",NA,"overall","overall","overall","overall","settings",NA,"group","character","cohort_name","overall","overall"
"3",NA,"overall","overall","overall","overall","settings",NA,"strata","character","reason","overall","overall"
"3",NA,"overall","overall","overall","overall","settings",NA,"additional","character","reason_id","overall","overall"
"3",NA,"overall","overall","overall","overall","settings",NA,"min_cell_count","character","5","overall","overall"
"3",NA,"overall","overall","overall","overall","settings",NA,"cdm_version","character","5.4","overall","overall"
"3",NA,"overall","overall","overall","overall","settings",NA,"cohort_definition_id","character","1","overall","overall"
"3",NA,"overall","overall","overall","overall","settings",NA,"table_name","character","Vaccination records of the overall population","overall","overall"
"3",NA,"overall","overall","overall","overall","settings",NA,"vocabulary_version","character","v5.0 27-AUG-25","overall","overall"
"4",NA,"overall","overall","overall","overall","settings",NA,"result_type","character","summarise_cohort_attrition","overall","overall"
"4",NA,"overall","overall","overall","overall","settings",NA,"package_name","character","CohortCharacteristics","overall","overall"
"4",NA,"overall","overall","overall","overall","settings",NA,"package_version","character","1.1.1","overall","overall"
"4",NA,"overall","overall","overall","overall","settings",NA,"group","character","cohort_name","overall","overall"
"4",NA,"overall","overall","overall","overall","settings",NA,"strata","character","reason","overall","overall"
"4",NA,"overall","overall","overall","overall","settings",NA,"additional","character","reason_id","overall","overall"
"4",NA,"overall","overall","overall","overall","settings",NA,"min_cell_count","character","5","overall","overall"
"4",NA,"overall","overall","overall","overall","settings",NA,"cohort_definition_id","character","1","overall","overall"
"4",NA,"overall","overall","overall","overall","settings",NA,"table_name","character","Vaccinated eligibles","overall","overall"
"5",NA,"overall","overall","overall","overall","settings",NA,"result_type","character","summarise_cohort_attrition","overall","overall"
"5",NA,"overall","overall","overall","overall","settings",NA,"package_name","character","CohortCharacteristics","overall","overall"
"5",NA,"overall","overall","overall","overall","settings",NA,"package_version","character","1.1.1","overall","overall"
"5",NA,"overall","overall","overall","overall","settings",NA,"group","character","cohort_name","overall","overall"
"5",NA,"overall","overall","overall","overall","settings",NA,"strata","character","reason","overall","overall"
"5",NA,"overall","overall","overall","overall","settings",NA,"additional","character","reason_id","overall","overall"
"5",NA,"overall","overall","overall","overall","settings",NA,"min_cell_count","character","5","overall","overall"
"5",NA,"overall","overall","overall","overall","settings",NA,"cohort_definition_id","character","2","overall","overall"
"5",NA,"overall","overall","overall","overall","settings",NA,"table_name","character","Vaccinated eligibles","overall","overall"
"6",NA,"overall","overall","overall","overall","settings",NA,"result_type","character","summarise_cohort_attrition","overall","overall"
"6",NA,"overall","overall","overall","overall","settings",NA,"package_name","character","CohortCharacteristics","overall","overall"
"6",NA,"overall","overall","overall","overall","settings",NA,"package_version","character","1.1.1","overall","overall"
"6",NA,"overall","overall","overall","overall","settings",NA,"group","character","cohort_name","overall","overall"
"6",NA,"overall","overall","overall","overall","settings",NA,"strata","character","reason","overall","overall"
"6",NA,"overall","overall","overall","overall","settings",NA,"additional","character","reason_id","overall","overall"
"6",NA,"overall","overall","overall","overall","settings",NA,"min_cell_count","character","5","overall","overall"
"6",NA,"overall","overall","overall","overall","settings",NA,"cohort_definition_id","character","3","overall","overall"
"6",NA,"overall","overall","overall","overall","settings",NA,"table_name","character","Vaccinated eligibles","overall","overall"
"7",NA,"overall","overall","overall","overall","settings",NA,"result_type","character","summarise_cohort_attrition","overall","overall"
"7",NA,"overall","overall","overall","overall","settings",NA,"package_name","character","CohortCharacteristics","overall","overall"
"7",NA,"overall","overall","overall","overall","settings",NA,"package_version","character","1.1.1","overall","overall"
"7",NA,"overall","overall","overall","overall","settings",NA,"group","character","cohort_name","overall","overall"
"7",NA,"overall","overall","overall","overall","settings",NA,"strata","character","reason","overall","overall"
"7",NA,"overall","overall","overall","overall","settings",NA,"additional","character","reason_id","overall","overall"
"7",NA,"overall","overall","overall","overall","settings",NA,"min_cell_count","character","5","overall","overall"
"7",NA,"overall","overall","overall","overall","settings",NA,"cohort_definition_id","character","4","overall","overall"
"7",NA,"overall","overall","overall","overall","settings",NA,"table_name","character","Vaccinated eligibles","overall","overall"
"8",NA,"overall","overall","overall","overall","settings",NA,"result_type","character","summarise_cohort_attrition","overall","overall"
"8",NA,"overall","overall","overall","overall","settings",NA,"package_name","character","CohortCharacteristics","overall","overall"
"8",NA,"overall","overall","overall","overall","settings",NA,"package_version","character","1.1.1","overall","overall"
"8",NA,"overall","overall","overall","overall","settings",NA,"group","character","cohort_name","overall","overall"
"8",NA,"overall","overall","overall","overall","settings",NA,"strata","character","reason","overall","overall"
"8",NA,"overall","overall","overall","overall","settings",NA,"additional","character","reason_id","overall","overall"
"8",NA,"overall","overall","overall","overall","settings",NA,"min_cell_count","character","5","overall","overall"
"8",NA,"overall","overall","overall","overall","settings",NA,"cohort_definition_id","character","1","overall","overall"
"8",NA,"overall","overall","overall","overall","settings",NA,"table_name","character","Eligibles for vaccination","overall","overall"
"9",NA,"overall","overall","overall","overall","settings",NA,"result_type","character","summarise_cohort_attrition","overall","overall"
"9",NA,"overall","overall","overall","overall","settings",NA,"package_name","character","CohortCharacteristics","overall","overall"
"9",NA,"overall","overall","overall","overall","settings",NA,"package_version","character","1.1.1","overall","overall"
"9",NA,"overall","overall","overall","overall","settings",NA,"group","character","cohort_name","overall","overall"
"9",NA,"overall","overall","overall","overall","settings",NA,"strata","character","reason","overall","overall"
"9",NA,"overall","overall","overall","overall","settings",NA,"additional","character","reason_id","overall","overall"
"9",NA,"overall","overall","overall","overall","settings",NA,"min_cell_count","character","5","overall","overall"
"9",NA,"overall","overall","overall","overall","settings",NA,"cohort_definition_id","character","2","overall","overall"
"9",NA,"overall","overall","overall","overall","settings",NA,"table_name","character","Eligibles for vaccination","overall","overall"
"10",NA,"overall","overall","overall","overall","settings",NA,"result_type","character","summarise_cohort_attrition","overall","overall"
"10",NA,"overall","overall","overall","overall","settings",NA,"package_name","character","CohortCharacteristics","overall","overall"
"10",NA,"overall","overall","overall","overall","settings",NA,"package_version","character","1.1.1","overall","overall"
"10",NA,"overall","overall","overall","overall","settings",NA,"group","character","cohort_name","overall","overall"
"10",NA,"overall","overall","overall","overall","settings",NA,"strata","character","reason","overall","overall"
"10",NA,"overall","overall","overall","overall","settings",NA,"additional","character","reason_id","overall","overall"
"10",NA,"overall","overall","overall","overall","settings",NA,"min_cell_count","character","5","overall","overall"
"10",NA,"overall","overall","overall","overall","settings",NA,"cohort_definition_id","character","3","overall","overall"
"10",NA,"overall","overall","overall","overall","settings",NA,"table_name","character","Eligibles for vaccination","overall","overall"
"11",NA,"overall","overall","overall","overall","settings",NA,"result_type","character","summarise_cohort_attrition","overall","overall"
"11",NA,"overall","overall","overall","overall","settings",NA,"package_name","character","CohortCharacteristics","overall","overall"
"11",NA,"overall","overall","overall","overall","settings",NA,"package_version","character","1.1.1","overall","overall"
"11",NA,"overall","overall","overall","overall","settings",NA,"group","character","cohort_name","overall","overall"
"11",NA,"overall","overall","overall","overall","settings",NA,"strata","character","reason","overall","overall"
"11",NA,"overall","overall","overall","overall","settings",NA,"additional","character","reason_id","overall","overall"
"11",NA,"overall","overall","overall","overall","settings",NA,"min_cell_count","character","5","overall","overall"
"11",NA,"overall","overall","overall","overall","settings",NA,"cohort_definition_id","character","4","overall","overall"
"11",NA,"overall","overall","overall","overall","settings",NA,"table_name","character","Eligibles for vaccination","overall","overall"
"12",NA,"overall","overall","overall","overall","settings",NA,"result_type","character","summarise_log_file","overall","overall"
"12",NA,"overall","overall","overall","overall","settings",NA,"package_name","character","omopgenerics","overall","overall"
"12",NA,"overall","overall","overall","overall","settings",NA,"package_version","character","1.3.6","overall","overall"
"12",NA,"overall","overall","overall","overall","settings",NA,"group","character","","overall","overall"
"12",NA,"overall","overall","overall","overall","settings",NA,"strata","character","log_id","overall","overall"
"12",NA,"overall","overall","overall","overall","settings",NA,"additional","character","","overall","overall"
"12",NA,"overall","overall","overall","overall","settings",NA,"min_cell_count","character","5","overall","overall"
"13",NA,"overall","overall","overall","overall","settings",NA,"result_type","character","summarise_characteristics","overall","overall"
"13",NA,"overall","overall","overall","overall","settings",NA,"package_name","character","CohortCharacteristics","overall","overall"
"13",NA,"overall","overall","overall","overall","settings",NA,"package_version","character","1.1.1","overall","overall"
"13",NA,"overall","overall","overall","overall","settings",NA,"group","character","cohort_name","overall","overall"
"13",NA,"overall","overall","overall","overall","settings",NA,"strata","character","","overall","overall"
"13",NA,"overall","overall","overall","overall","settings",NA,"additional","character","","overall","overall"
"13",NA,"overall","overall","overall","overall","settings",NA,"min_cell_count","character","5","overall","overall"
"13",NA,"overall","overall","overall","overall","settings",NA,"table_name","character","Vaccinated eligibles","overall","overall"
"14",NA,"overall","overall","overall","overall","settings",NA,"result_type","character","summarise_characteristics","overall","overall"
"14",NA,"overall","overall","overall","overall","settings",NA,"package_name","character","CohortCharacteristics","overall","overall"
"14",NA,"overall","overall","overall","overall","settings",NA,"package_version","character","1.1.1","overall","overall"
"14",NA,"overall","overall","overall","overall","settings",NA,"group","character","cohort_name","overall","overall"
"14",NA,"overall","overall","overall","overall","settings",NA,"strata","character","","overall","overall"
"14",NA,"overall","overall","overall","overall","settings",NA,"additional","character","","overall","overall"
"14",NA,"overall","overall","overall","overall","settings",NA,"min_cell_count","character","5","overall","overall"
"14",NA,"overall","overall","overall","overall","settings",NA,"table_name","character","Eligibles for vaccination","overall","overall"
"15",NA,"overall","overall","overall","overall","settings",NA,"result_type","character","summarise_table","overall","overall"
"15",NA,"overall","overall","overall","overall","settings",NA,"package_name","character","PatientProfiles","overall","overall"
"15",NA,"overall","overall","overall","overall","settings",NA,"package_version","character","1.5.0","overall","overall"
"15",NA,"overall","overall","overall","overall","settings",NA,"group","character","cohort_name","overall","overall"
"15",NA,"overall","overall","overall","overall","settings",NA,"strata","character","region &&& imd &&& sex &&& ethnicity &&& prior_dose &&& immunosuppressed &&& age_group &&& age_eligibility","overall","overall"
"15",NA,"overall","overall","overall","overall","settings",NA,"additional","character","","overall","overall"
"15",NA,"overall","overall","overall","overall","settings",NA,"min_cell_count","character","5","overall","overall"
